Run Number,Run History Configuration ID,Instance ID,Response Value (y),Censored?,Cutoff Time Used,Seed,Runtime,Run Length,Run Result Code,Run Quality,SMAC Iteration,SMAC Cumulative Runtime,Run Result,Additional Algorithm Run Data,Wall Clock Time,
1,1,61,1000.0,0,1000.0,-1,90000.0,0.0,-1,1.0E9,0,90000.0,CRASHED,,8.634,
2,1,17,1000.0,0,1000.0,-1,90000.0,0.0,-1,1.0E9,1,180000.0,CRASHED,,10.133,
3,2,17,1000.0,0,1000.0,-1,90000.0,0.0,-1,1.0E9,1,270000.0,CRASHED,,8.698,
4,2,61,1000.0,0,1000.0,-1,90000.0,0.0,-1,1.0E9,1,360000.0,CRASHED,,6.663,
5,1,99,3.72624492645,0,1000.0,-1,3.72624492645,0.0,1,0.0,1,360003.72624492645,SAT,,3.75,
6,3,61,1000.0,0,1000.0,-1,90000.0,0.0,0,0.0,1,450003.72624492645,TIMEOUT,,1881.733,
7,3,17,1000.0,0,1000.0,-1,90000.0,0.0,-1,1.0E9,1,540003.7262449265,CRASHED,,5.962,
8,3,99,3.62737417221,0,5.849319313067197,-1,3.62737417221,0.0,1,0.0,1,540007.3536190987,SAT,,3.647,
