Run Number,Run History Configuration ID,Instance ID,Response Value (y),Censored?,Cutoff Time Used,Seed,Runtime,Run Length,Run Result Code,Run Quality,SMAC Iteration,SMAC Cumulative Runtime,Run Result,Additional Algorithm Run Data,Wall Clock Time,
1,1,154,1681.98546505,0,2000.0,-1,1681.98546505,0.0,1,0.0,0,1681.98546505,SAT,,1682.237,
2,1,55,5.30271697044,0,2000.0,-1,5.30271697044,0.0,1,0.0,1,1687.28818202044,SAT,,5.374,
3,2,55,6.09632015228,0,7.896132383841277,-1,6.09632015228,0.0,1,0.0,1,1693.38450217272,SAT,,6.179,
4,1,49,5.11708188057,0,2000.0,-1,5.11708188057,0.0,1,0.0,1,1698.50158405329,SAT,,5.175,
5,3,49,15.5489280224,0,7.654806960719824,-1,15.5489280224,0.0,1,0.0,1,1714.05051207569,SAT,,15.583,
