Run Number,Run History Configuration ID,Instance ID,Response Value (y),Censored?,Cutoff Time Used,Seed,Runtime,Run Length,Run Result Code,Run Quality,SMAC Iteration,SMAC Cumulative Runtime,Run Result,Additional Algorithm Run Data,Wall Clock Time,
1,1,154,1000.0,0,1000.0,-1,90000.0,0.0,0,0.0,0,90000.0,TIMEOUT,,1968.504,
2,1,129,1000.0,0,1000.0,-1,90000.0,0.0,-1,1.0E9,1,180000.0,CRASHED,,4.58,
3,2,129,1000.0,0,1000.0,-1,90000.0,0.0,0,0.0,1,270000.0,TIMEOUT,,1881.583,
4,2,154,1000.0,0,1000.0,-1,90000.0,0.0,0,0.0,1,360000.0,TIMEOUT,,1956.705,
5,1,85,6.89743804932,0,1000.0,-1,6.89743804932,0.0,1,0.0,1,360006.8974380493,SAT,,7.018,
6,3,154,1000.0,0,1000.0,-1,90000.0,0.0,0,0.0,1,450006.8974380493,TIMEOUT,,1957.931,
7,3,85,5.11153411865,0,1000.0,-1,5.11153411865,0.0,1,0.0,1,450012.00897216797,SAT,,5.169,
8,3,129,1000.0,0,1000.0,-1,90000.0,0.0,0,0.0,1,540012.008972168,TIMEOUT,,1881.641,
