Run Number,Run History Configuration ID,Instance ID,Response Value (y),Censored?,Cutoff Time Used,Seed,Runtime,Run Length,Run Result Code,Run Quality,SMAC Iteration,SMAC Cumulative Runtime,Run Result,Additional Algorithm Run Data,Wall Clock Time,
1,1,171,1115.56171894,0,2000.0,-1,1115.56171894,0.0,2,0.0,0,1115.56171894,UNSAT,,1115.758,
2,1,97,136.123364925,0,2000.0,-1,136.123364925,0.0,2,0.0,1,1251.685083865,UNSAT,,136.205,
3,2,97,1802.79317784,0,177.96297454123498,-1,1802.79317784,0.0,2,0.0,1,3054.478261705,UNSAT,,1802.874,
4,1,136,24.8390419483,0,2000.0,-1,24.8390419483,0.0,2,0.0,1,3079.3173036533,UNSAT,,24.99,
5,3,136,2000.0,0,33.29335459356308,-1,333.63334999999995,0.0,-1,1.0E9,1,3412.9506536533,CRASHED,Run Exceeded Captime -- Treating as CRASHED;Killed Manually,351.193,
