Run Number,Run History Configuration ID,Instance ID,Response Value (y),Censored?,Cutoff Time Used,Seed,Runtime,Run Length,Run Result Code,Run Quality,SMAC Iteration,SMAC Cumulative Runtime,Run Result,Additional Algorithm Run Data,Wall Clock Time,
1,1,171,1115.56171894,0,2000.0,-1,1115.56171894,0.0,2,0.0,0,1115.56171894,UNSAT,,1115.758,
2,1,97,136.123364925,0,2000.0,-1,136.123364925,0.0,2,0.0,1,1251.685083865,UNSAT,,136.205,
3,2,97,1802.79317784,0,177.96297454123498,-1,1802.79317784,0.0,2,0.0,1,3054.478261705,UNSAT,,1802.874,
4,1,136,24.8390419483,0,2000.0,-1,24.8390419483,0.0,2,0.0,1,3079.3173036533,UNSAT,,24.99,
5,3,136,2000.0,0,33.29335459356308,-1,333.63334999999995,0.0,-1,1.0E9,1,3412.9506536533,CRASHED,Run Exceeded Captime -- Treating as CRASHED;Killed Manually,351.193,
6,1,201,17.0785570145,0,2000.0,-1,17.0785570145,0.0,1,0.0,2,3430.0292106678,SAT,,17.125,
7,4,97,1113.4983201,0,177.96297454123498,-1,1113.4983201,0.0,2,0.0,2,4543.5275307678,UNSAT,,1113.544,
8,1,110,37.4203021526,0,2000.0,-1,37.4203021526,0.0,2,0.0,2,4580.9478329204,UNSAT,,37.549,
9,5,171,1805.26463699,0,1451.2328350808205,-1,1805.26463699,0.0,2,0.0,2,6386.212469910401,UNSAT,,1805.315,
