Run Number,Run History Configuration ID,Instance ID,Response Value (y),Censored?,Cutoff Time Used,Seed,Runtime,Run Length,Run Result Code,Run Quality,SMAC Iteration,SMAC Cumulative Runtime,Run Result,Additional Algorithm Run Data,Wall Clock Time,
1,1,7,11.0541470051,0,2000.0,-1,11.0541470051,0.0,2,0.0,0,11.0541470051,UNSAT,,11.193,
2,1,142,4.15128993988,0,2000.0,-1,4.15128993988,0.0,1,0.0,1,15.20543694498,SAT,,4.172,
3,2,142,3.6816239357,0,6.399277679967881,-1,3.6816239357,0.0,1,0.0,1,18.88706088068,SAT,,3.709,
4,2,7,6.72700405121,0,15.984857537198067,-1,6.72700405121,0.0,2,0.0,1,25.61406493189,UNSAT,,6.768,
5,2,111,4.17215394974,0,2000.0,-1,4.17215394974,0.0,1,0.0,1,29.78621888163,SAT,,4.203,
6,3,142,2000.0,0,5.788711913275718,-1,58.5124,0.0,-1,1.0E9,1,88.29861888163,CRASHED,Run Exceeded Captime -- Treating as CRASHED;Killed Manually,61.592,
