Run Number,Run History Configuration ID,Instance ID,Response Value (y),Censored?,Cutoff Time Used,Seed,Runtime,Run Length,Run Result Code,Run Quality,SMAC Iteration,SMAC Cumulative Runtime,Run Result,Additional Algorithm Run Data,Wall Clock Time,
1,1,128,1000.0,0,1000.0,-1,90000.0,0.0,0,0.0,0,90000.0,TIMEOUT,,1882.127,
2,1,46,1000.0,0,1000.0,-1,90000.0,0.0,-1,1.0E9,1,180000.0,CRASHED,,11.215,
3,2,128,1000.0,0,1000.0,-1,90000.0,0.0,0,0.0,1,270000.0,TIMEOUT,,1882.077,
4,2,46,5.43552994728,0,1000.0,-1,5.43552994728,0.0,1,0.0,1,270005.4355299473,SAT,,5.455,
5,2,130,3.53876399994,0,1000.0,-1,3.53876399994,0.0,1,0.0,1,270008.9742939472,SAT,,3.57,
6,3,46,12.0994668007,0,8.068789437758923,-1,12.0994668007,0.0,1,0.0,1,270021.0737607479,SAT,,12.137,
