Run Number,Run History Configuration ID,Instance ID,Response Value (y),Censored?,Cutoff Time Used,Seed,Runtime,Run Length,Run Result Code,Run Quality,SMAC Iteration,SMAC Cumulative Runtime,Run Result,Additional Algorithm Run Data,Wall Clock Time,
1,1,878,10.3282859325,0,2000.0,-1,10.3282859325,0.0,1,0.0,0,10.3282859325,SAT,,11.156,
2,1,1187,201.485199928,0,2000.0,-1,201.485199928,0.0,1,0.0,1,211.81348586049998,SAT,,201.581,
3,2,878,21.8850588799,0,14.429372538226843,-1,21.8850588799,0.0,1,0.0,1,233.6985447404,SAT,,22.28,
4,1,2011,599.517646074,0,2000.0,-1,599.517646074,0.0,1,0.0,1,833.2161908144001,SAT,,600.965,
5,3,2011,530.289849997,0,780.3755404319346,-1,530.289849997,0.0,1,0.0,1,1363.5060408114,SAT,,530.662,
6,3,1187,118.033329964,0,366.3588666248798,-1,118.033329964,0.0,1,0.0,1,1481.5393707754,SAT,,118.123,
7,3,878,8.69193792343,0,212.9155376817763,-1,8.69193792343,0.0,1,0.0,1,1490.23130869883,SAT,,8.753,
