Run Number,Run History Configuration ID,Instance ID,Response Value (y),Censored?,Cutoff Time Used,Seed,Runtime,Run Length,Run Result Code,Run Quality,SMAC Iteration,SMAC Cumulative Runtime,Run Result,Additional Algorithm Run Data,Wall Clock Time,
1,1,10,900.0,0,900.0,-1,90000.0,0.0,-1,1.0E9,0,90000.0,CRASHED,,8.331,
2,1,383,900.0,0,900.0,-1,90000.0,0.0,-1,1.0E9,1,180000.0,CRASHED,,5.422,
3,2,10,18.1926989555,0,900.0,-1,18.1926989555,0.0,1,0.0,1,180018.1926989555,SAT,,18.299,
4,2,383,900.0,0,900.0,-1,90000.0,0.0,0,0.0,1,270018.19269895554,TIMEOUT,,1881.781,
5,2,180,57.2106249332,0,900.0,-1,57.2106249332,0.0,1,0.0,1,270075.4033238887,SAT,,57.237,
6,3,180,900.0,0,75.37641324882507,-1,90000.0,0.0,-1,1.0E9,1,360075.4033238887,CRASHED,,30.14,
