Run Number,Run History Configuration ID,Instance ID,Response Value (y),Censored?,Cutoff Time Used,Seed,Runtime,Run Length,Run Result Code,Run Quality,SMAC Iteration,SMAC Cumulative Runtime,Run Result,Additional Algorithm Run Data,Wall Clock Time,
1,1,58,1802.71150088,0,2000.0,-1,1802.71150088,0.0,1,0.0,0,1802.71150088,SAT,,1802.94,
2,1,236,65.0630970001,0,2000.0,-1,65.0630970001,0.0,1,0.0,1,1867.7745978801,SAT,,65.16,
3,2,58,1801.74722004,0,2000.0,-1,1801.74722004,0.0,1,0.0,1,3669.5218179201,SAT,,1801.783,
4,2,236,283.431576014,0,86.8394916768849,-1,283.431576014,0.0,1,0.0,1,3952.9533939341,SAT,,283.479,
5,1,239,396.853887081,0,2000.0,-1,396.853887081,0.0,1,0.0,1,4349.8072810151,SAT,,397.083,
6,3,236,61.1875610352,0,85.58462708105446,-1,61.1875610352,0.0,1,0.0,1,4410.9948420503,SAT,,61.259,
7,3,58,1802.24346495,0,2000.0,-1,1802.24346495,0.0,1,0.0,1,6213.2383070003,SAT,,1802.321,
8,3,239,481.680652142,0,522.561897140342,-1,481.680652142,0.0,1,0.0,1,6694.9189591423,SAT,,481.716,
