Run Number,Run History Configuration ID,Instance ID,Response Value (y),Censored?,Cutoff Time Used,Seed,Runtime,Run Length,Run Result Code,Run Quality,SMAC Iteration,SMAC Cumulative Runtime,Run Result,Additional Algorithm Run Data,Wall Clock Time,
1,1,187,900.0,0,900.0,-1,90000.0,0.0,-1,1.0E9,0,90000.0,CRASHED,,554.76,
2,1,160,900.0,0,900.0,-1,90000.0,0.0,-1,1.0E9,1,180000.0,CRASHED,,123.748,
3,2,187,900.0,0,900.0,-1,90000.0,0.0,0,0.0,1,270000.0,TIMEOUT,,1883.416,
4,2,160,237.103543043,0,900.0,-1,237.103543043,0.0,1,0.0,1,270237.103543043,SAT,,237.151,
5,2,393,900.0,0,900.0,-1,90000.0,0.0,0,0.0,1,360237.103543043,TIMEOUT,,1881.956,
6,3,393,900.0,0,900.0,-1,90000.0,0.0,-1,1.0E9,1,450237.103543043,CRASHED,,6.963,
7,3,187,900.0,0,900.0,-1,90000.0,0.0,-1,1.0E9,1,540237.103543043,CRASHED,,29.184,
8,3,160,900.0,0,309.23980654996933,-1,90000.0,0.0,-1,1.0E9,1,630237.103543043,CRASHED,,27.201,
