Run Number,Run History Configuration ID,Instance ID,Response Value (y),Censored?,Cutoff Time Used,Seed,Runtime,Run Length,Run Result Code,Run Quality,SMAC Iteration,SMAC Cumulative Runtime,Run Result,Additional Algorithm Run Data,Wall Clock Time,
1,1,104,1000.0,0,1000.0,-1,90000.0,0.0,-1,1.0E9,0,90000.0,CRASHED,,17.157,
2,1,20,1000.0,0,1000.0,-1,90000.0,0.0,-1,1.0E9,1,180000.0,CRASHED,,5.037,
3,2,20,4.9993789196,0,1000.0,-1,4.9993789196,0.0,1,0.0,1,180004.9993789196,SAT,,5.028,
4,2,104,47.3243808746,0,1000.0,-1,47.3243808746,0.0,1,0.0,1,180052.3237597942,SAT,,47.353,
5,2,84,3.56723999977,0,1000.0,-1,3.56723999977,0.0,1,0.0,1,180055.89099979398,SAT,,3.596,
6,3,104,1000.0,0,62.52429540117383,-1,90000.0,0.0,-1,1.0E9,1,270055.890999794,CRASHED,,20.93,
