Run Number,Run History Configuration ID,Instance ID,Response Value (y),Censored?,Cutoff Time Used,Seed,Runtime,Run Length,Run Result Code,Run Quality,SMAC Iteration,SMAC Cumulative Runtime,Run Result,Additional Algorithm Run Data,Wall Clock Time,
1,1,57,4.21951508522,0,2000.0,-1,4.21951508522,0.0,1,0.0,0,4.21951508522,SAT,,4.337,
2,1,13,4.99411010742,0,2000.0,-1,4.99411010742,0.0,2,0.0,1,9.21362519264,UNSAT,,5.037,
3,2,13,5.19912195206,0,7.494943578141928,-1,5.19912195206,0.0,2,0.0,1,14.412747144699999,UNSAT,,5.248,
4,1,80,4.66452002525,0,2000.0,-1,4.66452002525,0.0,2,0.0,1,19.077267169949998,UNSAT,,4.807,
5,3,13,4.92552495003,0,7.494943578141928,-1,4.92552495003,0.0,2,0.0,1,24.002792119979997,UNSAT,,4.952,
6,3,57,3.94640016556,0,12.64360750873685,-1,3.94640016556,0.0,1,0.0,1,27.949192285539997,SAT,,3.979,
7,3,80,4.09516096115,0,7.513287186968327,-1,4.09516096115,0.0,2,0.0,1,32.044353246689994,UNSAT,,4.124,
