Run Number,Run History Configuration ID,Instance ID,Response Value (y),Censored?,Cutoff Time Used,Seed,Runtime,Run Length,Run Result Code,Run Quality,SMAC Iteration,SMAC Cumulative Runtime,Run Result,Additional Algorithm Run Data,Wall Clock Time,
1,1,63,3.9358150959,0,2000.0,-1,3.9358150959,0.0,1,0.0,0,3.9358150959,SAT,,4.047,
2,1,121,3.86605000496,0,2000.0,-1,3.86605000496,0.0,1,0.0,1,7.80186510086,SAT,,3.983,
3,2,63,4.83217191696,0,6.119160808968544,-1,4.83217191696,0.0,1,0.0,1,12.634037017819999,SAT,,4.885,
4,1,56,5.79561710358,0,2000.0,-1,5.79561710358,0.0,1,0.0,1,18.4296541214,SAT,,5.829,
5,3,56,4.59955787659,0,8.536903176802397,-1,4.59955787659,0.0,1,0.0,1,23.029211997989997,SAT,,4.634,
6,3,63,3.33712887764,0,12.702501740652323,-1,3.33712887764,0.0,1,0.0,1,26.366340875629998,SAT,,3.369,
7,3,121,3.25562596321,0,8.364235226410628,-1,3.25562596321,0.0,1,0.0,1,29.62196683884,SAT,,3.271,
