Run Number,Run History Configuration ID,Instance ID,Response Value (y),Censored?,Cutoff Time Used,Seed,Runtime,Run Length,Run Result Code,Run Quality,SMAC Iteration,SMAC Cumulative Runtime,Run Result,Additional Algorithm Run Data,Wall Clock Time,
1,1,88,1100.0,0,1100.0,-1,90000.0,0.0,-1,1.0E9,0,90000.0,CRASHED,,124.609,
2,1,42,1100.0,0,1100.0,-1,90000.0,0.0,-1,1.0E9,1,180000.0,CRASHED,,9.168,
3,2,42,3.89212679863,0,1100.0,-1,3.89212679863,0.0,1,0.0,1,180003.89212679863,SAT,,3.94,
4,2,88,1100.0,0,1100.0,-1,90000.0,0.0,0,0.0,1,270003.89212679863,TIMEOUT,,1881.843,
5,2,31,1100.0,0,1100.0,-1,90000.0,0.0,0,0.0,1,360003.89212679863,TIMEOUT,,1882.044,
6,3,42,4.60122013092,0,6.06236523796916,-1,4.60122013092,0.0,1,0.0,1,360008.49334692955,SAT,,4.699,
