Run Number,Run History Configuration ID,Instance ID,Response Value (y),Censored?,Cutoff Time Used,Seed,Runtime,Run Length,Run Result Code,Run Quality,SMAC Iteration,SMAC Cumulative Runtime,Run Result,Additional Algorithm Run Data,Wall Clock Time,
1,1,63,1000.0,0,1000.0,-1,90000.0,0.0,-1,1.0E9,0,90000.0,CRASHED,,6.502,
2,1,40,1000.0,0,1000.0,-1,90000.0,0.0,-1,1.0E9,1,180000.0,CRASHED,,7.002,
3,2,40,6.34358406067,0,1000.0,-1,6.34358406067,0.0,1,0.0,1,180006.34358406067,SAT,,6.388,
4,2,63,7.71789002419,0,1000.0,-1,7.71789002419,0.0,1,0.0,1,180014.06147408485,SAT,,7.743,
5,2,130,5.35233902931,0,1000.0,-1,5.35233902931,0.0,1,0.0,1,180019.41381311417,SAT,,5.385,
6,3,63,1000.0,0,11.035858176994324,-1,90000.0,0.0,-1,1.0E9,1,270019.41381311417,CRASHED,,5.163,
