Run Number,Run History Configuration ID,Instance ID,Response Value (y),Censored?,Cutoff Time Used,Seed,Runtime,Run Length,Run Result Code,Run Quality,SMAC Iteration,SMAC Cumulative Runtime,Run Result,Additional Algorithm Run Data,Wall Clock Time,
1,1,49,1000.0,0,1000.0,-1,90000.0,0.0,-1,1.0E9,0,90000.0,CRASHED,,6.507,
2,1,33,1000.0,0,1000.0,-1,90000.0,0.0,-1,1.0E9,1,180000.0,CRASHED,,7.77,
3,2,49,6.90731596947,0,1000.0,-1,6.90731596947,0.0,1,0.0,1,180006.90731596947,SAT,,6.958,
4,2,33,13.523419857,0,1000.0,-1,13.523419857,0.0,1,0.0,1,180020.43073582646,SAT,,13.561,
5,2,103,3.99445319176,0,1000.0,-1,3.99445319176,0.0,1,0.0,1,180024.42518901822,SAT,,4.024,
6,3,33,12.4685330391,0,18.583046727228165,-1,12.4685330391,0.0,1,0.0,1,180036.8937220573,SAT,,12.509,
7,3,103,3.98703813553,0,16.54885298420787,-1,3.98703813553,0.0,1,0.0,1,180040.88076019284,SAT,,4.022,
8,3,49,6.19809794426,0,11.365704134452344,-1,6.19809794426,0.0,1,0.0,1,180047.0788581371,SAT,,6.23,
