Run Number,Run History Configuration ID,Instance ID,Response Value (y),Censored?,Cutoff Time Used,Seed,Runtime,Run Length,Run Result Code,Run Quality,SMAC Iteration,SMAC Cumulative Runtime,Run Result,Additional Algorithm Run Data,Wall Clock Time,
1,1,56,1000.0,0,1000.0,-1,90000.0,0.0,-1,1.0E9,0,90000.0,CRASHED,,5.96,
2,1,119,6.14386105537,0,1000.0,-1,6.14386105537,0.0,1,0.0,1,90006.14386105537,SAT,,6.19,
3,2,119,6.54823684692,0,8.989620197910071,-1,6.54823684692,0.0,1,0.0,1,90012.6920979023,SAT,,6.594,
4,1,1,1000.0,0,1000.0,-1,90000.0,0.0,-1,1.0E9,1,180012.6920979023,CRASHED,,8.096,
5,3,56,1000.0,0,1000.0,-1,90000.0,0.0,-1,1.0E9,1,270012.6920979023,CRASHED,,4.682,
6,3,1,1000.0,0,1000.0,-1,90000.0,0.0,-1,1.0E9,1,360012.6920979023,CRASHED,,9.303,
7,3,119,12.0653569698,0,8.99221961234808,-1,12.0653569698,0.0,1,0.0,1,360024.7574548721,SAT,,12.099,
