Run Number,Run History Configuration ID,Instance ID,Response Value (y),Censored?,Cutoff Time Used,Seed,Runtime,Run Length,Run Result Code,Run Quality,SMAC Iteration,SMAC Cumulative Runtime,Run Result,Additional Algorithm Run Data,Wall Clock Time,
1,1,102,900.0,0,900.0,-1,90000.0,0.0,-1,1.0E9,0,90000.0,CRASHED,,126.583,
2,1,457,900.0,0,900.0,-1,90000.0,0.0,-1,1.0E9,1,180000.0,CRASHED,,5.76,
3,2,102,221.989027977,0,900.0,-1,221.989027977,0.0,1,0.0,1,180221.989027977,SAT,,222.017,
4,2,457,900.0,0,900.0,-1,90000.0,0.0,0,0.0,1,270221.989027977,TIMEOUT,,1882.247,
5,2,563,4.57329702377,0,900.0,-1,4.57329702377,0.0,1,0.0,1,270226.56232500076,SAT,,4.602,
6,3,457,900.0,0,900.0,-1,90000.0,0.0,-1,1.0E9,1,360226.56232500076,CRASHED,,5.256,
7,3,563,900.0,0,295.53622308035494,-1,90000.0,0.0,-1,1.0E9,1,450226.56232500076,CRASHED,,4.906,
