Run Number,Run History Configuration ID,Instance ID,Response Value (y),Censored?,Cutoff Time Used,Seed,Runtime,Run Length,Run Result Code,Run Quality,SMAC Iteration,SMAC Cumulative Runtime,Run Result,Additional Algorithm Run Data,Wall Clock Time,
1,1,250,1407.185004,0,2000.0,-1,1407.185004,0.0,1,0.0,0,1407.185004,SAT,,1407.372,
2,1,116,58.5456521511,0,2000.0,-1,58.5456521511,0.0,2,0.0,1,1465.7306561511,UNSAT,,58.623,
3,2,116,93.4367239475,0,77.1119489226222,-1,93.4367239475,0.0,2,0.0,1,1559.1673800986,UNSAT,,93.485,
4,1,216,59.6960740089,0,2000.0,-1,59.6960740089,0.0,1,0.0,1,1618.8634541075,SAT,,59.779,
5,3,216,2000.0,0,78.60749726032019,-1,786.6465499999999,0.0,-1,1.0E9,1,2405.5100041075,CRASHED,Run Exceeded Captime -- Treating as CRASHED;Killed Manually,828.049,
