Run Number,Run History Configuration ID,Instance ID,Response Value (y),Censored?,Cutoff Time Used,Seed,Runtime,Run Length,Run Result Code,Run Quality,SMAC Iteration,SMAC Cumulative Runtime,Run Result,Additional Algorithm Run Data,Wall Clock Time,
1,1,63,1000.0,0,1000.0,-1,90000.0,0.0,-1,1.0E9,0,90000.0,CRASHED,,4.549,
2,1,133,1000.0,0,1000.0,-1,90000.0,0.0,-1,1.0E9,1,180000.0,CRASHED,,5.773,
3,2,133,1000.0,0,1000.0,-1,90000.0,0.0,0,0.0,1,270000.0,TIMEOUT,,1881.689,
4,2,63,3.2147090435,0,1000.0,-1,3.2147090435,0.0,1,0.0,1,270003.2147090435,SAT,,3.251,
5,2,71,4.09150910378,0,1000.0,-1,4.09150910378,0.0,1,0.0,1,270007.3062181473,SAT,,4.124,
6,3,71,4.07632398605,0,6.32156281580329,-1,4.07632398605,0.0,1,0.0,1,270011.38254213333,SAT,,4.123,
7,3,133,881.449033022,0,1000.0,-1,881.449033022,0.0,1,0.0,1,270892.8315751553,SAT,,881.485,
8,3,63,3.63501906395,0,1000.0,-1,3.63501906395,0.0,1,0.0,1,270896.46659421927,SAT,,3.697,
