Run Number,Run History Configuration ID,Instance ID,Response Value (y),Censored?,Cutoff Time Used,Seed,Runtime,Run Length,Run Result Code,Run Quality,SMAC Iteration,SMAC Cumulative Runtime,Run Result,Additional Algorithm Run Data,Wall Clock Time,
1,1,131,4.68817210197,0,1000.0,-1,4.68817210197,0.0,1,0.0,0,4.68817210197,SAT,,4.779,
2,1,42,1000.0,0,1000.0,-1,90000.0,0.0,-1,1.0E9,1,90004.68817210197,CRASHED,,6.803,
3,2,42,7.45408582687,0,1000.0,-1,7.45408582687,0.0,1,0.0,1,90012.14225792885,SAT,,7.54,
4,2,131,5.51611995697,0,1000.0,-1,5.51611995697,0.0,1,0.0,1,90017.65837788582,SAT,,5.539,
5,2,72,8.66493296623,0,1000.0,-1,8.66493296623,0.0,1,0.0,1,90026.32331085205,SAT,,8.694,
6,3,42,5.08476996422,0,10.692912236201764,-1,5.08476996422,0.0,1,0.0,1,90031.40808081627,SAT,,5.131,
7,3,131,3.35525918007,0,22.52068015595079,-1,3.35525918007,0.0,1,0.0,1,90034.76333999634,SAT,,3.372,
8,3,72,4.97999405861,0,18.15884335746169,-1,4.97999405861,0.0,1,0.0,1,90039.74333405495,SAT,,5.001,
