Run Number,Run History Configuration ID,Instance ID,Response Value (y),Censored?,Cutoff Time Used,Seed,Runtime,Run Length,Run Result Code,Run Quality,SMAC Iteration,SMAC Cumulative Runtime,Run Result,Additional Algorithm Run Data,Wall Clock Time,
1,1,11,1000.0,0,1000.0,-1,90000.0,0.0,-1,1.0E9,0,90000.0,CRASHED,,8.405,
2,1,100,1000.0,0,1000.0,-1,90000.0,0.0,-1,1.0E9,1,180000.0,CRASHED,,9.989,
3,2,11,5.00433897972,0,1000.0,-1,5.00433897972,0.0,1,0.0,1,180005.00433897972,SAT,,5.049,
4,2,100,4.62203001976,0,1000.0,-1,4.62203001976,0.0,1,0.0,1,180009.62636899948,SAT,,4.649,
5,2,42,4.44275712967,0,1000.0,-1,4.44275712967,0.0,1,0.0,1,180014.06912612915,SAT,,4.476,
6,3,11,5.20401787758,0,7.508240908730031,-1,5.20401787758,0.0,1,0.0,1,180019.27314400673,SAT,,5.23,
