Run Number,Run History Configuration ID,Instance ID,Response Value (y),Censored?,Cutoff Time Used,Seed,Runtime,Run Length,Run Result Code,Run Quality,SMAC Iteration,SMAC Cumulative Runtime,Run Result,Additional Algorithm Run Data,Wall Clock Time,
1,1,110,8.44272994995,0,2000.0,-1,8.44272994995,0.0,1,0.0,0,8.44272994995,SAT,,8.56,
2,1,129,3.4645421505,0,2000.0,-1,3.4645421505,0.0,1,0.0,1,11.90727210045,SAT,,3.495,
3,2,129,13.1590981483,0,5.50650534068346,-1,13.1590981483,0.0,1,0.0,1,25.066370248749998,SAT,,13.198,
4,1,27,8.52527093887,0,2000.0,-1,8.52527093887,0.0,2,0.0,1,33.59164118762,UNSAT,,8.571,
5,3,129,4.32854914665,0,5.50650534068346,-1,4.32854914665,0.0,1,0.0,1,37.920190334269996,SAT,,4.356,
