Run Number,Run History Configuration ID,Instance ID,Response Value (y),Censored?,Cutoff Time Used,Seed,Runtime,Run Length,Run Result Code,Run Quality,SMAC Iteration,SMAC Cumulative Runtime,Run Result,Additional Algorithm Run Data,Wall Clock Time,
1,1,2454,455.566900015,0,2000.0,-1,455.566900015,0.0,1,0.0,0,455.566900015,SAT,,455.91,
2,1,1613,676.388417006,0,2000.0,-1,676.388417006,0.0,1,0.0,1,1131.9553170210002,SAT,,676.528,
3,2,1613,1814.82551098,0,880.3075428943813,-1,1814.82551098,0.0,1,0.0,1,2946.7808280010004,SAT,,1814.893,
4,1,1997,517.338342905,0,2000.0,-1,517.338342905,0.0,1,0.0,1,3464.1191709060004,SAT,,517.394,
5,3,1613,997.389039993,0,880.3075428943813,-1,997.389039993,0.0,1,0.0,1,4461.508210899,SAT,,997.5,
