Run Number,Run History Configuration ID,Instance ID,Response Value (y),Censored?,Cutoff Time Used,Seed,Runtime,Run Length,Run Result Code,Run Quality,SMAC Iteration,SMAC Cumulative Runtime,Run Result,Additional Algorithm Run Data,Wall Clock Time,
1,1,38,4.12363290787,0,2000.0,-1,4.12363290787,0.0,1,0.0,0,4.12363290787,SAT,,4.237,
2,1,106,3.54873299599,0,2000.0,-1,3.54873299599,0.0,1,0.0,1,7.67236590386,SAT,,3.57,
3,2,38,3.8441119194,0,6.363322947520018,-1,3.8441119194,0.0,1,0.0,1,11.51647782326,SAT,,3.88,
4,2,106,5.17007112503,0,5.98063030128479,-1,5.17007112503,0.0,1,0.0,1,16.68654894829,SAT,,5.207,
5,1,95,4.28234004974,0,2000.0,-1,4.28234004974,0.0,1,0.0,1,20.96888899803,SAT,,4.324,
6,3,95,3.56774616241,0,6.569642842161656,-1,3.56774616241,0.0,1,0.0,1,24.53663516044,SAT,,3.598,
7,3,38,3.69599485397,0,11.908248056071997,-1,3.69599485397,0.0,1,0.0,1,28.23263001441,SAT,,3.73,
8,3,106,4.7884581089,0,7.103455055850745,-1,4.7884581089,0.0,1,0.0,1,33.02108812331,SAT,,4.834,
