Run Number,Run History Configuration ID,Instance ID,Response Value (y),Censored?,Cutoff Time Used,Seed,Runtime,Run Length,Run Result Code,Run Quality,SMAC Iteration,SMAC Cumulative Runtime,Run Result,Additional Algorithm Run Data,Wall Clock Time,
1,1,541,900.0,0,900.0,-1,90000.0,0.0,-1,1.0E9,0,90000.0,CRASHED,,5.97,
2,1,425,900.0,0,900.0,-1,90000.0,0.0,-1,1.0E9,1,180000.0,CRASHED,,5.195,
3,2,425,4.17988491058,0,900.0,-1,4.17988491058,0.0,1,0.0,1,180004.17988491058,SAT,,4.224,
4,2,541,4.35558199883,0,900.0,-1,4.35558199883,0.0,1,0.0,1,180008.5354669094,SAT,,4.374,
5,2,222,900.0,0,900.0,-1,90000.0,0.0,0,0.0,1,270008.5354669094,TIMEOUT,,1882.861,
6,3,222,900.0,0,900.0,-1,90000.0,0.0,0,0.0,1,360008.5354669094,TIMEOUT,,1882.693,
7,3,425,900.0,0,12.101307183849812,-1,121.68645000000001,0.0,-1,1.0E9,1,360130.2219169094,CRASHED,Run Exceeded Captime -- Treating as CRASHED;Killed Manually,128.091,
