Run Number,Run History Configuration ID,Instance ID,Response Value (y),Censored?,Cutoff Time Used,Seed,Runtime,Run Length,Run Result Code,Run Quality,SMAC Iteration,SMAC Cumulative Runtime,Run Result,Additional Algorithm Run Data,Wall Clock Time,
1,1,6,6.46860718727,0,2000.0,-1,6.46860718727,0.0,2,0.0,0,6.46860718727,UNSAT,,6.566,
2,1,143,63.7599020004,0,2000.0,-1,63.7599020004,0.0,1,0.0,1,70.22850918767,SAT,,63.789,
3,2,143,2000.0,0,83.89047355239391,-1,839.7819499999999,0.0,-1,1.0E9,1,910.01045918767,CRASHED,Run Exceeded Captime -- Treating as CRASHED;Killed Manually,883.981,
4,1,119,3.76249694824,0,2000.0,-1,3.76249694824,0.0,1,0.0,1,913.77295613591,SAT,,3.78,
5,3,143,830.284717083,0,83.89047355239391,-1,830.284717083,0.0,1,0.0,1,1744.0576732189102,SAT,,830.353,
