Run Number,Run History Configuration ID,Instance ID,Response Value (y),Censored?,Cutoff Time Used,Seed,Runtime,Run Length,Run Result Code,Run Quality,SMAC Iteration,SMAC Cumulative Runtime,Run Result,Additional Algorithm Run Data,Wall Clock Time,
1,1,6,6.46860718727,0,2000.0,-1,6.46860718727,0.0,2,0.0,0,6.46860718727,UNSAT,,6.566,
2,1,143,63.7599020004,0,2000.0,-1,63.7599020004,0.0,1,0.0,1,70.22850918767,SAT,,63.789,
3,2,143,2000.0,0,83.89047355239391,-1,839.7819499999999,0.0,-1,1.0E9,1,910.01045918767,CRASHED,Run Exceeded Captime -- Treating as CRASHED;Killed Manually,883.981,
4,1,119,3.76249694824,0,2000.0,-1,3.76249694824,0.0,1,0.0,1,913.77295613591,SAT,,3.78,
5,3,143,830.284717083,0,83.89047355239391,-1,830.284717083,0.0,1,0.0,1,1744.0576732189102,SAT,,830.353,
6,1,17,5.62660598755,0,2000.0,-1,5.62660598755,0.0,2,0.0,2,1749.6842792064601,UNSAT,,5.748,
7,4,119,4.91891002655,0,5.893847149211168,-1,4.91891002655,0.0,1,0.0,2,1754.6031892330102,SAT,,4.97,
8,1,61,6.91170597076,0,2000.0,-1,6.91170597076,0.0,1,0.0,2,1761.5148952037703,SAT,,7.047,
9,5,17,5.69410514832,0,8.31718788330555,-1,5.69410514832,0.0,2,0.0,2,1767.2090003520902,UNSAT,,5.734,
