Run Number,Run History Configuration ID,Instance ID,Response Value (y),Censored?,Cutoff Time Used,Seed,Runtime,Run Length,Run Result Code,Run Quality,SMAC Iteration,SMAC Cumulative Runtime,Run Result,Additional Algorithm Run Data,Wall Clock Time,
1,1,21,180.118016958,0,2000.0,-1,180.118016958,0.0,2,0.0,0,180.118016958,UNSAT,,180.312,
2,1,55,949.461536884,0,2000.0,-1,949.461536884,0.0,1,0.0,1,1129.579553842,SAT,,949.532,
3,2,55,1802.370646,0,1235.3025989498674,-1,1802.370646,0.0,1,0.0,1,2931.950199842,SAT,,1802.451,
4,1,175,280.241927147,0,2000.0,-1,280.241927147,0.0,2,0.0,1,3212.192126989,UNSAT,,280.277,
5,3,55,920.526226044,0,1235.3025989498674,-1,920.526226044,0.0,1,0.0,1,4132.718353033,SAT,,920.65,
6,3,175,205.262187958,0,637.0890317376435,-1,205.262187958,0.0,2,0.0,1,4337.980540991,UNSAT,,205.331,
7,3,21,163.885201931,0,370.2481875087797,-1,163.885201931,0.0,2,0.0,1,4501.865742922,UNSAT,,163.94,
