Run Number,Run History Configuration ID,Instance ID,Response Value (y),Censored?,Cutoff Time Used,Seed,Runtime,Run Length,Run Result Code,Run Quality,SMAC Iteration,SMAC Cumulative Runtime,Run Result,Additional Algorithm Run Data,Wall Clock Time,
1,1,130,3.94495606422,0,2000.0,-1,3.94495606422,0.0,1,0.0,0,3.94495606422,SAT,,4.068,
2,1,126,3.68307995796,0,2000.0,-1,3.68307995796,0.0,1,0.0,1,7.62803602218,SAT,,3.706,
3,2,126,15.013158083,0,5.7906042676150795,-1,15.013158083,0.0,1,0.0,1,22.64119410518,SAT,,15.042,
4,1,90,3.95002007484,0,2000.0,-1,3.95002007484,0.0,1,0.0,1,26.59121418002,SAT,,4.066,
5,3,130,18.4599659443,0,6.13104401935935,-1,18.4599659443,0.0,1,0.0,1,45.05118012432,SAT,,18.496,
6,1,11,1802.36289215,0,2000.0,-1,1802.36289215,0.0,2,0.0,2,1847.41407227432,UNSAT,,1802.427,
7,4,11,1803.50777793,0,2000.0,-1,1803.50777793,0.0,2,0.0,2,3650.92185020432,UNSAT,,1803.589,
8,1,82,52.2170689106,0,2000.0,-1,52.2170689106,0.0,1,0.0,2,3703.13891911492,SAT,,52.259,
9,5,90,4.38583993912,0,6.1376267004489895,-1,4.38583993912,0.0,1,0.0,2,3707.5247590540403,SAT,,4.425,
