Run Number,Run History Configuration ID,Instance ID,Response Value (y),Censored?,Cutoff Time Used,Seed,Runtime,Run Length,Run Result Code,Run Quality,SMAC Iteration,SMAC Cumulative Runtime,Run Result,Additional Algorithm Run Data,Wall Clock Time,
1,1,2124,773.516853094,0,2000.0,-1,773.516853094,0.0,1,0.0,0,773.516853094,SAT,,773.731,
2,1,1856,994.950505972,0,2000.0,-1,994.950505972,0.0,1,0.0,1,1768.467359066,SAT,,995.025,
3,2,2124,772.460675001,0,1006.5745096545398,-1,772.460675001,0.0,1,0.0,1,2540.928034067,SAT,,772.525,
4,2,1856,1808.75430298,0,1295.8125903162836,-1,1808.75430298,0.0,1,0.0,1,4349.682337047,SAT,,1808.815,
5,1,2267,1993.78074884,0,2000.0,-1,1993.78074884,0.0,1,0.0,1,6343.4630858870005,SAT,,1993.824,
6,3,2267,1151.15609503,0,2000.0,-1,1151.15609503,0.0,1,0.0,1,7494.619180917,SAT,,1151.214,
7,3,2124,1679.89894414,0,2000.0,-1,1679.89894414,0.0,1,0.0,1,9174.518125057,SAT,,1679.966,
8,3,1856,1008.03595996,0,1211.5561901483416,-1,1008.03595996,0.0,1,0.0,1,10182.554085017,SAT,,1008.104,
