Run Number,Run History Configuration ID,Instance ID,Response Value (y),Censored?,Cutoff Time Used,Seed,Runtime,Run Length,Run Result Code,Run Quality,SMAC Iteration,SMAC Cumulative Runtime,Run Result,Additional Algorithm Run Data,Wall Clock Time,
1,1,249,224.195429087,0,2000.0,-1,224.195429087,0.0,1,0.0,0,224.195429087,SAT,,224.487,
2,1,238,73.0245199203,0,2000.0,-1,73.0245199203,0.0,1,0.0,1,297.2199490073,SAT,,73.096,
3,2,238,108.274151087,0,95.93447594751717,-1,108.274151087,0.0,1,0.0,1,405.4941000943,SAT,,108.312,
4,1,220,31.8964941502,0,2000.0,-1,31.8964941502,0.0,1,0.0,1,437.3905942445,SAT,,31.945,
5,3,238,11.2247419357,0,95.93447594751717,-1,11.2247419357,0.0,1,0.0,1,448.6153361802,SAT,,11.267,
6,3,249,3.14338493347,0,414.26441239972706,-1,3.14338493347,0.0,1,0.0,1,451.75872111367,SAT,,3.171,
7,3,220,295.744624138,0,410.1780118312418,-1,295.744624138,0.0,1,0.0,1,747.50334525167,SAT,,295.792,
