Run Number,Run History Configuration ID,Instance ID,Response Value (y),Censored?,Cutoff Time Used,Seed,Runtime,Run Length,Run Result Code,Run Quality,SMAC Iteration,SMAC Cumulative Runtime,Run Result,Additional Algorithm Run Data,Wall Clock Time,
1,1,82,43.3082020283,0,2000.0,-1,43.3082020283,0.0,1,0.0,0,43.3082020283,SAT,,43.416,
2,1,137,4.61711096764,0,2000.0,-1,4.61711096764,0.0,1,0.0,1,47.925312995940004,SAT,,4.681,
3,2,82,2000.0,0,57.30326314305067,-1,573.6252,0.0,-1,1.0E9,1,621.5505129959399,CRASHED,Run Exceeded Captime -- Treating as CRASHED;Killed Manually,603.816,
4,1,48,4.3556098938,0,2000.0,-1,4.3556098938,0.0,1,0.0,1,625.9061228897399,SAT,,4.455,
5,3,82,2000.0,0,57.30326314305067,-1,573.59765,0.0,-1,1.0E9,1,1199.50377288974,CRASHED,Run Exceeded Captime -- Treating as CRASHED;Killed Manually,603.787,
6,1,81,7.00078606606,0,2000.0,-1,7.00078606606,0.0,1,0.0,2,1206.5045589558001,SAT,,7.042,
7,4,81,2000.0,0,10.103622440594435,-1,101.80865,0.0,-1,1.0E9,2,1308.3132089558,CRASHED,Run Exceeded Captime -- Treating as CRASHED;Killed Manually,107.167,
8,1,146,10.3865840435,0,2000.0,-1,10.3865840435,0.0,1,0.0,2,1318.6997929993001,SAT,,10.506,
9,5,81,15.99000597,0,10.103622440594435,-1,15.99000597,0.0,1,0.0,2,1334.6897989693002,SAT,,16.037,
