Run Number,Run History Configuration ID,Instance ID,Response Value (y),Censored?,Cutoff Time Used,Seed,Runtime,Run Length,Run Result Code,Run Quality,SMAC Iteration,SMAC Cumulative Runtime,Run Result,Additional Algorithm Run Data,Wall Clock Time,
1,1,101,1000.0,0,1000.0,-1,90000.0,0.0,-1,1.0E9,0,90000.0,CRASHED,,5.751,
2,1,45,1000.0,0,1000.0,-1,90000.0,0.0,-1,1.0E9,1,180000.0,CRASHED,,4.622,
3,2,45,1000.0,0,1000.0,-1,90000.0,0.0,0,0.0,1,270000.0,TIMEOUT,,1882.035,
4,2,101,23.6907398701,0,1000.0,-1,23.6907398701,0.0,1,0.0,1,270023.6907398701,SAT,,23.738,
5,2,151,1000.0,0,1000.0,-1,90000.0,0.0,0,0.0,1,360023.6907398701,TIMEOUT,,1882.152,
6,3,101,47.3170478344,0,31.800561853098873,-1,47.3170478344,0.0,1,0.0,1,360071.00778770447,SAT,,47.36,
