Run Number,Run History Configuration ID,Instance ID,Response Value (y),Censored?,Cutoff Time Used,Seed,Runtime,Run Length,Run Result Code,Run Quality,SMAC Iteration,SMAC Cumulative Runtime,Run Result,Additional Algorithm Run Data,Wall Clock Time,
1,1,18,558.994841099,0,2000.0,-1,558.994841099,0.0,2,0.0,0,558.994841099,UNSAT,,559.185,
2,1,223,186.975517035,0,2000.0,-1,186.975517035,0.0,1,0.0,1,745.970358134,SAT,,187.08,
3,2,223,1802.758564,0,244.07077281584145,-1,1802.758564,0.0,1,0.0,1,2548.7289221339997,SAT,,1802.886,
4,1,251,243.450523138,0,2000.0,-1,243.450523138,0.0,1,0.0,1,2792.1794452719996,SAT,,243.532,
5,3,18,1802.72548509,0,727.6958946030319,-1,1802.72548509,0.0,2,0.0,1,4594.9049303619995,UNSAT,,1802.773,
6,1,255,1801.93136597,0,2000.0,-1,1801.93136597,0.0,2,0.0,2,6396.836296332,UNSAT,,1802.117,
7,4,251,413.123780966,0,317.4882806729257,-1,413.123780966,0.0,1,0.0,2,6809.960077297999,SAT,,413.226,
8,1,205,67.8795061111,0,2000.0,-1,67.8795061111,0.0,1,0.0,2,6877.839583409099,SAT,,67.932,
9,5,223,1802.85064507,0,244.07077281584145,-1,1802.85064507,0.0,1,0.0,2,8680.6902284791,SAT,,1802.894,
