Run Number,Run History Configuration ID,Instance ID,Response Value (y),Censored?,Cutoff Time Used,Seed,Runtime,Run Length,Run Result Code,Run Quality,SMAC Iteration,SMAC Cumulative Runtime,Run Result,Additional Algorithm Run Data,Wall Clock Time,
1,1,20,327.37261796,0,2000.0,-1,327.37261796,0.0,2,0.0,0,327.37261796,UNSAT,,327.613,
2,1,271,73.4283220768,0,2000.0,-1,73.4283220768,0.0,1,0.0,1,400.8009400368,SAT,,73.537,
3,2,271,97.805038929,0,96.45941964198948,-1,97.805038929,0.0,1,0.0,1,498.6059789658,SAT,,97.858,
4,1,173,160.618424177,0,2000.0,-1,160.618424177,0.0,2,0.0,1,659.2244031427999,UNSAT,,160.657,
5,3,20,1802.54703498,0,426.58700373803373,-1,1802.54703498,0.0,2,0.0,1,2461.7714381227997,UNSAT,,1802.59,
