Run Number,Run History Configuration ID,Instance ID,Response Value (y),Censored?,Cutoff Time Used,Seed,Runtime,Run Length,Run Result Code,Run Quality,SMAC Iteration,SMAC Cumulative Runtime,Run Result,Additional Algorithm Run Data,Wall Clock Time,
1,1,94,1000.0,0,1000.0,-1,90000.0,0.0,-1,1.0E9,0,90000.0,CRASHED,,12.417,
2,1,75,1000.0,0,1000.0,-1,90000.0,0.0,-1,1.0E9,1,180000.0,CRASHED,,6.426,
3,2,94,11.7557318211,0,1000.0,-1,11.7557318211,0.0,1,0.0,1,180011.7557318211,SAT,,11.806,
4,2,75,4.48268985748,0,1000.0,-1,4.48268985748,0.0,1,0.0,1,180016.23842167857,SAT,,4.502,
5,2,45,5.2311398983,0,1000.0,-1,5.2311398983,0.0,1,0.0,1,180021.46956157687,SAT,,5.26,
6,3,45,1000.0,0,7.803082548427582,-1,90000.0,0.0,-1,1.0E9,1,270021.46956157684,CRASHED,,12.092,
