Run Number,Run History Configuration ID,Instance ID,Response Value (y),Censored?,Cutoff Time Used,Seed,Runtime,Run Length,Run Result Code,Run Quality,SMAC Iteration,SMAC Cumulative Runtime,Run Result,Additional Algorithm Run Data,Wall Clock Time,
1,1,34,4.036413908,0,2000.0,-1,4.036413908,0.0,1,0.0,0,4.036413908,SAT,,4.152,
2,1,118,3.97026896477,0,2000.0,-1,3.97026896477,0.0,1,0.0,1,8.00668287277,SAT,,4.11,
3,2,34,12.4616858959,0,6.249939080673457,-1,12.4616858959,0.0,1,0.0,1,20.46836876867,SAT,,12.505,
4,1,115,5.24222803116,0,2000.0,-1,5.24222803116,0.0,1,0.0,1,25.71059679983,SAT,,5.343,
5,3,118,6.77565002441,0,6.163950160491466,-1,6.77565002441,0.0,1,0.0,1,32.48624682424,SAT,,6.795,
