Run Number,Run History Configuration ID,Instance ID,Response Value (y),Censored?,Cutoff Time Used,Seed,Runtime,Run Length,Run Result Code,Run Quality,SMAC Iteration,SMAC Cumulative Runtime,Run Result,Additional Algorithm Run Data,Wall Clock Time,
1,1,40,1100.0,0,1100.0,-1,90000.0,0.0,-1,1.0E9,0,90000.0,CRASHED,,8.839,
2,1,60,1100.0,0,1100.0,-1,90000.0,0.0,-1,1.0E9,1,180000.0,CRASHED,,68.834,
3,2,40,4.09446787834,0,1100.0,-1,4.09446787834,0.0,1,0.0,1,180004.09446787834,SAT,,4.139,
4,2,60,1100.0,0,1100.0,-1,90000.0,0.0,0,0.0,1,270004.09446787834,TIMEOUT,,1881.919,
5,2,42,4.15747380257,0,1100.0,-1,4.15747380257,0.0,1,0.0,1,270008.2519416809,SAT,,4.201,
6,3,60,1100.0,0,1100.0,-1,90000.0,0.0,0,0.0,1,360008.2519416809,TIMEOUT,,1882.222,
7,3,42,3.98062682152,0,11.732724321420491,-1,3.98062682152,0.0,1,0.0,1,360012.2325685024,SAT,,4.023,
8,3,40,3.61490607262,0,6.557909458290041,-1,3.61490607262,0.0,1,0.0,1,360015.84747457504,SAT,,3.646,
