Run Number,Run History Configuration ID,Instance ID,Response Value (y),Censored?,Cutoff Time Used,Seed,Runtime,Run Length,Run Result Code,Run Quality,SMAC Iteration,SMAC Cumulative Runtime,Run Result,Additional Algorithm Run Data,Wall Clock Time,
1,1,702,12.2033751011,0,2000.0,-1,12.2033751011,0.0,1,0.0,0,12.2033751011,SAT,,12.301,
2,1,1272,1838.38866901,0,2000.0,-1,1838.38866901,0.0,2,0.0,1,1850.5920441111,UNSAT,,1838.516,
3,2,1272,1946.110322,0,2000.0,-1,1946.110322,0.0,2,0.0,1,3796.7023661110998,UNSAT,,1946.174,
4,1,757,11.2270030975,0,2000.0,-1,11.2270030975,0.0,1,0.0,1,3807.9293692086,SAT,,11.255,
5,3,702,4.58083105087,0,16.866987653422356,-1,4.58083105087,0.0,1,0.0,1,3812.51020025947,SAT,,4.649,
6,3,757,4.39626407623,0,2000.0,-1,4.39626407623,0.0,1,0.0,1,3816.9064643357,SAT,,4.431,
7,3,1272,1939.70481014,0,2000.0,-1,1939.70481014,0.0,2,0.0,1,5756.6112744757,UNSAT,,1939.749,
