Run Number,Run History Configuration ID,Instance ID,Response Value (y),Censored?,Cutoff Time Used,Seed,Runtime,Run Length,Run Result Code,Run Quality,SMAC Iteration,SMAC Cumulative Runtime,Run Result,Additional Algorithm Run Data,Wall Clock Time,
1,1,26,1100.0,0,1100.0,-1,90000.0,0.0,-1,1.0E9,0,90000.0,CRASHED,,80.825,
2,1,49,1100.0,0,1100.0,-1,90000.0,0.0,0,0.0,1,180000.0,TIMEOUT,,1884.482,
3,2,49,1100.0,0,1100.0,-1,90000.0,0.0,0,0.0,1,270000.0,TIMEOUT,,1884.387,
4,2,26,30.782171011,0,1100.0,-1,30.782171011,0.0,1,0.0,1,270030.782171011,SAT,,30.847,
5,2,37,5.06274390221,0,1100.0,-1,5.06274390221,0.0,1,0.0,1,270035.8449149132,SAT,,5.161,
6,3,26,1100.0,0,41.01942256872654,-1,411.10869999999994,0.0,-1,1.0E9,1,270446.95361491316,CRASHED,Run Exceeded Captime -- Treating as CRASHED;Killed Manually,432.746,
