Run Number,Run History Configuration ID,Instance ID,Response Value (y),Censored?,Cutoff Time Used,Seed,Runtime,Run Length,Run Result Code,Run Quality,SMAC Iteration,SMAC Cumulative Runtime,Run Result,Additional Algorithm Run Data,Wall Clock Time,
1,1,141,4.18560218811,0,2000.0,-1,4.18560218811,0.0,1,0.0,0,4.18560218811,SAT,,4.324,
2,1,58,4.32629680634,0,2000.0,-1,4.32629680634,0.0,1,0.0,1,8.51189899445,SAT,,4.449,
3,2,58,4.58589911461,0,6.626786373901368,-1,4.58589911461,0.0,1,0.0,1,13.097798109060001,SAT,,4.64,
4,1,119,3.76249694824,0,2000.0,-1,3.76249694824,0.0,1,0.0,1,16.8602950573,SAT,,3.78,
5,3,141,3.89873600006,0,6.443883002150059,-1,3.89873600006,0.0,1,0.0,1,20.75903105736,SAT,,3.927,
6,3,58,3.62920999527,0,11.893558398234845,-1,3.62920999527,0.0,1,0.0,1,24.38824105263,SAT,,3.67,
7,3,119,3.55479693413,0,7.175586082386971,-1,3.55479693413,0.0,1,0.0,1,27.94303798676,SAT,,3.579,
