Run Number,Run History Configuration ID,Instance ID,Response Value (y),Censored?,Cutoff Time Used,Seed,Runtime,Run Length,Run Result Code,Run Quality,SMAC Iteration,SMAC Cumulative Runtime,Run Result,Additional Algorithm Run Data,Wall Clock Time,
1,1,128,1000.0,0,1000.0,-1,90000.0,0.0,0,0.0,0,90000.0,TIMEOUT,,1882.257,
2,1,10,1000.0,0,1000.0,-1,90000.0,0.0,-1,1.0E9,1,180000.0,CRASHED,,5.688,
3,2,128,1000.0,0,1000.0,-1,90000.0,0.0,0,0.0,1,270000.0,TIMEOUT,,1881.978,
4,2,10,5.10304999352,0,1000.0,-1,5.10304999352,0.0,1,0.0,1,270005.1030499935,SAT,,5.227,
5,2,26,5.16640400887,0,1000.0,-1,5.16640400887,0.0,1,0.0,1,270010.2694540024,SAT,,5.219,
6,3,128,1000.0,0,1000.0,-1,90000.0,0.0,0,0.0,1,360010.2694540024,TIMEOUT,,1882.339,
7,3,26,1000.0,0,14.355490811514855,-1,90000.0,0.0,-1,1.0E9,1,450010.2694540024,CRASHED,,7.417,
