Run Number,Run History Configuration ID,Instance ID,Response Value (y),Censored?,Cutoff Time Used,Seed,Runtime,Run Length,Run Result Code,Run Quality,SMAC Iteration,SMAC Cumulative Runtime,Run Result,Additional Algorithm Run Data,Wall Clock Time,
1,1,121,3.94475793839,0,2000.0,-1,3.94475793839,0.0,1,0.0,0,3.94475793839,SAT,,4.063,
2,1,56,5.79561710358,0,2000.0,-1,5.79561710358,0.0,1,0.0,1,9.74037504197,SAT,,5.829,
3,2,56,3.69170594215,0,8.536903176802397,-1,3.69170594215,0.0,1,0.0,1,13.432080984119999,SAT,,3.73,
4,2,121,3.62097787857,0,8.867170464593173,-1,3.62097787857,0.0,1,0.0,1,17.053058862689998,SAT,,3.65,
5,2,152,53.0921251774,0,2000.0,-1,53.0921251774,0.0,1,0.0,1,70.14518404009,SAT,,53.122,
6,3,56,5.57488203049,0,5.801817950206995,-1,5.57488203049,0.0,1,0.0,1,75.72006607058,SAT,,5.596,
