Run Number,Run History Configuration ID,Instance ID,Response Value (y),Censored?,Cutoff Time Used,Seed,Runtime,Run Length,Run Result Code,Run Quality,SMAC Iteration,SMAC Cumulative Runtime,Run Result,Additional Algorithm Run Data,Wall Clock Time,
1,1,100,1000.0,0,1000.0,-1,90000.0,0.0,-1,1.0E9,0,90000.0,CRASHED,,6.72,
2,1,123,1000.0,0,1000.0,-1,90000.0,0.0,-1,1.0E9,1,180000.0,CRASHED,,480.721,
3,2,100,4.52124810219,0,1000.0,-1,4.52124810219,0.0,1,0.0,1,180004.5212481022,SAT,,4.551,
4,2,123,108.354640007,0,1000.0,-1,108.354640007,0.0,1,0.0,1,180112.87588810918,SAT,,108.391,
5,2,153,11.2215530872,0,1000.0,-1,11.2215530872,0.0,1,0.0,1,180124.09744119638,SAT,,11.26,
6,3,123,1000.0,0,141.86363256384732,-1,90000.0,0.0,-1,1.0E9,1,270124.0974411964,CRASHED,,172.144,
