Run Number,Run History Configuration ID,Instance ID,Response Value (y),Censored?,Cutoff Time Used,Seed,Runtime,Run Length,Run Result Code,Run Quality,SMAC Iteration,SMAC Cumulative Runtime,Run Result,Additional Algorithm Run Data,Wall Clock Time,
1,1,1944,200.6083529,0,2000.0,-1,200.6083529,0.0,1,0.0,0,200.6083529,SAT,,200.842,
2,1,2483,1727.30526114,0,2000.0,-1,1727.30526114,0.0,1,0.0,1,1927.91361404,SAT,,1727.384,
3,2,1944,1807.44755697,0,261.7934593822539,-1,1807.44755697,0.0,1,0.0,1,3735.3611710100004,SAT,,1807.532,
4,1,2143,2502.93180799,0,2000.0,-1,2502.93180799,0.0,1,0.0,1,6238.292979,SAT,,2503.044,
5,3,1944,786.791473866,0,261.7934593822539,-1,786.791473866,0.0,1,0.0,1,7025.084452866,SAT,,786.862,
