Run Number,Run History Configuration ID,Instance ID,Response Value (y),Censored?,Cutoff Time Used,Seed,Runtime,Run Length,Run Result Code,Run Quality,SMAC Iteration,SMAC Cumulative Runtime,Run Result,Additional Algorithm Run Data,Wall Clock Time,
1,1,145,69.2245500088,0,2000.0,-1,69.2245500088,0.0,2,0.0,0,69.2245500088,UNSAT,,69.341,
2,1,198,626.570240974,0,2000.0,-1,626.570240974,0.0,1,0.0,1,695.7947909827999,SAT,,626.627,
3,2,145,2000.0,0,90.99451581795813,-1,910.4581499999999,0.0,-1,1.0E9,1,1606.2529409827998,CRASHED,Run Exceeded Captime -- Treating as CRASHED;Killed Manually,958.377,
4,1,92,1704.61216712,0,2000.0,-1,1704.61216712,0.0,2,0.0,1,3310.8651081028,UNSAT,,1704.806,
5,3,198,1802.58439302,0,815.5439142960787,-1,1802.58439302,0.0,1,0.0,1,5113.4495011228,SAT,,1802.667,
6,1,174,89.2172670364,0,2000.0,-1,89.2172670364,0.0,2,0.0,2,5202.6667681592,UNSAT,,89.357,
7,4,92,1801.73889494,0,2000.0,-1,1801.73889494,0.0,2,0.0,2,7004.4056630992,UNSAT,,1801.781,
8,1,116,58.5456521511,0,2000.0,-1,58.5456521511,0.0,2,0.0,2,7062.9513152503,UNSAT,,58.623,
9,5,92,1802.00833702,0,2000.0,-1,1802.00833702,0.0,2,0.0,2,8864.9596522703,UNSAT,,1802.046,
