Run Number,Run History Configuration ID,Instance ID,Response Value (y),Censored?,Cutoff Time Used,Seed,Runtime,Run Length,Run Result Code,Run Quality,SMAC Iteration,SMAC Cumulative Runtime,Run Result,Additional Algorithm Run Data,Wall Clock Time,
1,1,115,900.0,0,900.0,-1,90000.0,0.0,-1,1.0E9,0,90000.0,CRASHED,,363.993,
2,1,213,900.0,0,900.0,-1,90000.0,0.0,-1,1.0E9,1,180000.0,CRASHED,,175.636,
3,2,115,452.224303007,0,900.0,-1,452.224303007,0.0,1,0.0,1,180452.224303007,SAT,,452.254,
4,2,213,470.340041876,0,900.0,-1,470.340041876,0.0,1,0.0,1,180922.56434488302,SAT,,470.383,
5,2,83,900.0,0,900.0,-1,90000.0,0.0,0,0.0,1,270922.564344883,TIMEOUT,,1882.984,
6,3,115,900.0,0,588.8941940184415,-1,90000.0,0.0,-1,1.0E9,1,360922.564344883,CRASHED,,223.439,
