Run Number,Run History Configuration ID,Instance ID,Response Value (y),Censored?,Cutoff Time Used,Seed,Runtime,Run Length,Run Result Code,Run Quality,SMAC Iteration,SMAC Cumulative Runtime,Run Result,Additional Algorithm Run Data,Wall Clock Time,
1,1,69,1000.0,0,1000.0,-1,90000.0,0.0,-1,1.0E9,0,90000.0,CRASHED,,5.445,
2,1,17,1000.0,0,1000.0,-1,90000.0,0.0,-1,1.0E9,1,180000.0,CRASHED,,4.831,
3,2,69,62.92821908,0,1000.0,-1,62.92821908,0.0,1,0.0,1,180062.92821908,SAT,,62.98,
4,2,17,4.81500196457,0,1000.0,-1,4.81500196457,0.0,1,0.0,1,180067.74322104457,SAT,,4.857,
5,2,101,1000.0,0,1000.0,-1,90000.0,0.0,0,0.0,1,270067.74322104454,TIMEOUT,,1881.68,
6,3,17,4.48586297035,0,7.262102876204253,-1,4.48586297035,0.0,1,0.0,1,270072.2290840149,SAT,,4.528,
7,3,69,59.3348801136,0,1000.0,-1,59.3348801136,0.0,1,0.0,1,270131.5639641285,SAT,,59.358,
8,3,101,1000.0,0,1000.0,-1,90000.0,0.0,0,0.0,1,360131.5639641285,TIMEOUT,,1882.073,
