Run Number,Run History Configuration ID,Instance ID,Response Value (y),Censored?,Cutoff Time Used,Seed,Runtime,Run Length,Run Result Code,Run Quality,SMAC Iteration,SMAC Cumulative Runtime,Run Result,Additional Algorithm Run Data,Wall Clock Time,
1,1,38,1000.0,0,1000.0,-1,90000.0,0.0,-1,1.0E9,0,90000.0,CRASHED,,104.38,
2,1,10,1000.0,0,1000.0,-1,90000.0,0.0,-1,1.0E9,1,180000.0,CRASHED,,5.688,
3,2,38,1000.0,0,1000.0,-1,90000.0,0.0,0,0.0,1,270000.0,TIMEOUT,,1881.833,
4,2,10,5.03084015846,0,1000.0,-1,5.03084015846,0.0,1,0.0,1,270005.03084015846,SAT,,5.058,
5,2,52,5.6891310215,0,1000.0,-1,5.6891310215,0.0,1,0.0,1,270010.71997117996,SAT,,5.732,
6,3,10,1000.0,0,7.542693138468266,-1,90000.0,0.0,-1,1.0E9,1,360010.71997117996,CRASHED,,5.259,
