Run Number,Run History Configuration ID,Instance ID,Response Value (y),Censored?,Cutoff Time Used,Seed,Runtime,Run Length,Run Result Code,Run Quality,SMAC Iteration,SMAC Cumulative Runtime,Run Result,Additional Algorithm Run Data,Wall Clock Time,
1,1,132,5.04780721664,0,1000.0,-1,5.04780721664,0.0,1,0.0,0,5.04780721664,SAT,,5.177,
2,1,71,1000.0,0,1000.0,-1,90000.0,0.0,-1,1.0E9,1,90005.04780721664,CRASHED,,6.52,
3,2,132,5.1243429184,0,7.564750023531914,-1,5.1243429184,0.0,1,0.0,1,90010.17215013504,SAT,,5.18,
4,1,68,1000.0,0,1000.0,-1,90000.0,0.0,-1,1.0E9,1,180010.17215013504,CRASHED,,6.758,
5,3,71,1000.0,0,1000.0,-1,90000.0,0.0,0,0.0,1,270010.17215013504,TIMEOUT,,1882.012,
6,3,68,1000.0,0,1000.0,-1,90000.0,0.0,0,0.0,1,360010.17215013504,TIMEOUT,,1881.818,
7,3,132,1000.0,0,7.5673494379699235,-1,76.15390000000001,0.0,-1,1.0E9,1,360086.326050135,CRASHED,Run Exceeded Captime -- Treating as CRASHED;Killed Manually,80.162,
