Run Number,Run History Configuration ID,Instance ID,Response Value (y),Censored?,Cutoff Time Used,Seed,Runtime,Run Length,Run Result Code,Run Quality,SMAC Iteration,SMAC Cumulative Runtime,Run Result,Additional Algorithm Run Data,Wall Clock Time,
1,1,492,900.0,0,900.0,-1,90000.0,0.0,-1,1.0E9,0,90000.0,CRASHED,,6.617,
2,1,34,900.0,0,900.0,-1,90000.0,0.0,-1,1.0E9,1,180000.0,CRASHED,,11.037,
3,2,492,881.607820988,0,900.0,-1,881.607820988,0.0,1,0.0,1,180881.607820988,SAT,,881.653,
4,2,34,900.0,0,900.0,-1,90000.0,0.0,0,0.0,1,270881.607820988,TIMEOUT,,1882.548,
5,2,287,5.37283587456,0,900.0,-1,5.37283587456,0.0,1,0.0,1,270886.98065686255,SAT,,5.455,
6,3,492,900.0,0,900.0,-1,90000.0,0.0,0,0.0,1,360886.98065686255,TIMEOUT,,1882.097,
