Run Number,Run History Configuration ID,Instance ID,Response Value (y),Censored?,Cutoff Time Used,Seed,Runtime,Run Length,Run Result Code,Run Quality,SMAC Iteration,SMAC Cumulative Runtime,Run Result,Additional Algorithm Run Data,Wall Clock Time,
1,1,106,8.33897686005,0,1000.0,-1,8.33897686005,0.0,1,0.0,0,8.33897686005,SAT,,8.468,
2,1,133,6.46795988083,0,1000.0,-1,6.46795988083,0.0,1,0.0,1,14.80693674088,SAT,,6.506,
3,2,106,5.17798995972,0,11.843269959437848,-1,5.17798995972,0.0,1,0.0,1,19.9849267006,SAT,,5.217,
4,2,133,5.12487483025,0,13.52153158594966,-1,5.12487483025,0.0,1,0.0,1,25.10980153085,SAT,,5.157,
5,2,27,5.37649989128,0,1000.0,-1,5.37649989128,0.0,1,0.0,1,30.486301422129998,SAT,,5.407,
6,3,27,1000.0,0,7.992050413388014,-1,90000.0,0.0,-1,1.0E9,1,90030.48630142213,CRASHED,,6.189,
