Run Number,Run History Configuration ID,Instance ID,Response Value (y),Censored?,Cutoff Time Used,Seed,Runtime,Run Length,Run Result Code,Run Quality,SMAC Iteration,SMAC Cumulative Runtime,Run Result,Additional Algorithm Run Data,Wall Clock Time,
1,1,1232,1581.18452597,0,2000.0,-1,1581.18452597,0.0,2,0.0,0,1581.18452597,UNSAT,,1581.417,
2,1,983,10.4501681328,0,2000.0,-1,10.4501681328,0.0,1,0.0,1,1591.6346941028,SAT,,10.515,
3,2,1232,2173.85634494,0,2000.0,-1,2173.85634494,0.0,2,0.0,1,3765.4910390428,UNSAT,,2173.896,
4,1,450,6.30652189255,0,2000.0,-1,6.30652189255,0.0,1,0.0,1,3771.79756093535,SAT,,6.338,
5,3,450,6.20686602592,0,9.201079596179724,-1,6.20686602592,0.0,1,0.0,1,3778.00442696127,SAT,,6.248,
6,3,983,8.83072590828,0,2000.0,-1,8.83072590828,0.0,1,0.0,1,3786.83515286955,SAT,,8.868,
7,3,1232,2377.95434213,0,2000.0,-1,2377.95434213,0.0,2,0.0,1,6164.78949499955,UNSAT,,2377.996,
