Run Number,Run History Configuration ID,Instance ID,Response Value (y),Censored?,Cutoff Time Used,Seed,Runtime,Run Length,Run Result Code,Run Quality,SMAC Iteration,SMAC Cumulative Runtime,Run Result,Additional Algorithm Run Data,Wall Clock Time,
1,1,75,1000.0,0,1000.0,-1,90000.0,0.0,-1,1.0E9,0,90000.0,CRASHED,,5.903,
2,1,67,1000.0,0,1000.0,-1,90000.0,0.0,-1,1.0E9,1,180000.0,CRASHED,,7.158,
3,2,67,406.159070015,0,1000.0,-1,406.159070015,0.0,1,0.0,1,180406.159070015,SAT,,406.202,
4,2,75,4.885379076,0,1000.0,-1,4.885379076,0.0,1,0.0,1,180411.04444909102,SAT,,4.906,
5,2,107,6.27373385429,0,1000.0,-1,6.27373385429,0.0,1,0.0,1,180417.3181829453,SAT,,6.314,
6,3,75,1000.0,0,7.353593305099011,-1,90000.0,0.0,-1,1.0E9,1,270417.3181829453,CRASHED,,6.49,
