Run Number,Run History Configuration ID,Instance ID,Response Value (y),Censored?,Cutoff Time Used,Seed,Runtime,Run Length,Run Result Code,Run Quality,SMAC Iteration,SMAC Cumulative Runtime,Run Result,Additional Algorithm Run Data,Wall Clock Time,
1,1,108,12.1218879223,0,1000.0,-1,12.1218879223,0.0,1,0.0,0,12.1218879223,SAT,,12.216,
2,1,50,1000.0,0,1000.0,-1,90000.0,0.0,-1,1.0E9,1,90012.1218879223,CRASHED,,5.846,
3,2,50,6.0150179863,0,1000.0,-1,6.0150179863,0.0,1,0.0,1,90018.1369059086,SAT,,6.043,
4,2,108,6.03984713554,0,1000.0,-1,6.03984713554,0.0,1,0.0,1,90024.17675304414,SAT,,6.061,
5,2,57,5.26059103012,0,1000.0,-1,5.26059103012,0.0,1,0.0,1,90029.43734407426,SAT,,5.29,
6,3,50,1000.0,0,8.822124440568686,-1,90000.0,0.0,-1,1.0E9,1,180029.43734407425,CRASHED,,5.16,
