Run Number,Run History Configuration ID,Instance ID,Response Value (y),Censored?,Cutoff Time Used,Seed,Runtime,Run Length,Run Result Code,Run Quality,SMAC Iteration,SMAC Cumulative Runtime,Run Result,Additional Algorithm Run Data,Wall Clock Time,
1,1,99,3.85811591148,0,2000.0,-1,3.85811591148,0.0,1,0.0,0,3.85811591148,SAT,,3.96,
2,1,13,5.54339003563,0,2000.0,-1,5.54339003563,0.0,2,0.0,1,9.40150594711,UNSAT,,5.677,
3,2,13,6.42768096924,0,8.209007688212395,-1,6.42768096924,0.0,2,0.0,1,15.82918691635,UNSAT,,6.487,
4,1,115,5.24222803116,0,2000.0,-1,5.24222803116,0.0,1,0.0,1,21.07141494751,SAT,,5.343,
5,3,115,82.7891099453,0,7.817497372972966,-1,82.7891099453,0.0,1,0.0,1,103.86052489280999,SAT,,82.822,
6,1,121,3.86605000496,0,2000.0,-1,3.86605000496,0.0,1,0.0,2,107.72657489776999,SAT,,3.983,
7,4,13,2000.0,0,8.209007688212395,-1,82.72885,0.0,-1,1.0E9,2,190.45542489777,CRASHED,Run Exceeded Captime -- Treating as CRASHED;Killed Manually,87.083,
8,1,72,4.1487159729,0,2000.0,-1,4.1487159729,0.0,2,0.0,2,194.60414087067,UNSAT,,4.238,
9,5,72,4.27607798576,0,6.395931251692772,-1,4.27607798576,0.0,2,0.0,2,198.88021885643,UNSAT,,4.305,
