Run Number,Run History Configuration ID,Instance ID,Response Value (y),Censored?,Cutoff Time Used,Seed,Runtime,Run Length,Run Result Code,Run Quality,SMAC Iteration,SMAC Cumulative Runtime,Run Result,Additional Algorithm Run Data,Wall Clock Time,
1,1,51,12.2912590504,0,2000.0,-1,12.2912590504,0.0,1,0.0,0,12.2912590504,SAT,,12.397,
2,1,116,5.97267985344,0,2000.0,-1,5.97267985344,0.0,1,0.0,1,18.26393890384,SAT,,6.089,
3,2,51,2000.0,0,16.981237184602023,-1,170.64374999999998,0.0,-1,1.0E9,1,188.90768890383998,CRASHED,Run Exceeded Captime -- Treating as CRASHED;Killed Manually,179.625,
4,1,52,4.08326196671,0,2000.0,-1,4.08326196671,0.0,1,0.0,1,192.99095087055,SAT,,4.125,
5,3,52,4.35219621658,0,6.310840685266257,-1,4.35219621658,0.0,1,0.0,1,197.34314708713,SAT,,4.392,
