Run Number,Run History Configuration ID,Instance ID,Response Value (y),Censored?,Cutoff Time Used,Seed,Runtime,Run Length,Run Result Code,Run Quality,SMAC Iteration,SMAC Cumulative Runtime,Run Result,Additional Algorithm Run Data,Wall Clock Time,
1,1,2030,413.028939962,0,2000.0,-1,413.028939962,0.0,1,0.0,0,413.028939962,SAT,,413.299,
2,1,288,4.95371413231,0,2000.0,-1,4.95371413231,0.0,1,0.0,1,417.98265409430996,SAT,,5.011,
3,2,288,2000.0,0,7.442428626465798,-1,75.3426,0.0,-1,1.0E9,1,493.32525409430997,CRASHED,Run Exceeded Captime -- Treating as CRASHED;Killed Manually,79.308,
4,1,1998,842.572252989,0,2000.0,-1,842.572252989,0.0,1,0.0,1,1335.89750708331,SAT,,842.62,
5,3,2030,927.688306093,0,537.9402230385423,-1,927.688306093,0.0,1,0.0,1,2263.5858131763102,SAT,,927.757,
