Run Number,Run History Configuration ID,Instance ID,Response Value (y),Censored?,Cutoff Time Used,Seed,Runtime,Run Length,Run Result Code,Run Quality,SMAC Iteration,SMAC Cumulative Runtime,Run Result,Additional Algorithm Run Data,Wall Clock Time,
1,1,535,900.0,0,900.0,-1,90000.0,0.0,-1,1.0E9,0,90000.0,CRASHED,,5.457,
2,1,91,900.0,0,900.0,-1,90000.0,0.0,-1,1.0E9,1,180000.0,CRASHED,,9.73,
3,2,91,98.4738678932,0,900.0,-1,98.4738678932,0.0,1,0.0,1,180098.4738678932,SAT,,98.512,
4,2,535,4.08631587029,0,900.0,-1,4.08631587029,0.0,1,0.0,1,180102.56018376347,SAT,,4.125,
5,2,285,5.4952070713,0,900.0,-1,5.4952070713,0.0,1,0.0,1,180108.05539083478,SAT,,5.516,
6,3,91,900.0,0,129.01862866093518,-1,90000.0,0.0,-1,1.0E9,1,270108.0553908348,CRASHED,,9.117,
