Run Number,Run History Configuration ID,Instance ID,Response Value (y),Censored?,Cutoff Time Used,Seed,Runtime,Run Length,Run Result Code,Run Quality,SMAC Iteration,SMAC Cumulative Runtime,Run Result,Additional Algorithm Run Data,Wall Clock Time,
1,1,147,98.8440570831,0,2000.0,-1,98.8440570831,0.0,1,0.0,0,98.8440570831,SAT,,98.924,
2,1,121,3.86605000496,0,2000.0,-1,3.86605000496,0.0,1,0.0,1,102.71010708806,SAT,,3.983,
3,2,121,3.7474629879,0,6.0284658226847645,-1,3.7474629879,0.0,1,0.0,1,106.45757007595999,SAT,,3.778,
4,2,147,2000.0,0,129.65533797477485,-1,1297.37795,0.0,-1,1.0E9,1,1403.83552007596,CRASHED,Run Exceeded Captime -- Treating as CRASHED;Killed Manually,1365.661,
5,1,4,1802.10310817,0,2000.0,-1,1802.10310817,0.0,2,0.0,1,3205.93862824596,UNSAT,,1802.155,
6,3,147,3.65225410461,0,129.49987434630395,-1,3.65225410461,0.0,1,0.0,1,3209.59088235057,SAT,,3.7,
7,3,121,3.73234200478,0,2000.0,-1,3.73234200478,0.0,1,0.0,1,3213.3232243553502,SAT,,3.776,
8,3,4,1801.53477192,0,2000.0,-1,1801.53477192,0.0,2,0.0,1,5014.85799627535,UNSAT,,1801.569,
