Run Number,Run History Configuration ID,Instance ID,Response Value (y),Censored?,Cutoff Time Used,Seed,Runtime,Run Length,Run Result Code,Run Quality,SMAC Iteration,SMAC Cumulative Runtime,Run Result,Additional Algorithm Run Data,Wall Clock Time,
1,1,115,1000.0,0,1000.0,-1,90000.0,0.0,-1,1.0E9,0,90000.0,CRASHED,,9.461,
2,1,14,1000.0,0,1000.0,-1,90000.0,0.0,-1,1.0E9,1,180000.0,CRASHED,,76.923,
3,2,115,881.738067865,0,1000.0,-1,881.738067865,0.0,1,0.0,1,180881.738067865,SAT,,881.78,
4,2,14,1000.0,0,1000.0,-1,90000.0,0.0,0,0.0,1,270881.738067865,TIMEOUT,,1881.927,
5,2,99,3.11464691162,0,1000.0,-1,3.11464691162,0.0,1,0.0,1,270884.85271477664,SAT,,3.185,
6,3,14,1000.0,0,1000.0,-1,90000.0,0.0,0,0.0,1,360884.85271477664,TIMEOUT,,1882.102,
7,3,99,2.91646695137,0,1000.0,-1,2.91646695137,0.0,1,0.0,1,360887.769181728,SAT,,2.944,
8,3,115,881.531689167,0,1000.0,-1,881.531689167,0.0,1,0.0,1,361769.30087089504,SAT,,881.554,
