Run Number,Run History Configuration ID,Instance ID,Response Value (y),Censored?,Cutoff Time Used,Seed,Runtime,Run Length,Run Result Code,Run Quality,SMAC Iteration,SMAC Cumulative Runtime,Run Result,Additional Algorithm Run Data,Wall Clock Time,
1,1,29,7.99903011322,0,2000.0,-1,7.99903011322,0.0,2,0.0,0,7.99903011322,UNSAT,,8.117,
2,1,46,5.11954808235,0,2000.0,-1,5.11954808235,0.0,1,0.0,1,13.118578195569999,SAT,,5.155,
3,2,29,7.22665691376,0,11.401339236992598,-1,7.22665691376,0.0,2,0.0,1,20.345235109329998,UNSAT,,7.265,
4,2,46,5.16414093971,0,8.663397923457623,-1,5.16414093971,0.0,1,0.0,1,25.50937604904,SAT,,5.189,
5,2,5,6.56821298599,0,2000.0,-1,6.56821298599,0.0,2,0.0,1,32.07758903503,UNSAT,,6.603,
6,3,29,6.1526529789,0,10.397254571664334,-1,6.1526529789,0.0,2,0.0,1,38.23024201393,UNSAT,,6.19,
7,3,46,3.94632506371,0,17.653466098356247,-1,3.94632506371,0.0,1,0.0,1,42.17656707764,SAT,,3.978,
8,3,5,6.66478490829,0,12.523243844854832,-1,6.66478490829,0.0,2,0.0,1,48.841351985930004,UNSAT,,6.689,
