Run Number,Run History Configuration ID,Instance ID,Response Value (y),Censored?,Cutoff Time Used,Seed,Runtime,Run Length,Run Result Code,Run Quality,SMAC Iteration,SMAC Cumulative Runtime,Run Result,Additional Algorithm Run Data,Wall Clock Time,
1,1,13,5.94439911842,0,2000.0,-1,5.94439911842,0.0,2,0.0,0,5.94439911842,UNSAT,,6.074,
2,1,40,4.59916615486,0,2000.0,-1,4.59916615486,0.0,1,0.0,1,10.543565273279999,SAT,,4.754,
3,2,13,2000.0,0,8.730319224643708,-1,87.96809999999999,0.0,-1,1.0E9,1,98.51166527327999,CRASHED,Run Exceeded Captime -- Treating as CRASHED;Killed Manually,92.598,
4,1,147,98.8440570831,0,2000.0,-1,98.8440570831,0.0,1,0.0,1,197.35572235638,SAT,,98.924,
5,3,40,20.8125128746,0,6.9815162460982805,-1,20.8125128746,0.0,1,0.0,1,218.16823523098,SAT,,20.847,
