Run Number,Run History Configuration ID,Instance ID,Response Value (y),Censored?,Cutoff Time Used,Seed,Runtime,Run Length,Run Result Code,Run Quality,SMAC Iteration,SMAC Cumulative Runtime,Run Result,Additional Algorithm Run Data,Wall Clock Time,
1,1,128,5.0232629776,0,2000.0,-1,5.0232629776,0.0,1,0.0,0,5.0232629776,SAT,,5.117,
2,1,33,5.56126999855,0,2000.0,-1,5.56126999855,0.0,1,0.0,1,10.584532976150001,SAT,,5.622,
3,2,33,5.47328805923,0,8.232251078236104,-1,5.47328805923,0.0,1,0.0,1,16.05782103538,SAT,,5.504,
4,2,128,4.66306185722,0,7.648518484431506,-1,4.66306185722,0.0,1,0.0,1,20.720882892600002,SAT,,4.702,
5,2,85,5.01750683784,0,2000.0,-1,5.01750683784,0.0,1,0.0,1,25.73838973044,SAT,,5.056,
6,3,85,5.05254983902,0,7.525359269577265,-1,5.05254983902,0.0,1,0.0,1,30.79093956946,SAT,,5.092,
