Run Number,Run History Configuration ID,Instance ID,Response Value (y),Censored?,Cutoff Time Used,Seed,Runtime,Run Length,Run Result Code,Run Quality,SMAC Iteration,SMAC Cumulative Runtime,Run Result,Additional Algorithm Run Data,Wall Clock Time,
1,1,187,366.285464048,0,2000.0,-1,366.285464048,0.0,2,0.0,0,366.285464048,UNSAT,,366.478,
2,1,40,869.101522207,0,2000.0,-1,869.101522207,0.0,1,0.0,1,1235.386986255,SAT,,869.173,
3,2,187,1804.09381008,0,477.1737044568836,-1,1804.09381008,0.0,2,0.0,1,3039.480796335,UNSAT,,1804.153,
4,1,84,84.4271230698,0,2000.0,-1,84.4271230698,0.0,2,0.0,1,3123.9079194048,UNSAT,,84.461,
5,3,40,869.064875126,0,1130.8345795500754,-1,869.064875126,0.0,1,0.0,1,3992.9727945308,SAT,,869.129,
6,3,84,60.5841219425,0,586.979205523032,-1,60.5841219425,0.0,2,0.0,1,4053.5569164733,UNSAT,,60.644,
7,3,187,389.112972021,0,508.21984651346804,-1,389.112972021,0.0,2,0.0,1,4442.6698884943,UNSAT,,389.151,
