Run Number,Run History Configuration ID,Instance ID,Response Value (y),Censored?,Cutoff Time Used,Seed,Runtime,Run Length,Run Result Code,Run Quality,SMAC Iteration,SMAC Cumulative Runtime,Run Result,Additional Algorithm Run Data,Wall Clock Time,
1,1,103,1000.0,0,1000.0,-1,90000.0,0.0,-1,1.0E9,0,90000.0,CRASHED,,5.97,
2,1,135,1000.0,0,1000.0,-1,90000.0,0.0,-1,1.0E9,1,180000.0,CRASHED,,6.679,
3,2,103,4.41256117821,0,1000.0,-1,4.41256117821,0.0,1,0.0,1,180004.4125611782,SAT,,4.455,
4,2,135,881.638826847,0,1000.0,-1,881.638826847,0.0,1,0.0,1,180886.0513880252,SAT,,881.678,
5,2,49,8.28802394867,0,1000.0,-1,8.28802394867,0.0,1,0.0,1,180894.33941197387,SAT,,8.325,
6,3,135,1000.0,0,1000.0,-1,90000.0,0.0,-1,1.0E9,1,270894.33941197384,CRASHED,,7.318,
