Run Number,Run History Configuration ID,Instance ID,Response Value (y),Censored?,Cutoff Time Used,Seed,Runtime,Run Length,Run Result Code,Run Quality,SMAC Iteration,SMAC Cumulative Runtime,Run Result,Additional Algorithm Run Data,Wall Clock Time,
1,1,7,2000.0,0,2000.0,-1,90000.0,0.0,-1,1.0E9,0,90000.0,CRASHED,,6.551,
2,1,5,2000.0,0,2000.0,-1,90000.0,0.0,-1,1.0E9,1,180000.0,CRASHED,,31.658,
3,2,5,2000.0,0,2000.0,-1,90000.0,0.0,-1,1.0E9,1,270000.0,CRASHED,,80.518,
4,2,7,50.1858811378,0,2000.0,-1,50.1858811378,0.0,1,0.0,1,270050.1858811378,SAT,,50.211,
5,2,73,2000.0,0,2000.0,-1,90000.0,0.0,0,0.0,1,360050.1858811378,TIMEOUT,,1882.186,
6,3,7,36.8005919456,0,66.24424633418322,-1,36.8005919456,0.0,1,0.0,1,360086.9864730834,SAT,,36.831,
7,3,73,2000.0,0,2000.0,-1,90000.0,0.0,0,0.0,1,450086.9864730834,TIMEOUT,,1882.004,
8,3,5,679.79897213,0,2000.0,-1,679.79897213,0.0,1,0.0,1,450766.7854452134,SAT,,679.895,
