Run Number,Run History Configuration ID,Instance ID,Response Value (y),Censored?,Cutoff Time Used,Seed,Runtime,Run Length,Run Result Code,Run Quality,SMAC Iteration,SMAC Cumulative Runtime,Run Result,Additional Algorithm Run Data,Wall Clock Time,
1,1,1646,479.940605164,0,2000.0,-1,479.940605164,0.0,2,0.0,0,479.940605164,UNSAT,,480.19,
2,1,124,21.918571949,0,2000.0,-1,21.918571949,0.0,1,0.0,1,501.859177113,SAT,,22.129,
3,2,124,6.03425884247,0,29.49674454365969,-1,6.03425884247,0.0,1,0.0,1,507.89343595547,SAT,,6.064,
4,2,1646,466.355071068,0,645.5762942213297,-1,466.355071068,0.0,2,0.0,1,974.24850702347,UNSAT,,466.408,
5,2,1169,5.15810513496,0,2000.0,-1,5.15810513496,0.0,1,0.0,1,979.40661215843,SAT,,5.216,
6,3,1169,5.25147199631,0,7.708136726516486,-1,5.25147199631,0.0,1,0.0,1,984.65808415474,SAT,,5.286,
