Run Number,Run History Configuration ID,Instance ID,Response Value (y),Censored?,Cutoff Time Used,Seed,Runtime,Run Length,Run Result Code,Run Quality,SMAC Iteration,SMAC Cumulative Runtime,Run Result,Additional Algorithm Run Data,Wall Clock Time,
1,1,15,7.02720499039,0,2000.0,-1,7.02720499039,0.0,2,0.0,0,7.02720499039,UNSAT,,7.157,
2,1,63,3.5883769989,0,2000.0,-1,3.5883769989,0.0,1,0.0,1,10.61558198929,SAT,,3.623,
3,2,15,10.840419054,0,10.137966916310788,-1,10.840419054,0.0,2,0.0,1,21.45600104329,UNSAT,,10.872,
4,1,146,10.3865840435,0,2000.0,-1,10.3865840435,0.0,1,0.0,1,31.842585086790002,SAT,,10.506,
5,3,63,3.30214810371,0,5.667491060096025,-1,3.30214810371,0.0,1,0.0,1,35.144733190500006,SAT,,3.344,
6,3,15,4.62158203125,0,24.01522359659076,-1,4.62158203125,0.0,2,0.0,1,39.766315221750006,UNSAT,,4.653,
7,3,146,2000.0,0,18.00716685910821,-1,180.61495,0.0,-1,1.0E9,1,220.38126522175,CRASHED,Run Exceeded Captime -- Treating as CRASHED;Killed Manually,190.121,
