Run Number,Run History Configuration ID,Instance ID,Response Value (y),Censored?,Cutoff Time Used,Seed,Runtime,Run Length,Run Result Code,Run Quality,SMAC Iteration,SMAC Cumulative Runtime,Run Result,Additional Algorithm Run Data,Wall Clock Time,
1,1,48,4.3556098938,0,2000.0,-1,4.3556098938,0.0,1,0.0,0,4.3556098938,SAT,,4.455,
2,1,91,3.53118991852,0,2000.0,-1,3.53118991852,0.0,1,0.0,1,7.88679981232,SAT,,3.576,
3,2,48,20.7813711166,0,6.6648937653481966,-1,20.7813711166,0.0,1,0.0,1,28.66817092892,SAT,,20.813,
4,1,71,5.39538002014,0,2000.0,-1,5.39538002014,0.0,2,0.0,1,34.06355094906,UNSAT,,5.42,
5,3,48,13.5604431629,0,6.6648937653481966,-1,13.5604431629,0.0,1,0.0,1,47.62399411196,SAT,,13.608,
