Run Number,Run History Configuration ID,Instance ID,Response Value (y),Censored?,Cutoff Time Used,Seed,Runtime,Run Length,Run Result Code,Run Quality,SMAC Iteration,SMAC Cumulative Runtime,Run Result,Additional Algorithm Run Data,Wall Clock Time,
1,1,30,1802.20728302,0,2000.0,-1,1802.20728302,0.0,2,0.0,0,1802.20728302,UNSAT,,1802.395,
2,1,15,6.10633587837,0,2000.0,-1,6.10633587837,0.0,2,0.0,1,1808.31361889837,UNSAT,,6.135,
3,2,30,1801.94183397,0,2000.0,-1,1801.94183397,0.0,2,0.0,1,3610.25545286837,UNSAT,,1802.056,
4,2,15,20.0022821426,0,9.287221066999436,-1,20.0022821426,0.0,2,0.0,1,3630.25773501097,UNSAT,,20.066,
5,1,76,4.51932096481,0,2000.0,-1,4.51932096481,0.0,2,0.0,1,3634.77705597578,UNSAT,,4.557,
6,3,15,2000.0,0,8.940836683261395,-1,90.36305,0.0,-1,1.0E9,1,3725.14010597578,CRASHED,Run Exceeded Captime -- Treating as CRASHED;Killed Manually,95.119,
