Run Number,Run History Configuration ID,Instance ID,Response Value (y),Censored?,Cutoff Time Used,Seed,Runtime,Run Length,Run Result Code,Run Quality,SMAC Iteration,SMAC Cumulative Runtime,Run Result,Additional Algorithm Run Data,Wall Clock Time,
1,1,154,1886.62996292,0,2000.0,-1,1886.62996292,0.0,1,0.0,0,1886.62996292,SAT,,1886.827,
2,1,63,3.5883769989,0,2000.0,-1,3.5883769989,0.0,1,0.0,1,1890.2183399189,SAT,,3.623,
3,2,154,1935.99118018,0,2000.0,-1,1935.99118018,0.0,1,0.0,1,3826.2095200988997,SAT,,1936.048,
4,1,36,4.72466397285,0,2000.0,-1,4.72466397285,0.0,1,0.0,1,3830.9341840717498,SAT,,4.752,
5,3,36,14.795830965,0,7.144664310264588,-1,14.795830965,0.0,1,0.0,1,3845.7300150367496,SAT,,14.832,
