Run Number,Run History Configuration ID,Instance ID,Response Value (y),Censored?,Cutoff Time Used,Seed,Runtime,Run Length,Run Result Code,Run Quality,SMAC Iteration,SMAC Cumulative Runtime,Run Result,Additional Algorithm Run Data,Wall Clock Time,
1,1,82,41.7906210423,0,2000.0,-1,41.7906210423,0.0,1,0.0,0,41.7906210423,SAT,,41.908,
2,1,37,4.03274178505,0,2000.0,-1,4.03274178505,0.0,1,0.0,1,45.82336282735,SAT,,4.075,
3,2,82,2000.0,0,55.33040807430744,-1,554.1891499999999,0.0,-1,1.0E9,1,600.01251282735,CRASHED,Run Exceeded Captime -- Treating as CRASHED;Killed Manually,583.357,
4,1,49,5.11708188057,0,2000.0,-1,5.11708188057,0.0,1,0.0,1,605.12959470792,SAT,,5.175,
5,3,49,6.02776002884,0,7.654806960719824,-1,6.02776002884,0.0,1,0.0,1,611.15735473676,SAT,,6.171,
