Run Number,Run History Configuration ID,Instance ID,Response Value (y),Censored?,Cutoff Time Used,Seed,Runtime,Run Length,Run Result Code,Run Quality,SMAC Iteration,SMAC Cumulative Runtime,Run Result,Additional Algorithm Run Data,Wall Clock Time,
1,1,174,89.2172670364,0,2000.0,-1,89.2172670364,0.0,2,0.0,0,89.2172670364,UNSAT,,89.357,
2,1,22,253.378908873,0,2000.0,-1,253.378908873,0.0,2,0.0,1,342.5961759094,UNSAT,,253.434,
3,2,174,2000.0,0,116.9850474115193,-1,1170.6185,0.0,-1,1.0E9,1,1513.2146759094,CRASHED,Run Exceeded Captime -- Treating as CRASHED;Killed Manually,1232.23,
4,1,209,11.2645771503,0,2000.0,-1,11.2645771503,0.0,1,0.0,1,1524.4792530597,SAT,,11.438,
5,3,22,495.137756109,0,330.3951821181655,-1,495.137756109,0.0,2,0.0,1,2019.6170091687002,UNSAT,,495.198,
6,1,59,1802.3833549,0,2000.0,-1,1802.3833549,0.0,1,0.0,2,3822.0003640687,SAT,,1802.409,
7,4,174,94.3549818993,0,116.9850474115193,-1,94.3549818993,0.0,2,0.0,2,3916.355345968,UNSAT,,94.404,
8,1,173,160.618424177,0,2000.0,-1,160.618424177,0.0,2,0.0,2,4076.9737701450003,UNSAT,,160.657,
9,5,174,92.1615788937,0,116.9850474115193,-1,92.1615788937,0.0,2,0.0,2,4169.1353490387,UNSAT,,92.196,
