Run Number,Run History Configuration ID,Instance ID,Response Value (y),Censored?,Cutoff Time Used,Seed,Runtime,Run Length,Run Result Code,Run Quality,SMAC Iteration,SMAC Cumulative Runtime,Run Result,Additional Algorithm Run Data,Wall Clock Time,
1,1,174,89.2172670364,0,2000.0,-1,89.2172670364,0.0,2,0.0,0,89.2172670364,UNSAT,,89.357,
2,1,22,253.378908873,0,2000.0,-1,253.378908873,0.0,2,0.0,1,342.5961759094,UNSAT,,253.434,
3,2,174,2000.0,0,116.9850474115193,-1,1170.6185,0.0,-1,1.0E9,1,1513.2146759094,CRASHED,Run Exceeded Captime -- Treating as CRASHED;Killed Manually,1232.23,
4,1,209,11.2645771503,0,2000.0,-1,11.2645771503,0.0,1,0.0,1,1524.4792530597,SAT,,11.438,
5,3,22,495.137756109,0,330.3951821181655,-1,495.137756109,0.0,2,0.0,1,2019.6170091687002,UNSAT,,495.198,
