Run Number,Run History Configuration ID,Instance ID,Response Value (y),Censored?,Cutoff Time Used,Seed,Runtime,Run Length,Run Result Code,Run Quality,SMAC Iteration,SMAC Cumulative Runtime,Run Result,Additional Algorithm Run Data,Wall Clock Time,
1,1,84,1000.0,0,1000.0,-1,90000.0,0.0,-1,1.0E9,0,90000.0,CRASHED,,13.867,
2,1,108,12.1218879223,0,1000.0,-1,12.1218879223,0.0,1,0.0,1,90012.1218879223,SAT,,12.216,
3,2,108,5.79909896851,0,16.761054553437233,-1,5.79909896851,0.0,1,0.0,1,90017.92098689081,SAT,,5.841,
4,2,84,3.74234604836,0,1000.0,-1,3.74234604836,0.0,1,0.0,1,90021.66333293916,SAT,,3.773,
5,2,34,1000.0,0,1000.0,-1,90000.0,0.0,0,0.0,1,180021.66333293915,TIMEOUT,,1881.664,
6,3,108,8.4973590374,0,8.541428845721484,-1,8.4973590374,0.0,1,0.0,1,180030.16069197655,SAT,,8.546,
