Run Number,Run History Configuration ID,Instance ID,Response Value (y),Censored?,Cutoff Time Used,Seed,Runtime,Run Length,Run Result Code,Run Quality,SMAC Iteration,SMAC Cumulative Runtime,Run Result,Additional Algorithm Run Data,Wall Clock Time,
1,1,136,1000.0,0,1000.0,-1,90000.0,0.0,-1,1.0E9,0,90000.0,CRASHED,,48.337,
2,1,131,1000.0,0,1000.0,-1,90000.0,0.0,-1,1.0E9,1,180000.0,CRASHED,,4.612,
3,2,131,1000.0,0,1000.0,-1,90000.0,0.0,0,0.0,1,270000.0,TIMEOUT,,1881.67,
4,2,136,96.3935058117,0,1000.0,-1,96.3935058117,0.0,1,0.0,1,270096.3935058117,SAT,,96.437,
5,2,125,1000.0,0,1000.0,-1,90000.0,0.0,0,0.0,1,360096.3935058117,TIMEOUT,,1881.603,
6,3,136,85.4705820084,0,126.31415816803576,-1,85.4705820084,0.0,1,0.0,1,360181.8640878201,SAT,,85.576,
7,3,125,1000.0,0,1000.0,-1,90000.0,0.0,0,0.0,1,450181.8640878201,TIMEOUT,,1881.88,
8,3,131,1000.0,0,1000.0,-1,90000.0,0.0,0,0.0,1,540181.86408782,TIMEOUT,,1881.698,
