Run Number,Run History Configuration ID,Instance ID,Response Value (y),Censored?,Cutoff Time Used,Seed,Runtime,Run Length,Run Result Code,Run Quality,SMAC Iteration,SMAC Cumulative Runtime,Run Result,Additional Algorithm Run Data,Wall Clock Time,
1,1,2539,1681.38319397,0,2000.0,-1,1681.38319397,0.0,1,0.0,0,1681.38319397,SAT,,1681.686,
2,1,1975,499.403078079,0,2000.0,-1,499.403078079,0.0,1,0.0,1,2180.786272049,SAT,,499.48,
3,2,1975,1810.61594605,0,650.2266018543124,-1,1810.61594605,0.0,1,0.0,1,3991.4022180990005,SAT,,1810.685,
4,1,964,768.982887983,0,2000.0,-1,768.982887983,0.0,1,0.0,1,4760.385106082001,SAT,,769.163,
5,3,2539,1897.10378003,0,2000.0,-1,1897.10378003,0.0,1,0.0,1,6657.488886112001,SAT,,1897.191,
