Run Number,Run History Configuration ID,Instance ID,Response Value (y),Censored?,Cutoff Time Used,Seed,Runtime,Run Length,Run Result Code,Run Quality,SMAC Iteration,SMAC Cumulative Runtime,Run Result,Additional Algorithm Run Data,Wall Clock Time,
1,1,1110,52.667678833,0,2000.0,-1,52.667678833,0.0,1,0.0,0,52.667678833,SAT,,53.046,
2,1,1669,1874.14309216,0,2000.0,-1,1874.14309216,0.0,2,0.0,1,1926.810770993,UNSAT,,1879.931,
3,2,1110,50.3301680088,0,69.47058335726261,-1,50.3301680088,0.0,1,0.0,1,1977.1409390018,SAT,,52.296,
4,2,1669,1854.77660394,0,2000.0,-1,1854.77660394,0.0,2,0.0,1,3831.9175429418,UNSAT,,1855.532,
5,2,1582,2807.95657396,0,2000.0,-1,2807.95657396,0.0,1,0.0,1,6639.874116901799,SAT,,2809.393,
6,3,1582,2778.88628483,0,2000.0,-1,2778.88628483,0.0,1,0.0,1,9418.760401731799,SAT,,2780.078,
7,3,1669,1848.87581992,0,2000.0,-1,1848.87581992,0.0,2,0.0,1,11267.6362216518,UNSAT,,1849.565,
8,3,1110,47.5324680805,0,452.0191963653743,-1,47.5324680805,0.0,1,0.0,1,11315.1686897323,SAT,,47.976,
