Run Number,Run History Configuration ID,Instance ID,Response Value (y),Censored?,Cutoff Time Used,Seed,Runtime,Run Length,Run Result Code,Run Quality,SMAC Iteration,SMAC Cumulative Runtime,Run Result,Additional Algorithm Run Data,Wall Clock Time,
1,1,61,1000.0,0,1000.0,-1,90000.0,0.0,-1,1.0E9,0,90000.0,CRASHED,,5.752,
2,1,117,1000.0,0,1000.0,-1,90000.0,0.0,-1,1.0E9,1,180000.0,CRASHED,,5.849,
3,2,117,1000.0,0,1000.0,-1,90000.0,0.0,0,0.0,1,270000.0,TIMEOUT,,1882.238,
4,2,61,4.91666603088,0,1000.0,-1,4.91666603088,0.0,1,0.0,1,270004.9166660309,SAT,,4.958,
5,2,19,4.3529188633,0,1000.0,-1,4.3529188633,0.0,1,0.0,1,270009.2695848942,SAT,,4.374,
6,3,117,1000.0,0,1000.0,-1,90000.0,0.0,-1,1.0E9,1,360009.2695848942,CRASHED,,5.457,
7,3,19,1000.0,0,13.055661309856177,-1,90000.0,0.0,-1,1.0E9,1,450009.2695848942,CRASHED,,4.729,
