Run Number,Run History Configuration ID,Instance ID,Response Value (y),Censored?,Cutoff Time Used,Seed,Runtime,Run Length,Run Result Code,Run Quality,SMAC Iteration,SMAC Cumulative Runtime,Run Result,Additional Algorithm Run Data,Wall Clock Time,
1,1,274,900.0,0,900.0,-1,90000.0,0.0,-1,1.0E9,0,90000.0,CRASHED,,5.064,
2,1,353,900.0,0,900.0,-1,90000.0,0.0,-1,1.0E9,1,180000.0,CRASHED,,6.669,
3,2,274,5.1942088604,0,900.0,-1,5.1942088604,0.0,1,0.0,1,180005.1942088604,SAT,,5.274,
4,2,353,6.12434005737,0,900.0,-1,6.12434005737,0.0,1,0.0,1,180011.31854891777,SAT,,6.155,
5,2,79,295.043213129,0,900.0,-1,295.043213129,0.0,1,0.0,1,180306.36176204678,SAT,,295.084,
6,3,353,900.0,0,8.96424279396534,-1,90000.0,0.0,-1,1.0E9,1,270306.3617620468,CRASHED,,5.253,
