Run Number,Run History Configuration ID,Instance ID,Response Value (y),Censored?,Cutoff Time Used,Seed,Runtime,Run Length,Run Result Code,Run Quality,SMAC Iteration,SMAC Cumulative Runtime,Run Result,Additional Algorithm Run Data,Wall Clock Time,
1,1,180,900.0,0,900.0,-1,90000.0,0.0,-1,1.0E9,0,90000.0,CRASHED,,373.721,
2,1,271,900.0,0,900.0,-1,90000.0,0.0,-1,1.0E9,1,180000.0,CRASHED,,106.509,
3,2,271,31.381426096,0,900.0,-1,31.381426096,0.0,1,0.0,1,180031.381426096,SAT,,31.424,
4,2,180,900.0,0,900.0,-1,90000.0,0.0,0,0.0,1,270031.38142609596,TIMEOUT,,1883.582,
5,2,223,900.0,0,900.0,-1,90000.0,0.0,0,0.0,1,360031.38142609596,TIMEOUT,,1882.99,
6,3,180,900.0,0,900.0,-1,90000.0,0.0,0,0.0,1,450031.38142609596,TIMEOUT,,1883.402,
7,3,271,900.0,0,900.0,-1,90000.0,0.0,0,0.0,1,540031.381426096,TIMEOUT,,1882.645,
8,3,223,900.0,0,41.801054140898586,-1,418.6574,0.0,-1,1.0E9,1,540450.038826096,CRASHED,Run Exceeded Captime -- Treating as CRASHED;Killed Manually,440.692,
