Run Number,Run History Configuration ID,Instance ID,Response Value (y),Censored?,Cutoff Time Used,Seed,Runtime,Run Length,Run Result Code,Run Quality,SMAC Iteration,SMAC Cumulative Runtime,Run Result,Additional Algorithm Run Data,Wall Clock Time,
1,1,6,1000.0,0,1000.0,-1,90000.0,0.0,-1,1.0E9,0,90000.0,CRASHED,,10.24,
2,1,104,1000.0,0,1000.0,-1,90000.0,0.0,-1,1.0E9,1,180000.0,CRASHED,,8.983,
3,2,6,10.6200828552,0,1000.0,-1,10.6200828552,0.0,1,0.0,1,180010.6200828552,SAT,,10.649,
4,2,104,1000.0,0,1000.0,-1,90000.0,0.0,0,0.0,1,270010.6200828552,TIMEOUT,,1881.635,
5,2,136,93.1564099789,0,1000.0,-1,93.1564099789,0.0,1,0.0,1,270103.77649283415,SAT,,93.238,
6,3,136,109.04232502,0,122.105933808136,-1,109.04232502,0.0,1,0.0,1,270212.81881785416,SAT,,109.082,
