Run Number,Run History Configuration ID,Instance ID,Response Value (y),Censored?,Cutoff Time Used,Seed,Runtime,Run Length,Run Result Code,Run Quality,SMAC Iteration,SMAC Cumulative Runtime,Run Result,Additional Algorithm Run Data,Wall Clock Time,
1,1,267,226.680608034,0,2000.0,-1,226.680608034,0.0,1,0.0,0,226.680608034,SAT,,226.933,
2,1,159,145.101759911,0,2000.0,-1,145.101759911,0.0,2,0.0,1,371.782367945,UNSAT,,145.275,
3,2,267,1802.84398198,0,295.68739131872655,-1,1802.84398198,0.0,1,0.0,1,2174.626349925,SAT,,1802.915,
4,1,112,31.0403139591,0,2000.0,-1,31.0403139591,0.0,2,0.0,1,2205.6666638840998,UNSAT,,31.087,
5,3,159,626.775285959,0,189.63488898088337,-1,626.775285959,0.0,2,0.0,1,2832.4419498431,UNSAT,,626.803,
6,1,264,15.4198279381,0,2000.0,-1,15.4198279381,0.0,1,0.0,2,2847.8617777811996,SAT,,15.471,
7,4,159,851.971541166,0,189.63488898088337,-1,851.971541166,0.0,2,0.0,2,3699.8333189471996,UNSAT,,852.033,
8,1,210,11.7440071106,0,2000.0,-1,11.7440071106,0.0,1,0.0,2,3711.5773260577994,SAT,,11.876,
9,5,159,1802.80884194,0,189.63488898088337,-1,1802.80884194,0.0,2,0.0,2,5514.3861679978,UNSAT,,1802.9,
