Run Number,Run History Configuration ID,Instance ID,Response Value (y),Censored?,Cutoff Time Used,Seed,Runtime,Run Length,Run Result Code,Run Quality,SMAC Iteration,SMAC Cumulative Runtime,Run Result,Additional Algorithm Run Data,Wall Clock Time,
1,1,9,493.016016006,0,2000.0,-1,493.016016006,0.0,2,0.0,0,493.016016006,UNSAT,,493.21,
2,1,13,1539.9139111,0,2000.0,-1,1539.9139111,0.0,2,0.0,1,2032.929927106,UNSAT,,1539.997,
3,2,9,36.2110879421,0,641.9234219830215,-1,36.2110879421,0.0,2,0.0,1,2069.1410150481,UNSAT,,36.281,
4,2,13,1801.86348796,0,2000.0,-1,1801.86348796,0.0,2,0.0,1,3871.0045030081,UNSAT,,1801.94,
5,2,86,276.195163012,0,2000.0,-1,276.195163012,0.0,2,0.0,1,4147.1996660201,UNSAT,,276.27,
6,3,13,1801.8672049,0,2000.0,-1,1801.8672049,0.0,2,0.0,1,5949.0668709201,UNSAT,,1801.908,
