Run Number,Run History Configuration ID,Instance ID,Response Value (y),Censored?,Cutoff Time Used,Seed,Runtime,Run Length,Run Result Code,Run Quality,SMAC Iteration,SMAC Cumulative Runtime,Run Result,Additional Algorithm Run Data,Wall Clock Time,
1,1,284,900.0,0,900.0,-1,90000.0,0.0,-1,1.0E9,0,90000.0,CRASHED,,5.495,
2,1,266,900.0,0,900.0,-1,90000.0,0.0,-1,1.0E9,1,180000.0,CRASHED,,142.658,
3,2,266,96.3665881157,0,900.0,-1,96.3665881157,0.0,1,0.0,1,180096.3665881157,SAT,,96.418,
4,2,284,9000.0,0,900.0,-1,9000.0,0.0,2,0.0,1,189096.3665881157,UNSAT,,882.018,
5,1,350,900.0,0,900.0,-1,90000.0,0.0,-1,1.0E9,1,279096.3665881157,CRASHED,,7.393,
6,3,284,900.0,0,900.0,-1,90000.0,0.0,-1,1.0E9,1,369096.3665881157,CRASHED,,7.389,
7,3,266,900.0,0,900.0,-1,90000.0,0.0,-1,1.0E9,1,459096.3665881157,CRASHED,,27.973,
8,3,350,900.0,0,900.0,-1,90000.0,0.0,-1,1.0E9,1,549096.3665881157,CRASHED,,12.038,
