Run Number,Run History Configuration ID,Instance ID,Response Value (y),Censored?,Cutoff Time Used,Seed,Runtime,Run Length,Run Result Code,Run Quality,SMAC Iteration,SMAC Cumulative Runtime,Run Result,Additional Algorithm Run Data,Wall Clock Time,
1,1,2,900.0,0,900.0,-1,90000.0,0.0,-1,1.0E9,0,90000.0,CRASHED,,11.343,
2,1,11,900.0,0,900.0,-1,90000.0,0.0,-1,1.0E9,1,180000.0,CRASHED,,8.924,
3,2,11,29.4766659737,0,900.0,-1,29.4766659737,0.0,1,0.0,1,180029.4766659737,SAT,,29.513,
4,2,2,40.0458519459,0,900.0,-1,40.0458519459,0.0,1,0.0,1,180069.5225179196,SAT,,40.069,
5,2,143,32.769985199,0,900.0,-1,32.769985199,0.0,1,0.0,1,180102.2925031186,SAT,,32.81,
6,3,11,900.0,0,39.322266456085444,-1,90000.0,0.0,-1,1.0E9,1,270102.29250311863,CRASHED,,10.112,
