Run Number,Run History Configuration ID,Instance ID,Response Value (y),Censored?,Cutoff Time Used,Seed,Runtime,Run Length,Run Result Code,Run Quality,SMAC Iteration,SMAC Cumulative Runtime,Run Result,Additional Algorithm Run Data,Wall Clock Time,
1,1,79,32.0392878056,0,2000.0,-1,32.0392878056,0.0,2,0.0,0,32.0392878056,UNSAT,,32.168,
2,1,46,881.173495054,0,2000.0,-1,881.173495054,0.0,1,0.0,1,913.2127828596,SAT,,881.223,
3,2,46,1802.43927717,0,1146.5281440768122,-1,1802.43927717,0.0,1,0.0,1,2715.6520600296,SAT,,1802.512,
4,1,99,1554.29014206,0,2000.0,-1,1554.29014206,0.0,2,0.0,1,4269.9422020896,UNSAT,,1554.336,
5,3,79,169.36835289,0,42.653675273406506,-1,169.36835289,0.0,2,0.0,1,4439.3105549796,UNSAT,,169.408,
