Run Number,Run History Configuration ID,Instance ID,Response Value (y),Censored?,Cutoff Time Used,Seed,Runtime,Run Length,Run Result Code,Run Quality,SMAC Iteration,SMAC Cumulative Runtime,Run Result,Additional Algorithm Run Data,Wall Clock Time,
1,1,92,1000.0,0,1000.0,-1,90000.0,0.0,-1,1.0E9,0,90000.0,CRASHED,,6.367,
2,1,42,1000.0,0,1000.0,-1,90000.0,0.0,-1,1.0E9,1,180000.0,CRASHED,,6.803,
3,2,42,5.82282590866,0,1000.0,-1,5.82282590866,0.0,1,0.0,1,180005.82282590866,SAT,,5.886,
4,2,92,4.5541870594,0,1000.0,-1,4.5541870594,0.0,1,0.0,1,180010.37701296806,SAT,,4.582,
5,2,64,5.25082087517,0,1000.0,-1,5.25082087517,0.0,1,0.0,1,180015.62783384323,SAT,,5.287,
6,3,92,5.76677799225,0,6.923043344515563,-1,5.76677799225,0.0,1,0.0,1,180021.39461183548,SAT,,5.809,
