Run Number,Run History Configuration ID,Instance ID,Response Value (y),Censored?,Cutoff Time Used,Seed,Runtime,Run Length,Run Result Code,Run Quality,SMAC Iteration,SMAC Cumulative Runtime,Run Result,Additional Algorithm Run Data,Wall Clock Time,
1,1,206,900.0,0,900.0,-1,90000.0,0.0,-1,1.0E9,0,90000.0,CRASHED,,126.41,
2,1,20,900.0,0,900.0,-1,90000.0,0.0,-1,1.0E9,1,180000.0,CRASHED,,9.433,
3,2,206,18.4883921146,0,900.0,-1,18.4883921146,0.0,1,0.0,1,180018.4883921146,SAT,,18.553,
4,2,20,23.4355359077,0,900.0,-1,23.4355359077,0.0,1,0.0,1,180041.9239280223,SAT,,23.463,
5,2,267,7.77186489105,0,900.0,-1,7.77186489105,0.0,1,0.0,1,180049.69579291335,SAT,,7.8,
6,3,20,28.5852890015,0,31.468797268691663,-1,28.5852890015,0.0,1,0.0,1,180078.28108191484,SAT,,28.611,
