Run Number,Run History Configuration ID,Instance ID,Response Value (y),Censored?,Cutoff Time Used,Seed,Runtime,Run Length,Run Result Code,Run Quality,SMAC Iteration,SMAC Cumulative Runtime,Run Result,Additional Algorithm Run Data,Wall Clock Time,
1,1,8,1000.0,0,1000.0,-1,90000.0,0.0,-1,1.0E9,0,90000.0,CRASHED,,7.499,
2,1,30,1000.0,0,1000.0,-1,90000.0,0.0,-1,1.0E9,1,180000.0,CRASHED,,9.234,
3,2,8,4.9530069828,0,1000.0,-1,4.9530069828,0.0,1,0.0,1,180004.9530069828,SAT,,4.985,
4,2,30,1000.0,0,1000.0,-1,90000.0,0.0,0,0.0,1,270004.9530069828,TIMEOUT,,1881.739,
5,2,124,3.47922801971,0,1000.0,-1,3.47922801971,0.0,1,0.0,1,270008.4322350025,SAT,,3.526,
6,3,8,1000.0,0,7.441509690481425,-1,90000.0,0.0,-1,1.0E9,1,360008.4322350025,CRASHED,,7.896,
