Run Number,Run History Configuration ID,Instance ID,Response Value (y),Censored?,Cutoff Time Used,Seed,Runtime,Run Length,Run Result Code,Run Quality,SMAC Iteration,SMAC Cumulative Runtime,Run Result,Additional Algorithm Run Data,Wall Clock Time,
1,1,117,1000.0,0,1000.0,-1,90000.0,0.0,-1,1.0E9,0,90000.0,CRASHED,,5.849,
2,1,94,1000.0,0,1000.0,-1,90000.0,0.0,-1,1.0E9,1,180000.0,CRASHED,,11.082,
3,2,117,1000.0,0,1000.0,-1,90000.0,0.0,0,0.0,1,270000.0,TIMEOUT,,1881.722,
4,2,94,15.331466198,0,1000.0,-1,15.331466198,0.0,1,0.0,1,270015.331466198,SAT,,15.379,
5,2,84,3.67472696304,0,1000.0,-1,3.67472696304,0.0,1,0.0,1,270019.00619316107,SAT,,3.723,
6,3,84,4.02506685257,0,5.779745325791835,-1,4.02506685257,0.0,1,0.0,1,270023.03126001364,SAT,,4.055,
