Run Number,Run History Configuration ID,Instance ID,Response Value (y),Censored?,Cutoff Time Used,Seed,Runtime,Run Length,Run Result Code,Run Quality,SMAC Iteration,SMAC Cumulative Runtime,Run Result,Additional Algorithm Run Data,Wall Clock Time,
1,1,6,2000.0,0,2000.0,-1,90000.0,0.0,-1,1.0E9,0,90000.0,CRASHED,,9.905,
2,1,28,2000.0,0,2000.0,-1,90000.0,0.0,-1,1.0E9,1,180000.0,CRASHED,,18.578,
3,2,28,162.08373785,0,2000.0,-1,162.08373785,0.0,1,0.0,1,180162.08373785,SAT,,165.283,
4,2,6,39.2587652206,0,2000.0,-1,39.2587652206,0.0,1,0.0,1,180201.3425030706,SAT,,39.338,
5,2,90,2000.0,0,2000.0,-1,90000.0,0.0,0,0.0,1,270201.3425030706,TIMEOUT,,1883.04,
6,3,28,20.5636119843,0,211.71146034111382,-1,20.5636119843,0.0,1,0.0,1,270221.9061150549,SAT,,20.599,
7,3,90,34.3685820103,0,2000.0,-1,34.3685820103,0.0,1,0.0,1,270256.27469706524,SAT,,34.401,
8,3,6,7.60663414001,0,2000.0,-1,7.60663414001,0.0,1,0.0,1,270263.88133120525,SAT,,7.64,
