Run Number,Run History Configuration ID,Instance ID,Response Value (y),Censored?,Cutoff Time Used,Seed,Runtime,Run Length,Run Result Code,Run Quality,SMAC Iteration,SMAC Cumulative Runtime,Run Result,Additional Algorithm Run Data,Wall Clock Time,
1,1,81,1000.0,0,1000.0,-1,90000.0,0.0,-1,1.0E9,0,90000.0,CRASHED,,26.798,
2,1,132,5.04947304726,0,1000.0,-1,5.04947304726,0.0,1,0.0,1,90005.04947304726,SAT,,5.079,
3,2,81,1000.0,0,1000.0,-1,90000.0,0.0,-1,1.0E9,1,180005.04947304726,CRASHED,,49.679,
4,2,132,1000.0,0,7.568215102303029,-1,76.56145,0.0,-1,1.0E9,1,180081.61092304726,CRASHED,Run Exceeded Captime -- Treating as CRASHED;Killed Manually,80.591,
5,1,13,1000.0,0,1000.0,-1,90000.0,0.0,-1,1.0E9,1,270081.6109230473,CRASHED,,9.353,
6,3,132,5.51832604408,0,7.5669160004436975,-1,5.51832604408,0.0,1,0.0,1,270087.1292490914,SAT,,5.56,
