Run Number,Run History Configuration ID,Instance ID,Response Value (y),Censored?,Cutoff Time Used,Seed,Runtime,Run Length,Run Result Code,Run Quality,SMAC Iteration,SMAC Cumulative Runtime,Run Result,Additional Algorithm Run Data,Wall Clock Time,
1,1,97,3.90110898018,0,2000.0,-1,3.90110898018,0.0,1,0.0,0,3.90110898018,SAT,,4.013,
2,1,125,5.11849308014,0,2000.0,-1,5.11849308014,0.0,1,0.0,1,9.01960206032,SAT,,5.159,
3,2,97,3.55080699921,0,6.074042141783237,-1,3.55080699921,0.0,1,0.0,1,12.57040905953,SAT,,3.578,
4,2,125,3.91825914383,0,8.113334223973752,-1,3.91825914383,0.0,1,0.0,1,16.48866820336,SAT,,3.946,
5,2,131,4.23990392685,0,2000.0,-1,4.23990392685,0.0,1,0.0,1,20.72857213021,SAT,,4.277,
6,3,125,2000.0,0,6.096337538558244,-1,61.85354999999999,0.0,-1,1.0E9,1,82.58212213021,CRASHED,Run Exceeded Captime -- Treating as CRASHED;Killed Manually,65.109,
