Run Number,Run History Configuration ID,Instance ID,Response Value (y),Censored?,Cutoff Time Used,Seed,Runtime,Run Length,Run Result Code,Run Quality,SMAC Iteration,SMAC Cumulative Runtime,Run Result,Additional Algorithm Run Data,Wall Clock Time,
1,1,1082,95.5443089008,0,2000.0,-1,95.5443089008,0.0,1,0.0,0,95.5443089008,SAT,,96.19,
2,1,294,7.11884188652,0,2000.0,-1,7.11884188652,0.0,1,0.0,1,102.66315078732,SAT,,7.164,
3,2,294,6.36591601372,0,10.257095646458865,-1,6.36591601372,0.0,1,0.0,1,109.02906680104,SAT,,6.416,
4,2,1082,2000.0,0,126.19030521099569,-1,1263.47815,0.0,-1,1.0E9,1,1372.50721680104,CRASHED,Run Exceeded Captime -- Treating as CRASHED;Killed Manually,1329.977,
5,1,1053,383.407979012,0,2000.0,-1,383.407979012,0.0,1,0.0,1,1755.9151958130399,SAT,,388.767,
