Run Number,Run History Configuration ID,Instance ID,Response Value (y),Censored?,Cutoff Time Used,Seed,Runtime,Run Length,Run Result Code,Run Quality,SMAC Iteration,SMAC Cumulative Runtime,Run Result,Additional Algorithm Run Data,Wall Clock Time,
1,1,1082,5.22521615028,0,2000.0,-1,5.22521615028,0.0,1,0.0,0,5.22521615028,SAT,,7.603,
2,1,294,4.4402179718,0,2000.0,-1,4.4402179718,0.0,1,0.0,1,9.66543412208,SAT,,5.326,
3,2,294,4.64824986458,0,6.774883985865117,-1,4.64824986458,0.0,1,0.0,1,14.313683986660001,SAT,,4.72,
4,1,1053,5.1793179512,0,2000.0,-1,5.1793179512,0.0,1,0.0,1,19.49300193786,SAT,,5.387,
5,3,294,5.28652405739,0,6.774883985865117,-1,5.28652405739,0.0,1,0.0,1,24.77952599525,SAT,,5.336,
