Run Number,Run History Configuration ID,Instance ID,Response Value (y),Censored?,Cutoff Time Used,Seed,Runtime,Run Length,Run Result Code,Run Quality,SMAC Iteration,SMAC Cumulative Runtime,Run Result,Additional Algorithm Run Data,Wall Clock Time,
1,1,73,900.0,0,900.0,-1,90000.0,0.0,-1,1.0E9,0,90000.0,CRASHED,,9.87,
2,1,190,900.0,0,900.0,-1,90000.0,0.0,-1,1.0E9,1,180000.0,CRASHED,,179.352,
3,2,73,65.2806019783,0,900.0,-1,65.2806019783,0.0,1,0.0,1,180065.2806019783,SAT,,65.346,
4,2,190,626.1144979,0,900.0,-1,626.1144979,0.0,1,0.0,1,180691.3950998783,SAT,,626.147,
5,2,222,900.0,0,900.0,-1,90000.0,0.0,0,0.0,1,270691.3950998783,TIMEOUT,,1882.872,
6,3,190,900.0,0,814.9514480571926,-1,90000.0,0.0,-1,1.0E9,1,360691.3950998783,CRASHED,,217.796,
