Run Number,Run History Configuration ID,Instance ID,Response Value (y),Censored?,Cutoff Time Used,Seed,Runtime,Run Length,Run Result Code,Run Quality,SMAC Iteration,SMAC Cumulative Runtime,Run Result,Additional Algorithm Run Data,Wall Clock Time,
1,1,1828,1067.76761293,0,2000.0,-1,1067.76761293,0.0,1,0.0,0,1067.76761293,SAT,,1067.939,
2,1,1970,1069.75313902,0,2000.0,-1,1069.75313902,0.0,1,0.0,1,2137.52075195,SAT,,1069.813,
3,2,1828,1806.29921913,0,1389.1004979502143,-1,1806.29921913,0.0,1,0.0,1,3943.81997108,SAT,,1806.347,
4,1,54,2165.97347903,0,2000.0,-1,2165.97347903,0.0,2,0.0,1,6109.79345011,UNSAT,,2166.054,
5,3,1828,1807.13495898,0,1389.1004979502143,-1,1807.13495898,0.0,1,0.0,1,7916.92840909,SAT,,1807.226,
