Run Number,Run History Configuration ID,Instance ID,Response Value (y),Censored?,Cutoff Time Used,Seed,Runtime,Run Length,Run Result Code,Run Quality,SMAC Iteration,SMAC Cumulative Runtime,Run Result,Additional Algorithm Run Data,Wall Clock Time,
1,1,445,4.80937385559,0,2000.0,-1,4.80937385559,0.0,1,0.0,0,4.80937385559,SAT,,5.026,
2,1,2388,381.665189028,0,2000.0,-1,381.665189028,0.0,1,0.0,1,386.47456288359,SAT,,381.701,
3,2,445,8.84349322319,0,7.254786499190331,-1,8.84349322319,0.0,1,0.0,1,395.31805610678003,SAT,,8.903,
4,1,2122,2005.36573601,0,2000.0,-1,2005.36573601,0.0,1,0.0,1,2400.6837921167803,SAT,,2005.411,
5,3,2122,1879.2474649,0,2000.0,-1,1879.2474649,0.0,1,0.0,1,4279.93125701678,SAT,,1879.299,
6,3,445,130.261030912,0,2000.0,-1,130.261030912,0.0,1,0.0,1,4410.19228792878,SAT,,130.324,
7,3,2388,733.909782887,0,2000.0,-1,733.909782887,0.0,1,0.0,1,5144.10207081578,SAT,,733.952,
