Run Number,Run History Configuration ID,Instance ID,Response Value (y),Censored?,Cutoff Time Used,Seed,Runtime,Run Length,Run Result Code,Run Quality,SMAC Iteration,SMAC Cumulative Runtime,Run Result,Additional Algorithm Run Data,Wall Clock Time,
1,1,38,1000.0,0,1000.0,-1,90000.0,0.0,-1,1.0E9,0,90000.0,CRASHED,,108.34,
2,1,85,1000.0,0,1000.0,-1,90000.0,0.0,-1,1.0E9,1,180000.0,CRASHED,,5.744,
3,2,38,1000.0,0,1000.0,-1,90000.0,0.0,0,0.0,1,270000.0,TIMEOUT,,1881.787,
4,2,85,3.83493614197,0,1000.0,-1,3.83493614197,0.0,1,0.0,1,270003.83493614197,SAT,,3.874,
5,2,66,3.98112177849,0,1000.0,-1,3.98112177849,0.0,1,0.0,1,270007.81605792046,SAT,,4.023,
6,3,85,1000.0,0,5.988018110740184,-1,90000.0,0.0,-1,1.0E9,1,360007.81605792046,CRASHED,,20.756,
