Run Number,Run History Configuration ID,Instance ID,Response Value (y),Censored?,Cutoff Time Used,Seed,Runtime,Run Length,Run Result Code,Run Quality,SMAC Iteration,SMAC Cumulative Runtime,Run Result,Additional Algorithm Run Data,Wall Clock Time,
1,1,177,43.1586790085,0,2000.0,-1,43.1586790085,0.0,1,0.0,0,43.1586790085,SAT,,43.992,
2,1,1876,1020.08020496,0,2000.0,-1,1020.08020496,0.0,1,0.0,1,1063.2388839685,SAT,,1020.236,
3,2,1876,508.554674149,0,1327.106866881597,-1,508.554674149,0.0,1,0.0,1,1571.7935581175,SAT,,508.934,
4,2,177,10.5633230209,0,722.0933731537044,-1,10.5633230209,0.0,1,0.0,1,1582.3568811384,SAT,,10.648,
5,2,220,10.4681670666,0,2000.0,-1,10.4681670666,0.0,1,0.0,1,1592.825048205,SAT,,10.548,
6,3,177,10.0692961216,0,14.734920569109917,-1,10.0692961216,0.0,1,0.0,1,1602.8943443266,SAT,,10.16,
7,3,220,1803.08309007,0,676.3771287988603,-1,1803.08309007,0.0,1,0.0,1,3405.9774343966,SAT,,1803.237,
