Run Number,Run History Configuration ID,Instance ID,Response Value (y),Censored?,Cutoff Time Used,Seed,Runtime,Run Length,Run Result Code,Run Quality,SMAC Iteration,SMAC Cumulative Runtime,Run Result,Additional Algorithm Run Data,Wall Clock Time,
1,1,17,5.62660598755,0,2000.0,-1,5.62660598755,0.0,2,0.0,0,5.62660598755,UNSAT,,5.748,
2,1,106,3.54873299599,0,2000.0,-1,3.54873299599,0.0,1,0.0,1,9.17533898354,SAT,,3.57,
3,2,17,5.17921280861,0,8.31718788330555,-1,5.17921280861,0.0,2,0.0,1,14.35455179215,UNSAT,,5.215,
4,2,106,4.68077516556,0,6.198864885020256,-1,4.68077516556,0.0,1,0.0,1,19.035326957709998,SAT,,4.708,
5,1,57,4.21951508522,0,2000.0,-1,4.21951508522,0.0,1,0.0,1,23.254842042929997,SAT,,4.337,
6,3,106,4.86694407463,0,5.615953158932924,-1,4.86694407463,0.0,1,0.0,1,28.12178611756,SAT,,4.912,
