Run Number,Run History Configuration ID,Instance ID,Response Value (y),Censored?,Cutoff Time Used,Seed,Runtime,Run Length,Run Result Code,Run Quality,SMAC Iteration,SMAC Cumulative Runtime,Run Result,Additional Algorithm Run Data,Wall Clock Time,
1,1,34,4.19556879997,0,2000.0,-1,4.19556879997,0.0,1,0.0,0,4.19556879997,SAT,,4.305,
2,1,126,3.68307995796,0,2000.0,-1,3.68307995796,0.0,1,0.0,1,7.87864875793,SAT,,3.706,
3,2,34,5.44594502449,0,6.456840120601655,-1,5.44594502449,0.0,1,0.0,1,13.32459378242,SAT,,5.515,
4,1,38,4.12363290787,0,2000.0,-1,4.12363290787,0.0,1,0.0,1,17.44822669029,SAT,,4.237,
5,3,126,3.75734710693,0,5.7906042676150795,-1,3.75734710693,0.0,1,0.0,1,21.205573797219998,SAT,,3.801,
