Run Number,Run History Configuration ID,Instance ID,Response Value (y),Censored?,Cutoff Time Used,Seed,Runtime,Run Length,Run Result Code,Run Quality,SMAC Iteration,SMAC Cumulative Runtime,Run Result,Additional Algorithm Run Data,Wall Clock Time,
1,1,1262,887.310716867,0,2000.0,-1,887.310716867,0.0,1,0.0,0,887.310716867,SAT,,887.576,
2,1,698,1123.26128793,0,2000.0,-1,1123.26128793,0.0,1,0.0,1,2010.5720047969999,SAT,,1123.335,
3,2,698,1804.33251095,0,1461.2422744635226,-1,1804.33251095,0.0,1,0.0,1,3814.904515747,SAT,,1804.412,
4,1,2392,1270.76528001,0,2000.0,-1,1270.76528001,0.0,1,0.0,1,5085.6697957569995,SAT,,1270.94,
5,3,1262,461.731400013,0,1154.5065327439188,-1,461.731400013,0.0,1,0.0,1,5547.4011957699995,SAT,,461.792,
6,3,2392,1184.20514894,0,2000.0,-1,1184.20514894,0.0,1,0.0,1,6731.60634471,SAT,,1184.234,
7,3,698,652.392737865,0,2000.0,-1,652.392737865,0.0,1,0.0,1,7383.999082574999,SAT,,652.467,
