Run Number,Run History Configuration ID,Instance ID,Response Value (y),Censored?,Cutoff Time Used,Seed,Runtime,Run Length,Run Result Code,Run Quality,SMAC Iteration,SMAC Cumulative Runtime,Run Result,Additional Algorithm Run Data,Wall Clock Time,
1,1,68,117.530746937,0,2000.0,-1,117.530746937,0.0,2,0.0,0,117.530746937,UNSAT,,117.747,
2,1,101,1802.2709198,0,2000.0,-1,1802.2709198,0.0,2,0.0,1,1919.801666737,UNSAT,,1802.333,
3,2,68,11.069576025,0,153.7925718243897,-1,11.069576025,0.0,2,0.0,1,1930.871242762,UNSAT,,11.107,
4,2,101,1802.15015078,0,2000.0,-1,1802.15015078,0.0,2,0.0,1,3733.021393542,UNSAT,,1802.198,
5,2,118,8.23225522041,0,2000.0,-1,8.23225522041,0.0,2,0.0,1,3741.25364876241,UNSAT,,8.278,
6,3,118,13.6390480995,0,11.704532418745757,-1,13.6390480995,0.0,2,0.0,1,3754.8926968619103,UNSAT,,13.688,
