Run Number,Run History Configuration ID,Instance ID,Response Value (y),Censored?,Cutoff Time Used,Seed,Runtime,Run Length,Run Result Code,Run Quality,SMAC Iteration,SMAC Cumulative Runtime,Run Result,Additional Algorithm Run Data,Wall Clock Time,
1,1,177,28.9027070999,0,2000.0,-1,28.9027070999,0.0,1,0.0,0,28.9027070999,SAT,,29.094,
2,1,1876,995.317848921,0,2000.0,-1,995.317848921,0.0,1,0.0,1,1024.2205560209,SAT,,995.428,
3,2,1876,442.817321062,0,1294.9158044423639,-1,442.817321062,0.0,1,0.0,1,1467.0378770829,SAT,,442.889,
4,2,177,6.53600907326,0,756.8281060907722,-1,6.53600907326,0.0,1,0.0,1,1473.57388615616,SAT,,6.565,
5,2,220,5.94238519669,0,2000.0,-1,5.94238519669,0.0,1,0.0,1,1479.51627135285,SAT,,5.987,
6,3,177,6.65290379524,0,9.499412950474024,-1,6.65290379524,0.0,1,0.0,1,1486.16917514809,SAT,,6.694,
