Run Number,Run History Configuration ID,Instance ID,Response Value (y),Censored?,Cutoff Time Used,Seed,Runtime,Run Length,Run Result Code,Run Quality,SMAC Iteration,SMAC Cumulative Runtime,Run Result,Additional Algorithm Run Data,Wall Clock Time,
1,1,273,900.0,0,900.0,-1,90000.0,0.0,-1,1.0E9,0,90000.0,CRASHED,,6.246,
2,1,330,900.0,0,900.0,-1,90000.0,0.0,-1,1.0E9,1,180000.0,CRASHED,,6.481,
3,2,330,5.23574018478,0,900.0,-1,5.23574018478,0.0,1,0.0,1,180005.23574018478,SAT,,5.254,
4,2,273,4.71174097061,0,900.0,-1,4.71174097061,0.0,1,0.0,1,180009.9474811554,SAT,,4.751,
5,2,555,4.38495278358,0,900.0,-1,4.38495278358,0.0,1,0.0,1,180014.33243393898,SAT,,4.482,
6,3,555,900.0,0,6.703039173382521,-1,90000.0,0.0,-1,1.0E9,1,270014.332433939,CRASHED,,5.153,
