Run Number,Run History Configuration ID,Instance ID,Response Value (y),Censored?,Cutoff Time Used,Seed,Runtime,Run Length,Run Result Code,Run Quality,SMAC Iteration,SMAC Cumulative Runtime,Run Result,Additional Algorithm Run Data,Wall Clock Time,
1,1,114,4.78248381615,0,2000.0,-1,4.78248381615,0.0,1,0.0,0,4.78248381615,SAT,,4.892,
2,1,23,7.06351804733,0,2000.0,-1,7.06351804733,0.0,2,0.0,1,11.84600186348,UNSAT,,7.093,
3,2,23,4.46578907967,0,10.18517407436967,-1,4.46578907967,0.0,2,0.0,1,16.31179094315,UNSAT,,4.508,
4,2,114,2000.0,0,10.598177079457045,-1,106.56815,0.0,-1,1.0E9,1,122.87994094315,CRASHED,Run Exceeded Captime -- Treating as CRASHED;Killed Manually,112.177,
5,1,19,5.39783620834,0,2000.0,-1,5.39783620834,0.0,2,0.0,1,128.27777715149,UNSAT,,5.44,
6,3,23,4.24188303947,0,10.18517407436967,-1,4.24188303947,0.0,2,0.0,1,132.51966019096,UNSAT,,4.29,
7,3,114,2000.0,0,17.90774258633256,-1,179.67254999999997,0.0,-1,1.0E9,1,312.19221019095994,CRASHED,Run Exceeded Captime -- Treating as CRASHED;Killed Manually,189.129,
