Run Number,Run History Configuration ID,Instance ID,Response Value (y),Censored?,Cutoff Time Used,Seed,Runtime,Run Length,Run Result Code,Run Quality,SMAC Iteration,SMAC Cumulative Runtime,Run Result,Additional Algorithm Run Data,Wall Clock Time,
1,1,154,150.105490923,0,2000.0,-1,150.105490923,0.0,2,0.0,0,150.105490923,UNSAT,,150.346,
2,1,106,20.614828825,0,2000.0,-1,20.614828825,0.0,2,0.0,1,170.72031974799998,UNSAT,,20.655,
3,2,106,48.6162238121,0,27.801877901303772,-1,48.6162238121,0.0,2,0.0,1,219.33654356009998,UNSAT,,48.661,
4,1,10,545.848325014,0,2000.0,-1,545.848325014,0.0,2,0.0,1,765.1848685740999,UNSAT,,545.886,
5,3,154,1803.00294805,0,196.13973897730114,-1,1803.00294805,0.0,2,0.0,1,2568.1878166241,UNSAT,,1803.126,
