Run Number,Run History Configuration ID,Instance ID,Response Value (y),Censored?,Cutoff Time Used,Seed,Runtime,Run Length,Run Result Code,Run Quality,SMAC Iteration,SMAC Cumulative Runtime,Run Result,Additional Algorithm Run Data,Wall Clock Time,
1,1,121,16.6975231171,0,2000.0,-1,16.6975231171,0.0,2,0.0,0,16.6975231171,UNSAT,,16.806,
2,1,23,151.94646287,0,2000.0,-1,151.94646287,0.0,2,0.0,1,168.6439859871,UNSAT,,152.203,
3,2,23,5.47672104836,0,198.533001810658,-1,5.47672104836,0.0,2,0.0,1,174.12070703546,UNSAT,,5.515,
4,2,121,22.3941569328,0,213.12134544213416,-1,22.3941569328,0.0,2,0.0,1,196.51486396826,UNSAT,,22.413,
5,2,55,1802.078264,0,2000.0,-1,1802.078264,0.0,1,0.0,1,1998.59312796826,SAT,,1802.162,
6,3,121,32.1879019737,0,30.11500443180204,-1,32.1879019737,0.0,2,0.0,1,2030.78102994196,UNSAT,,32.23,
