Run Number,Run History Configuration ID,Instance ID,Response Value (y),Censored?,Cutoff Time Used,Seed,Runtime,Run Length,Run Result Code,Run Quality,SMAC Iteration,SMAC Cumulative Runtime,Run Result,Additional Algorithm Run Data,Wall Clock Time,
1,1,325,3.24047899246,0,2000.0,-1,3.24047899246,0.0,1,0.0,0,3.24047899246,SAT,,3.513,
2,1,441,4.86795806885,0,2000.0,-1,4.86795806885,0.0,1,0.0,1,8.10843706131,SAT,,4.986,
3,2,325,2.52715396881,0,5.2152232158660885,-1,2.52715396881,0.0,1,0.0,1,10.635591030119999,SAT,,2.569,
4,2,441,4.34718394279,0,8.259568538862467,-1,4.34718394279,0.0,1,0.0,1,14.982774972909999,SAT,,4.422,
5,2,694,2.71656990051,0,2000.0,-1,2.71656990051,0.0,1,0.0,1,17.69934487342,SAT,,2.796,
6,3,325,2.90485286713,0,4.287900578576327,-1,2.90485286713,0.0,1,0.0,1,20.60419774055,SAT,,2.971,
