Run Number,Run History Configuration ID,Instance ID,Response Value (y),Censored?,Cutoff Time Used,Seed,Runtime,Run Length,Run Result Code,Run Quality,SMAC Iteration,SMAC Cumulative Runtime,Run Result,Additional Algorithm Run Data,Wall Clock Time,
1,1,325,4.16315102577,0,2000.0,-1,4.16315102577,0.0,1,0.0,0,4.16315102577,SAT,,4.376,
2,1,441,309.153347969,0,2000.0,-1,309.153347969,0.0,1,0.0,1,313.31649899477,SAT,,309.264,
3,2,325,4.53003716469,0,6.414697401571274,-1,4.53003716469,0.0,1,0.0,1,317.84653615945996,SAT,,4.582,
4,1,694,5.81492304802,0,2000.0,-1,5.81492304802,0.0,1,0.0,1,323.66145920747994,SAT,,5.857,
5,3,325,2000.0,0,6.414697401571274,-1,64.67504999999998,0.0,-1,1.0E9,1,388.33650920747993,CRASHED,Run Exceeded Captime -- Treating as CRASHED;Killed Manually,68.079,
