Run Number,Run History Configuration ID,Instance ID,Response Value (y),Censored?,Cutoff Time Used,Seed,Runtime,Run Length,Run Result Code,Run Quality,SMAC Iteration,SMAC Cumulative Runtime,Run Result,Additional Algorithm Run Data,Wall Clock Time,
1,1,76,5.65729403496,0,2000.0,-1,5.65729403496,0.0,2,0.0,0,5.65729403496,UNSAT,,5.797,
2,1,153,64.5964620113,0,2000.0,-1,64.5964620113,0.0,1,0.0,1,70.25375604626001,SAT,,64.635,
3,2,76,4.76273393631,0,8.357082296508551,-1,4.76273393631,0.0,2,0.0,1,75.01648998257001,UNSAT,,4.799,
4,2,153,20.8969080448,0,86.1422299299121,-1,20.8969080448,0.0,1,0.0,1,95.91339802737001,SAT,,20.927,
5,2,26,4.07454919815,0,2000.0,-1,4.07454919815,0.0,2,0.0,1,99.98794722552,UNSAT,,4.114,
6,3,153,2000.0,0,28.16858057712317,-1,282.34475,0.0,-1,1.0E9,1,382.33269722551995,CRASHED,Run Exceeded Captime -- Treating as CRASHED;Killed Manually,297.205,
