Run Number,Run History Configuration ID,Instance ID,Response Value (y),Censored?,Cutoff Time Used,Seed,Runtime,Run Length,Run Result Code,Run Quality,SMAC Iteration,SMAC Cumulative Runtime,Run Result,Additional Algorithm Run Data,Wall Clock Time,
1,1,83,1000.0,0,1000.0,-1,90000.0,0.0,0,0.0,0,90000.0,TIMEOUT,,1894.989,
2,1,10,1000.0,0,1000.0,-1,90000.0,0.0,-1,1.0E9,1,180000.0,CRASHED,,5.688,
3,2,83,1000.0,0,1000.0,-1,90000.0,0.0,0,0.0,1,270000.0,TIMEOUT,,1890.048,
4,2,10,5.11879396439,0,1000.0,-1,5.11879396439,0.0,1,0.0,1,270005.1187939644,SAT,,5.154,
5,2,58,3.97491693497,0,1000.0,-1,3.97491693497,0.0,1,0.0,1,270009.09371089935,SAT,,4.06,
6,3,83,1000.0,0,1000.0,-1,90000.0,0.0,0,0.0,1,360009.09371089935,TIMEOUT,,1890.179,
7,3,58,1000.0,0,12.827024225491286,-1,90000.0,0.0,-1,1.0E9,1,450009.09371089935,CRASHED,,5.282,
