Run Number,Run History Configuration ID,Instance ID,Response Value (y),Censored?,Cutoff Time Used,Seed,Runtime,Run Length,Run Result Code,Run Quality,SMAC Iteration,SMAC Cumulative Runtime,Run Result,Additional Algorithm Run Data,Wall Clock Time,
1,1,14,57.167858839,0,2000.0,-1,57.167858839,0.0,2,0.0,0,57.167858839,UNSAT,,57.297,
2,1,112,4.94285702705,0,2000.0,-1,4.94285702705,0.0,1,0.0,1,62.11071586605,SAT,,5.072,
3,2,112,4.60780692101,0,7.4283152710378175,-1,4.60780692101,0.0,1,0.0,1,66.71852278706,SAT,,4.637,
4,2,14,365.546458006,0,75.75768184696436,-1,365.546458006,0.0,2,0.0,1,432.26498079306003,UNSAT,,365.589,
5,1,109,1801.79031587,0,2000.0,-1,1801.79031587,0.0,1,0.0,1,2234.0552966630603,SAT,,1801.823,
6,3,14,570.838866949,0,75.32081677426696,-1,570.838866949,0.0,2,0.0,1,2804.8941636120603,UNSAT,,570.897,
