Run Number,Run History Configuration ID,Instance ID,Response Value (y),Censored?,Cutoff Time Used,Seed,Runtime,Run Length,Run Result Code,Run Quality,SMAC Iteration,SMAC Cumulative Runtime,Run Result,Additional Algorithm Run Data,Wall Clock Time,
1,1,112,4.94285702705,0,2000.0,-1,4.94285702705,0.0,1,0.0,0,4.94285702705,SAT,,5.072,
2,1,38,3.8747959137,0,2000.0,-1,3.8747959137,0.0,1,0.0,1,8.81765294075,SAT,,3.91,
3,2,38,3.81320095062,0,6.039835688072443,-1,3.81320095062,0.0,1,0.0,1,12.63085389137,SAT,,3.857,
4,2,112,8.42159485817,0,7.509687718349696,-1,8.42159485817,0.0,1,0.0,1,21.052448749539998,SAT,,8.447,
5,1,15,6.10633587837,0,2000.0,-1,6.10633587837,0.0,2,0.0,1,27.15878462791,UNSAT,,6.135,
6,3,38,3.94355297089,0,6.039835688072443,-1,3.94355297089,0.0,1,0.0,1,31.1023375988,SAT,,3.976,
