Run Number,Run History Configuration ID,Instance ID,Response Value (y),Censored?,Cutoff Time Used,Seed,Runtime,Run Length,Run Result Code,Run Quality,SMAC Iteration,SMAC Cumulative Runtime,Run Result,Additional Algorithm Run Data,Wall Clock Time,
1,1,2547,1089.68227196,0,2000.0,-1,1089.68227196,0.0,1,0.0,0,1089.68227196,SAT,,1090.022,
2,1,1747,985.392011166,0,2000.0,-1,985.392011166,0.0,1,0.0,1,2075.074283126,SAT,,985.521,
3,2,1747,63.2422480583,0,1282.0122155252575,-1,63.2422480583,0.0,1,0.0,1,2138.3165311843,SAT,,63.307,
4,2,2547,636.740962029,0,2000.0,-1,636.740962029,0.0,1,0.0,1,2775.0574932133,SAT,,636.766,
5,2,2371,1811.94135404,0,2000.0,-1,1811.94135404,0.0,1,0.0,1,4586.9988472533005,SAT,,1811.983,
6,3,2371,1011.35715818,0,2000.0,-1,1011.35715818,0.0,1,0.0,1,5598.3560054333,SAT,,1011.391,
7,3,1747,839.879462004,0,1951.742828067738,-1,839.879462004,0.0,1,0.0,1,6438.2354674373,SAT,,839.994,
8,3,2547,1559.79920101,0,859.8995280343771,-1,1559.79920101,0.0,1,0.0,1,7998.0346684473,SAT,,1559.92,
