Run Number,Run History Configuration ID,Instance ID,Response Value (y),Censored?,Cutoff Time Used,Seed,Runtime,Run Length,Run Result Code,Run Quality,SMAC Iteration,SMAC Cumulative Runtime,Run Result,Additional Algorithm Run Data,Wall Clock Time,
1,1,147,99.0463089943,0,2000.0,-1,99.0463089943,0.0,1,0.0,0,99.0463089943,SAT,,99.173,
2,1,114,4.7004108429,0,2000.0,-1,4.7004108429,0.0,1,0.0,1,103.7467198372,SAT,,4.737,
3,2,114,4.76710700989,0,7.113134757030011,-1,4.76710700989,0.0,1,0.0,1,108.51382684709,SAT,,4.804,
4,1,103,15.6854219437,0,2000.0,-1,15.6854219437,0.0,1,0.0,1,124.19924879079,SAT,,15.722,
5,3,114,4.50546789169,0,7.113134757030011,-1,4.50546789169,0.0,1,0.0,1,128.70471668247998,SAT,,4.531,
6,3,103,445.038616896,0,150.40987645124198,-1,445.038616896,0.0,1,0.0,1,573.74333357848,SAT,,445.065,
