Run Number,Run History Configuration ID,Instance ID,Response Value (y),Censored?,Cutoff Time Used,Seed,Runtime,Run Length,Run Result Code,Run Quality,SMAC Iteration,SMAC Cumulative Runtime,Run Result,Additional Algorithm Run Data,Wall Clock Time,
1,1,43,4.07488512993,0,2000.0,-1,4.07488512993,0.0,1,0.0,0,4.07488512993,SAT,,4.207,
2,1,153,64.5964620113,0,2000.0,-1,64.5964620113,0.0,1,0.0,1,68.67134714123,SAT,,64.635,
3,2,153,70.3849549294,0,84.97800099511744,-1,70.3849549294,0.0,1,0.0,1,139.05630207063,SAT,,70.44,
4,1,38,4.12363290787,0,2000.0,-1,4.12363290787,0.0,1,0.0,1,143.1799349785,SAT,,4.237,
5,3,153,136.486887932,0,84.97800099511744,-1,136.486887932,0.0,1,0.0,1,279.6668229105,SAT,,136.53,
