Run Number,Run History Configuration ID,Instance ID,Response Value (y),Censored?,Cutoff Time Used,Seed,Runtime,Run Length,Run Result Code,Run Quality,SMAC Iteration,SMAC Cumulative Runtime,Run Result,Additional Algorithm Run Data,Wall Clock Time,
1,1,39,1801.83511901,0,2000.0,-1,1801.83511901,0.0,1,0.0,0,1801.83511901,SAT,,1802.044,
2,1,150,103.649124146,0,2000.0,-1,103.649124146,0.0,1,0.0,1,1905.484243156,SAT,,103.812,
3,2,150,220.439049006,0,135.74646216665508,-1,220.439049006,0.0,1,0.0,1,2125.923292162,SAT,,220.521,
4,1,64,3.70752501488,0,2000.0,-1,3.70752501488,0.0,1,0.0,1,2129.63081717688,SAT,,3.757,
5,3,64,4.48178815842,0,5.822383229035139,-1,4.48178815842,0.0,1,0.0,1,2134.1126053353,SAT,,4.522,
6,1,98,3.60300779343,0,2000.0,-1,3.60300779343,0.0,1,0.0,2,2137.71561312873,SAT,,3.726,
7,4,98,4.55543494225,0,5.68651025031805,-1,4.55543494225,0.0,1,0.0,2,2142.27104807098,SAT,,4.609,
8,1,46,5.11954808235,0,2000.0,-1,5.11954808235,0.0,1,0.0,2,2147.39059615333,SAT,,5.155,
9,5,64,6.57367396355,0,5.822383229035139,-1,6.57367396355,0.0,1,0.0,2,2153.96427011688,SAT,,6.626,
