Run Number,Run History Configuration ID,Instance ID,Response Value (y),Censored?,Cutoff Time Used,Seed,Runtime,Run Length,Run Result Code,Run Quality,SMAC Iteration,SMAC Cumulative Runtime,Run Result,Additional Algorithm Run Data,Wall Clock Time,
1,1,504,900.0,0,900.0,-1,90000.0,0.0,-1,1.0E9,0,90000.0,CRASHED,,5.808,
2,1,327,900.0,0,900.0,-1,90000.0,0.0,-1,1.0E9,1,180000.0,CRASHED,,6.296,
3,2,327,5.04916810989,0,900.0,-1,5.04916810989,0.0,1,0.0,1,180005.0491681099,SAT,,5.083,
4,2,504,881.833467007,0,900.0,-1,881.833467007,0.0,1,0.0,1,180886.8826351169,SAT,,881.864,
5,2,410,881.733225107,0,900.0,-1,881.733225107,0.0,1,0.0,1,181768.6158602239,SAT,,881.76,
6,3,504,900.0,0,900.0,-1,90000.0,0.0,-1,1.0E9,1,271768.6158602239,CRASHED,,5.257,
