Run Number,Run History Configuration ID,Instance ID,Response Value (y),Censored?,Cutoff Time Used,Seed,Runtime,Run Length,Run Result Code,Run Quality,SMAC Iteration,SMAC Cumulative Runtime,Run Result,Additional Algorithm Run Data,Wall Clock Time,
1,1,69,125.533087969,0,2000.0,-1,125.533087969,0.0,2,0.0,0,125.533087969,UNSAT,,125.774,
2,1,160,141.897374868,0,2000.0,-1,141.897374868,0.0,2,0.0,1,267.430462837,UNSAT,,141.953,
3,2,160,1802.13701797,0,185.46918750588895,-1,1802.13701797,0.0,2,0.0,1,2069.567480807,UNSAT,,1802.171,
4,1,239,396.853887081,0,2000.0,-1,396.853887081,0.0,1,0.0,1,2466.4213678879996,SAT,,397.083,
5,3,69,423.136717081,0,164.19561485608222,-1,423.136717081,0.0,2,0.0,1,2889.5580849689995,UNSAT,,423.183,
6,1,30,1272.9089911,0,2000.0,-1,1272.9089911,0.0,2,0.0,2,4162.467076069,UNSAT,,1273.139,
7,4,239,616.251811981,0,516.9126540314138,-1,616.251811981,0.0,1,0.0,2,4778.71888805,SAT,,616.353,
8,1,190,149.093494892,0,2000.0,-1,149.093494892,0.0,1,0.0,2,4927.812382942,SAT,,149.382,
9,5,30,1802.1081481,0,1655.7842888761045,-1,1802.1081481,0.0,2,0.0,2,6729.920531042,UNSAT,,1802.169,
