Run Number,Run History Configuration ID,Instance ID,Response Value (y),Censored?,Cutoff Time Used,Seed,Runtime,Run Length,Run Result Code,Run Quality,SMAC Iteration,SMAC Cumulative Runtime,Run Result,Additional Algorithm Run Data,Wall Clock Time,
1,1,410,900.0,0,900.0,-1,90000.0,0.0,-1,1.0E9,0,90000.0,CRASHED,,7.559,
2,1,352,900.0,0,900.0,-1,90000.0,0.0,-1,1.0E9,1,180000.0,CRASHED,,5.7,
3,2,352,6.53769302368,0,900.0,-1,6.53769302368,0.0,1,0.0,1,180006.53769302368,SAT,,6.561,
4,2,410,900.0,0,900.0,-1,90000.0,0.0,0,0.0,1,270006.5376930237,TIMEOUT,,1881.723,
5,2,548,4.60726690292,0,900.0,-1,4.60726690292,0.0,1,0.0,1,270011.1449599266,SAT,,4.671,
6,3,410,882.265604973,0,900.0,-1,882.265604973,0.0,1,0.0,1,270893.4105648996,SAT,,882.404,
7,3,352,22.3558881283,0,900.0,-1,22.3558881283,0.0,1,0.0,1,270915.7664530279,SAT,,22.378,
8,3,548,881.992540836,0,900.0,-1,881.992540836,0.0,1,0.0,1,271797.7589938639,SAT,,882.033,
