Run Number,Run History Configuration ID,Instance ID,Response Value (y),Censored?,Cutoff Time Used,Seed,Runtime,Run Length,Run Result Code,Run Quality,SMAC Iteration,SMAC Cumulative Runtime,Run Result,Additional Algorithm Run Data,Wall Clock Time,
1,1,33,1000.0,0,1000.0,-1,90000.0,0.0,-1,1.0E9,0,90000.0,CRASHED,,7.77,
2,1,83,1000.0,0,1000.0,-1,90000.0,0.0,0,0.0,1,180000.0,TIMEOUT,,1890.802,
3,2,83,1000.0,0,1000.0,-1,90000.0,0.0,0,0.0,1,270000.0,TIMEOUT,,1890.095,
4,2,33,18.5320830345,0,1000.0,-1,18.5320830345,0.0,1,0.0,1,270018.5320830345,SAT,,18.574,
5,2,28,5.59927892685,0,1000.0,-1,5.59927892685,0.0,1,0.0,1,270024.13136196136,SAT,,5.635,
6,3,83,1000.0,0,1000.0,-1,90000.0,0.0,0,0.0,1,360024.13136196136,TIMEOUT,,1890.346,
7,3,28,6.27750396729,0,32.37597075139284,-1,6.27750396729,0.0,1,0.0,1,360030.40886592865,SAT,,6.309,
8,3,33,1000.0,0,24.215216271924977,-1,90000.0,0.0,-1,1.0E9,1,450030.40886592865,CRASHED,,10.529,
