Run Number,Run History Configuration ID,Instance ID,Response Value (y),Censored?,Cutoff Time Used,Seed,Runtime,Run Length,Run Result Code,Run Quality,SMAC Iteration,SMAC Cumulative Runtime,Run Result,Additional Algorithm Run Data,Wall Clock Time,
1,1,134,9.69748806953,0,1000.0,-1,9.69748806953,0.0,1,0.0,0,9.69748806953,SAT,,9.807,
2,1,102,1000.0,0,1000.0,-1,90000.0,0.0,-1,1.0E9,1,90009.69748806953,CRASHED,,5.104,
3,2,102,58.1086320877,0,1000.0,-1,58.1086320877,0.0,1,0.0,1,90067.80612015723,SAT,,58.142,
4,2,134,7.43690395355,0,1000.0,-1,7.43690395355,0.0,1,0.0,1,90075.24302411078,SAT,,7.461,
5,2,38,1000.0,0,1000.0,-1,90000.0,0.0,0,0.0,1,180075.2430241108,TIMEOUT,,1881.868,
6,3,134,18.1121749878,0,10.670575674968958,-1,18.1121749878,0.0,1,0.0,1,180093.3551990986,SAT,,18.149,
