Run Number,Run History Configuration ID,Instance ID,Response Value (y),Censored?,Cutoff Time Used,Seed,Runtime,Run Length,Run Result Code,Run Quality,SMAC Iteration,SMAC Cumulative Runtime,Run Result,Additional Algorithm Run Data,Wall Clock Time,
1,1,241,853.207411051,0,2000.0,-1,853.207411051,0.0,1,0.0,0,853.207411051,SAT,,853.432,
2,1,17,1802.94499898,0,2000.0,-1,1802.94499898,0.0,2,0.0,1,2656.152410031,UNSAT,,1802.99,
3,2,241,1804.35002184,0,1110.1722349304437,-1,1804.35002184,0.0,1,0.0,1,4460.502431871,SAT,,1804.438,
4,1,103,15.2205228806,0,2000.0,-1,15.2205228806,0.0,2,0.0,1,4475.7229547516,UNSAT,,15.299,
5,3,17,1802.08628893,0,2000.0,-1,1802.08628893,0.0,2,0.0,1,6277.8092436816,UNSAT,,1802.122,
6,3,103,105.59485817,0,1131.0778372812747,-1,105.59485817,0.0,2,0.0,1,6383.4041018516,UNSAT,,105.631,
7,3,241,4.02967786789,0,993.8045224066556,-1,4.02967786789,0.0,1,0.0,1,6387.43377971949,SAT,,4.053,
