Run Number,Run History Configuration ID,Instance ID,Response Value (y),Censored?,Cutoff Time Used,Seed,Runtime,Run Length,Run Result Code,Run Quality,SMAC Iteration,SMAC Cumulative Runtime,Run Result,Additional Algorithm Run Data,Wall Clock Time,
1,1,112,4.30059695244,0,1000.0,-1,4.30059695244,0.0,1,0.0,0,4.30059695244,SAT,,4.42,
2,1,71,1000.0,0,1000.0,-1,90000.0,0.0,-1,1.0E9,1,90004.30059695244,CRASHED,,6.52,
3,2,112,5.12203407288,0,6.593376573520899,-1,5.12203407288,0.0,1,0.0,1,90009.42263102531,SAT,,5.202,
4,1,62,1000.0,0,1000.0,-1,90000.0,0.0,-1,1.0E9,1,180009.4226310253,CRASHED,,5.067,
5,3,71,1000.0,0,1000.0,-1,90000.0,0.0,0,0.0,1,270009.4226310253,TIMEOUT,,1881.93,
6,3,112,1000.0,0,1000.0,-1,90000.0,0.0,0,0.0,1,360009.4226310253,TIMEOUT,,1881.874,
7,3,62,1000.0,0,6.595977198678256,-1,66.62825000000001,0.0,-1,1.0E9,1,360076.0508810253,CRASHED,Run Exceeded Captime -- Treating as CRASHED;Killed Manually,70.135,
