Run Number,Run History Configuration ID,Instance ID,Response Value (y),Censored?,Cutoff Time Used,Seed,Runtime,Run Length,Run Result Code,Run Quality,SMAC Iteration,SMAC Cumulative Runtime,Run Result,Additional Algorithm Run Data,Wall Clock Time,
1,1,7,900.0,0,900.0,-1,90000.0,0.0,-1,1.0E9,0,90000.0,CRASHED,,11.008,
2,1,374,900.0,0,900.0,-1,90000.0,0.0,-1,1.0E9,1,180000.0,CRASHED,,6.122,
3,2,7,14.2889890671,0,900.0,-1,14.2889890671,0.0,1,0.0,1,180014.2889890671,SAT,,14.415,
4,2,374,900.0,0,900.0,-1,90000.0,0.0,0,0.0,1,270014.2889890671,TIMEOUT,,1881.78,
5,2,156,13.8986580372,0,900.0,-1,13.8986580372,0.0,1,0.0,1,270028.18764710426,SAT,,13.92,
6,3,7,900.0,0,19.578286845582724,-1,90000.0,0.0,-1,1.0E9,1,360028.18764710426,CRASHED,,8.869,
