Run Number,Run History Configuration ID,Instance ID,Response Value (y),Censored?,Cutoff Time Used,Seed,Runtime,Run Length,Run Result Code,Run Quality,SMAC Iteration,SMAC Cumulative Runtime,Run Result,Additional Algorithm Run Data,Wall Clock Time,
1,1,33,1100.0,0,1100.0,-1,90000.0,0.0,0,0.0,0,90000.0,TIMEOUT,,1882.415,
2,1,2,1100.0,0,1100.0,-1,90000.0,0.0,-1,1.0E9,1,180000.0,CRASHED,,6.612,
3,2,33,1100.0,0,1100.0,-1,90000.0,0.0,0,0.0,1,270000.0,TIMEOUT,,1881.56,
4,2,2,55.8174500465,0,1100.0,-1,55.8174500465,0.0,1,0.0,1,270055.8174500465,SAT,,55.843,
5,2,26,29.8930909634,0,1100.0,-1,29.8930909634,0.0,1,0.0,1,270085.7105410099,SAT,,29.934,
6,3,2,1100.0,0,73.56528510187864,-1,90000.0,0.0,-1,1.0E9,1,360085.7105410099,CRASHED,,5.809,
