Run Number,Run History Configuration ID,Instance ID,Response Value (y),Censored?,Cutoff Time Used,Seed,Runtime,Run Length,Run Result Code,Run Quality,SMAC Iteration,SMAC Cumulative Runtime,Run Result,Additional Algorithm Run Data,Wall Clock Time,
1,1,136,3.99374103546,0,2000.0,-1,3.99374103546,0.0,1,0.0,0,3.99374103546,SAT,,4.115,
2,1,55,5.30271697044,0,2000.0,-1,5.30271697044,0.0,1,0.0,1,9.2964580059,SAT,,5.374,
3,2,136,4.46515989304,0,6.19446392019391,-1,4.46515989304,0.0,1,0.0,1,13.761617898939999,SAT,,4.508,
4,1,149,128.438632011,0,2000.0,-1,128.438632011,0.0,1,0.0,1,142.20024990994,SAT,,128.526,
5,3,149,452.85352993,0,167.97282191773058,-1,452.85352993,0.0,1,0.0,1,595.05377983994,SAT,,452.9,
