Run Number,Run History Configuration ID,Instance ID,Response Value (y),Censored?,Cutoff Time Used,Seed,Runtime,Run Length,Run Result Code,Run Quality,SMAC Iteration,SMAC Cumulative Runtime,Run Result,Additional Algorithm Run Data,Wall Clock Time,
1,1,34,1000.0,0,1000.0,-1,90000.0,0.0,-1,1.0E9,0,90000.0,CRASHED,,8.974,
2,1,50,1000.0,0,1000.0,-1,90000.0,0.0,-1,1.0E9,1,180000.0,CRASHED,,5.846,
3,2,34,1000.0,0,1000.0,-1,90000.0,0.0,0,0.0,1,270000.0,TIMEOUT,,1881.988,
4,2,50,5.39440917969,0,1000.0,-1,5.39440917969,0.0,1,0.0,1,270005.3944091797,SAT,,5.429,
5,2,65,5.39103889465,0,1000.0,-1,5.39103889465,0.0,1,0.0,1,270010.78544807434,SAT,,5.428,
6,3,65,1000.0,0,8.010950953114033,-1,90000.0,0.0,-1,1.0E9,1,360010.78544807434,CRASHED,,6.438,
