Run Number,Run History Configuration ID,Instance ID,Response Value (y),Censored?,Cutoff Time Used,Seed,Runtime,Run Length,Run Result Code,Run Quality,SMAC Iteration,SMAC Cumulative Runtime,Run Result,Additional Algorithm Run Data,Wall Clock Time,
1,1,87,1000.0,0,1000.0,-1,90000.0,0.0,-1,1.0E9,0,90000.0,CRASHED,,4.82,
2,1,128,1000.0,0,1000.0,-1,90000.0,0.0,0,0.0,1,180000.0,TIMEOUT,,1882.352,
3,2,128,1000.0,0,1000.0,-1,90000.0,0.0,0,0.0,1,270000.0,TIMEOUT,,1881.932,
4,2,87,881.635262012,0,1000.0,-1,881.635262012,0.0,1,0.0,1,270881.635262012,SAT,,881.653,
5,2,113,3.49091410637,0,1000.0,-1,3.49091410637,0.0,1,0.0,1,270885.1261761184,SAT,,3.59,
6,3,87,1000.0,0,1000.0,-1,90000.0,0.0,-1,1.0E9,1,360885.1261761184,CRASHED,,4.604,
