Run Number,Run History Configuration ID,Instance ID,Response Value (y),Censored?,Cutoff Time Used,Seed,Runtime,Run Length,Run Result Code,Run Quality,SMAC Iteration,SMAC Cumulative Runtime,Run Result,Additional Algorithm Run Data,Wall Clock Time,
1,1,92,4.22679781914,0,2000.0,-1,4.22679781914,0.0,1,0.0,0,4.22679781914,SAT,,4.336,
2,1,55,5.30271697044,0,2000.0,-1,5.30271697044,0.0,1,0.0,1,9.529514789579999,SAT,,5.374,
3,2,92,8.1164329052,0,6.497437961745263,-1,8.1164329052,0.0,1,0.0,1,17.64594769478,SAT,,8.157,
4,1,94,3.42658996582,0,2000.0,-1,3.42658996582,0.0,1,0.0,1,21.0725376606,SAT,,3.601,
5,3,55,8.4558172226,0,7.896132383841277,-1,8.4558172226,0.0,1,0.0,1,29.5283548832,SAT,,8.496,
