Run Number,Run History Configuration ID,Instance ID,Response Value (y),Censored?,Cutoff Time Used,Seed,Runtime,Run Length,Run Result Code,Run Quality,SMAC Iteration,SMAC Cumulative Runtime,Run Result,Additional Algorithm Run Data,Wall Clock Time,
1,1,149,128.438632011,0,2000.0,-1,128.438632011,0.0,1,0.0,0,128.438632011,SAT,,128.526,
2,1,39,1801.50045204,0,2000.0,-1,1801.50045204,0.0,1,0.0,1,1929.939084051,SAT,,1801.526,
3,2,39,1801.3952961,0,2000.0,-1,1801.3952961,0.0,1,0.0,1,3731.334380151,SAT,,1801.436,
4,2,149,2000.0,0,168.11082455177905,-1,1681.8458,0.0,-1,1.0E9,1,5413.180180151,CRASHED,Run Exceeded Captime -- Treating as CRASHED;Killed Manually,1770.364,
5,1,143,63.7599020004,0,2000.0,-1,63.7599020004,0.0,1,0.0,1,5476.9400821514,SAT,,63.789,
6,3,149,219.20095706,0,167.97282191773058,-1,219.20095706,0.0,1,0.0,1,5696.1410392114,SAT,,219.245,
