Run Number,Run History Configuration ID,Instance ID,Response Value (y),Censored?,Cutoff Time Used,Seed,Runtime,Run Length,Run Result Code,Run Quality,SMAC Iteration,SMAC Cumulative Runtime,Run Result,Additional Algorithm Run Data,Wall Clock Time,
1,1,53,1000.0,0,1000.0,-1,90000.0,0.0,-1,1.0E9,0,90000.0,CRASHED,,6.317,
2,1,18,1000.0,0,1000.0,-1,90000.0,0.0,-1,1.0E9,1,180000.0,CRASHED,,5.351,
3,2,53,4.74785709381,0,1000.0,-1,4.74785709381,0.0,1,0.0,1,180004.7478570938,SAT,,4.789,
4,2,18,5.06062483788,0,1000.0,-1,5.06062483788,0.0,1,0.0,1,180009.8084819317,SAT,,5.093,
5,2,71,4.4259018898,0,1000.0,-1,4.4259018898,0.0,1,0.0,1,180014.2343838215,SAT,,4.457,
6,3,53,1000.0,0,7.174814854162932,-1,90000.0,0.0,-1,1.0E9,1,270014.2343838215,CRASHED,,5.331,
