Run Number,Run History Configuration ID,Instance ID,Response Value (y),Censored?,Cutoff Time Used,Seed,Runtime,Run Length,Run Result Code,Run Quality,SMAC Iteration,SMAC Cumulative Runtime,Run Result,Additional Algorithm Run Data,Wall Clock Time,
1,1,73,3.69801211357,0,2000.0,-1,3.69801211357,0.0,2,0.0,0,3.69801211357,UNSAT,,3.843,
2,1,50,3.69214200974,0,2000.0,-1,3.69214200974,0.0,1,0.0,1,7.390154123309999,SAT,,3.808,
3,2,50,4.17239499092,0,5.802385777580738,-1,4.17239499092,0.0,1,0.0,1,11.562549114229999,SAT,,4.207,
4,1,105,18.4384710789,0,2000.0,-1,18.4384710789,0.0,1,0.0,1,30.00102019313,SAT,,18.534,
5,3,50,3.76404500008,0,5.802385777580738,-1,3.76404500008,0.0,1,0.0,1,33.76506519321,SAT,,3.785,
