Run Number,Run History Configuration ID,Instance ID,Response Value (y),Censored?,Cutoff Time Used,Seed,Runtime,Run Length,Run Result Code,Run Quality,SMAC Iteration,SMAC Cumulative Runtime,Run Result,Additional Algorithm Run Data,Wall Clock Time,
1,1,4,1000.0,0,1000.0,-1,90000.0,0.0,0,0.0,0,90000.0,TIMEOUT,,1882.09,
2,1,132,5.04780721664,0,1000.0,-1,5.04780721664,0.0,1,0.0,1,90005.04780721664,SAT,,5.177,
3,2,4,1000.0,0,1000.0,-1,90000.0,0.0,0,0.0,1,180005.04780721664,TIMEOUT,,1881.683,
4,2,132,3.9215362072,0,7.566050336110592,-1,3.9215362072,0.0,1,0.0,1,180008.96934342384,SAT,,3.984,
5,2,123,881.882441998,0,1000.0,-1,881.882441998,0.0,1,0.0,1,180890.85178542184,SAT,,882.004,
6,3,123,1000.0,0,1000.0,-1,90000.0,0.0,-1,1.0E9,1,270890.85178542184,CRASHED,,5.194,
