Run Number,Run History Configuration ID,Instance ID,Response Value (y),Censored?,Cutoff Time Used,Seed,Runtime,Run Length,Run Result Code,Run Quality,SMAC Iteration,SMAC Cumulative Runtime,Run Result,Additional Algorithm Run Data,Wall Clock Time,
1,1,36,4.28061199188,0,1000.0,-1,4.28061199188,0.0,1,0.0,0,4.28061199188,SAT,,4.412,
2,1,11,1000.0,0,1000.0,-1,90000.0,0.0,-1,1.0E9,1,90004.28061199188,CRASHED,,7.861,
3,2,36,4.56190299988,0,6.567395747053624,-1,4.56190299988,0.0,1,0.0,1,90008.84251499176,SAT,,4.618,
4,1,42,1000.0,0,1000.0,-1,90000.0,0.0,-1,1.0E9,1,180008.84251499176,CRASHED,,6.803,
5,3,42,1000.0,0,1000.0,-1,90000.0,0.0,-1,1.0E9,1,270008.84251499176,CRASHED,,9.607,
6,3,36,3.73929595947,0,1000.0,-1,3.73929595947,0.0,1,0.0,1,270012.58181095123,SAT,,3.774,
7,3,11,1000.0,0,1000.0,-1,90000.0,0.0,-1,1.0E9,1,360012.58181095123,CRASHED,,9.428,
