Run Number,Run History Configuration ID,Instance ID,Response Value (y),Censored?,Cutoff Time Used,Seed,Runtime,Run Length,Run Result Code,Run Quality,SMAC Iteration,SMAC Cumulative Runtime,Run Result,Additional Algorithm Run Data,Wall Clock Time,
1,1,123,48.5850021839,0,2000.0,-1,48.5850021839,0.0,1,0.0,0,48.5850021839,SAT,,48.708,
2,1,90,3.95002007484,0,2000.0,-1,3.95002007484,0.0,1,0.0,1,52.53502225874,SAT,,4.066,
3,2,123,63.2854628563,0,64.16310331632495,-1,63.2854628563,0.0,1,0.0,1,115.82048511504,SAT,,63.327,
4,1,56,5.79561710358,0,2000.0,-1,5.79561710358,0.0,1,0.0,1,121.61610221862,SAT,,5.829,
5,3,123,63.2859261036,0,64.16310331632495,-1,63.2859261036,0.0,1,0.0,1,184.90202832222,SAT,,63.318,
