Run Number,Run History Configuration ID,Instance ID,Response Value (y),Censored?,Cutoff Time Used,Seed,Runtime,Run Length,Run Result Code,Run Quality,SMAC Iteration,SMAC Cumulative Runtime,Run Result,Additional Algorithm Run Data,Wall Clock Time,
1,1,12,1000.0,0,1000.0,-1,90000.0,0.0,-1,1.0E9,0,90000.0,CRASHED,,4.734,
2,1,130,1000.0,0,1000.0,-1,90000.0,0.0,-1,1.0E9,1,180000.0,CRASHED,,4.142,
3,2,130,213.899930954,0,1000.0,-1,213.899930954,0.0,1,0.0,1,180213.899930954,SAT,,213.958,
4,2,12,4.57639098167,0,1000.0,-1,4.57639098167,0.0,1,0.0,1,180218.47632193568,SAT,,4.611,
5,2,92,1000.0,0,1000.0,-1,90000.0,0.0,0,0.0,1,270218.47632193565,TIMEOUT,,1881.587,
6,3,92,1000.0,0,1000.0,-1,90000.0,0.0,0,0.0,1,360218.47632193565,TIMEOUT,,1881.57,
7,3,12,1000.0,0,285.0244189504266,-1,90000.0,0.0,-1,1.0E9,1,450218.47632193565,CRASHED,,4.063,
