Run Number,Run History Configuration ID,Instance ID,Response Value (y),Censored?,Cutoff Time Used,Seed,Runtime,Run Length,Run Result Code,Run Quality,SMAC Iteration,SMAC Cumulative Runtime,Run Result,Additional Algorithm Run Data,Wall Clock Time,
1,1,381,900.0,0,900.0,-1,90000.0,0.0,-1,1.0E9,0,90000.0,CRASHED,,5.814,
2,1,242,900.0,0,900.0,-1,90000.0,0.0,-1,1.0E9,1,180000.0,CRASHED,,106.272,
3,2,381,4.95990300179,0,900.0,-1,4.95990300179,0.0,1,0.0,1,180004.95990300179,SAT,,5.005,
4,2,242,900.0,0,900.0,-1,90000.0,0.0,0,0.0,1,270004.9599030018,TIMEOUT,,1882.621,
5,2,132,900.0,0,900.0,-1,90000.0,0.0,0,0.0,1,360004.9599030018,TIMEOUT,,1882.98,
6,3,132,900.0,0,900.0,-1,90000.0,0.0,-1,1.0E9,1,450004.9599030018,CRASHED,,47.066,
7,3,381,900.0,0,900.0,-1,90000.0,0.0,-1,1.0E9,1,540004.9599030018,CRASHED,,6.455,
8,3,242,900.0,0,7.453073997396231,-1,90000.0,0.0,-1,1.0E9,1,630004.9599030018,CRASHED,,34.956,
