Run Number,Run History Configuration ID,Instance ID,Response Value (y),Censored?,Cutoff Time Used,Seed,Runtime,Run Length,Run Result Code,Run Quality,SMAC Iteration,SMAC Cumulative Runtime,Run Result,Additional Algorithm Run Data,Wall Clock Time,
1,1,2539,1011.37976694,0,2000.0,-1,1011.37976694,0.0,1,0.0,0,1011.37976694,SAT,,1011.761,
2,1,1975,296.328444958,0,2000.0,-1,296.328444958,0.0,1,0.0,1,1307.708211898,SAT,,296.388,
3,2,1975,481.078039885,0,386.2295787673175,-1,481.078039885,0.0,1,0.0,1,1788.786251783,SAT,,481.155,
4,1,964,665.992794037,0,2000.0,-1,665.992794037,0.0,1,0.0,1,2454.7790458199997,SAT,,666.087,
5,3,2539,1884.45506907,0,1315.7962976846575,-1,1884.45506907,0.0,1,0.0,1,4339.23411489,SAT,,1884.577,
6,1,2602,738.336545944,0,2000.0,-1,738.336545944,0.0,1,0.0,2,5077.570660834,SAT,,738.375,
7,4,2602,1820.63941908,0,960.8401105630875,-1,1820.63941908,0.0,1,0.0,2,6898.210079914,SAT,,1820.742,
8,1,1280,1138.80035305,0,2000.0,-1,1138.80035305,0.0,2,0.0,2,8037.010432964,UNSAT,,1138.886,
9,5,2602,1125.31065297,0,960.8401105630875,-1,1125.31065297,0.0,1,0.0,2,9162.321085934,SAT,,1125.343,
