Run Number,Run History Configuration ID,Instance ID,Response Value (y),Censored?,Cutoff Time Used,Seed,Runtime,Run Length,Run Result Code,Run Quality,SMAC Iteration,SMAC Cumulative Runtime,Run Result,Additional Algorithm Run Data,Wall Clock Time,
1,1,2539,1011.37976694,0,2000.0,-1,1011.37976694,0.0,1,0.0,0,1011.37976694,SAT,,1011.761,
2,1,1975,296.328444958,0,2000.0,-1,296.328444958,0.0,1,0.0,1,1307.708211898,SAT,,296.388,
3,2,1975,481.078039885,0,386.2295787673175,-1,481.078039885,0.0,1,0.0,1,1788.786251783,SAT,,481.155,
4,1,964,665.992794037,0,2000.0,-1,665.992794037,0.0,1,0.0,1,2454.7790458199997,SAT,,666.087,
5,3,2539,1884.45506907,0,1315.7962976846575,-1,1884.45506907,0.0,1,0.0,1,4339.23411489,SAT,,1884.577,
