Run Number,Run History Configuration ID,Instance ID,Response Value (y),Censored?,Cutoff Time Used,Seed,Runtime,Run Length,Run Result Code,Run Quality,SMAC Iteration,SMAC Cumulative Runtime,Run Result,Additional Algorithm Run Data,Wall Clock Time,
1,1,140,3.73553109169,0,2000.0,-1,3.73553109169,0.0,1,0.0,0,3.73553109169,SAT,,3.892,
2,1,50,3.69214200974,0,2000.0,-1,3.69214200974,0.0,1,0.0,1,7.42767310143,SAT,,3.808,
3,2,140,8.46618103981,0,5.858790770518779,-1,8.46618103981,0.0,1,0.0,1,15.893854141239999,SAT,,8.512,
4,1,80,4.66452002525,0,2000.0,-1,4.66452002525,0.0,2,0.0,1,20.558374166489997,UNSAT,,4.807,
5,3,50,3.02612400055,0,5.802385777580738,-1,3.02612400055,0.0,1,0.0,1,23.584498167039996,SAT,,3.071,
6,3,140,3.83223295212,0,12.791090075272322,-1,3.83223295212,0.0,1,0.0,1,27.416731119159998,SAT,,3.878,
7,3,80,4.01955389977,0,7.809188206094504,-1,4.01955389977,0.0,2,0.0,1,31.436285018929997,UNSAT,,4.051,
