Run Number,Run History Configuration ID,Instance ID,Response Value (y),Censored?,Cutoff Time Used,Seed,Runtime,Run Length,Run Result Code,Run Quality,SMAC Iteration,SMAC Cumulative Runtime,Run Result,Additional Algorithm Run Data,Wall Clock Time,
1,1,20,1000.0,0,1000.0,-1,90000.0,0.0,-1,1.0E9,0,90000.0,CRASHED,,5.037,
2,1,27,1000.0,0,1000.0,-1,90000.0,0.0,-1,1.0E9,1,180000.0,CRASHED,,5.985,
3,2,20,5.93778896332,0,1000.0,-1,5.93778896332,0.0,1,0.0,1,180005.93778896332,SAT,,5.983,
4,2,27,8.78090691566,0,1000.0,-1,8.78090691566,0.0,1,0.0,1,180014.71869587898,SAT,,8.802,
5,2,135,1000.0,0,1000.0,-1,90000.0,0.0,0,0.0,1,270014.718695879,TIMEOUT,,1881.574,
6,3,27,1000.0,0,12.417779293256999,-1,90000.0,0.0,-1,1.0E9,1,360014.718695879,CRASHED,,7.647,
