Run Number,Run History Configuration ID,Instance ID,Response Value (y),Censored?,Cutoff Time Used,Seed,Runtime,Run Length,Run Result Code,Run Quality,SMAC Iteration,SMAC Cumulative Runtime,Run Result,Additional Algorithm Run Data,Wall Clock Time,
1,1,190,149.093494892,0,2000.0,-1,149.093494892,0.0,1,0.0,0,149.093494892,SAT,,149.382,
2,1,211,15.4506649971,0,2000.0,-1,15.4506649971,0.0,1,0.0,1,164.5441598891,SAT,,15.524,
3,2,211,2000.0,0,21.08846454729438,-1,211.85285,0.0,-1,1.0E9,1,376.3970098891,CRASHED,Run Exceeded Captime -- Treating as CRASHED;Killed Manually,223.003,
4,1,222,1802.24732018,0,2000.0,-1,1802.24732018,0.0,1,0.0,1,2178.6443300691,SAT,,1802.3,
5,3,190,1801.69029689,0,194.82414348830582,-1,1801.69029689,0.0,1,0.0,1,3980.3346269590998,SAT,,1801.73,
