Run Number,Run History Configuration ID,Instance ID,Response Value (y),Censored?,Cutoff Time Used,Seed,Runtime,Run Length,Run Result Code,Run Quality,SMAC Iteration,SMAC Cumulative Runtime,Run Result,Additional Algorithm Run Data,Wall Clock Time,
1,1,152,117.628557205,0,2000.0,-1,117.628557205,0.0,2,0.0,0,117.628557205,UNSAT,,117.834,
2,1,10,488.51452589,0,2000.0,-1,488.51452589,0.0,2,0.0,1,606.1430830950001,UNSAT,,488.578,
3,2,10,590.522552967,0,636.0714838731766,-1,590.522552967,0.0,2,0.0,1,1196.665636062,UNSAT,,590.589,
4,1,118,12.3674659729,0,2000.0,-1,12.3674659729,0.0,2,0.0,1,1209.0331020349,UNSAT,,12.504,
5,3,118,47.1396570206,0,17.080306716609,-1,47.1396570206,0.0,2,0.0,1,1256.1727590555,UNSAT,,47.211,
