Run Number,Run History Configuration ID,Instance ID,Response Value (y),Censored?,Cutoff Time Used,Seed,Runtime,Run Length,Run Result Code,Run Quality,SMAC Iteration,SMAC Cumulative Runtime,Run Result,Additional Algorithm Run Data,Wall Clock Time,
1,1,257,13.8651440144,0,2000.0,-1,13.8651440144,0.0,2,0.0,0,13.8651440144,UNSAT,,13.997,
2,1,44,1019.56357908,0,2000.0,-1,1019.56357908,0.0,1,0.0,1,1033.4287230943999,SAT,,1019.651,
3,2,44,1803.98766708,0,1326.435253013271,-1,1803.98766708,0.0,1,0.0,1,2837.4163901743996,SAT,,1804.05,
4,1,131,46.199409008,0,2000.0,-1,46.199409008,0.0,2,0.0,1,2883.6157991823998,UNSAT,,46.349,
5,3,131,54.7568089962,0,61.06183239107132,-1,54.7568089962,0.0,2,0.0,1,2938.3726081786,UNSAT,,54.787,
6,1,55,928.37095499,0,2000.0,-1,928.37095499,0.0,1,0.0,2,3866.7435631686,SAT,,928.46,
7,4,131,547.703482866,0,61.06183239107132,-1,547.703482866,0.0,2,0.0,2,4414.4470460346,UNSAT,,547.739,
8,1,154,150.105490923,0,2000.0,-1,150.105490923,0.0,2,0.0,2,4564.5525369576,UNSAT,,150.346,
9,5,55,1314.016752,0,1207.8848423327981,-1,1314.016752,0.0,1,0.0,2,5878.5692889576,SAT,,1314.092,
