Run Number,Run History Configuration ID,Instance ID,Response Value (y),Censored?,Cutoff Time Used,Seed,Runtime,Run Length,Run Result Code,Run Quality,SMAC Iteration,SMAC Cumulative Runtime,Run Result,Additional Algorithm Run Data,Wall Clock Time,
1,1,48,1000.0,0,1000.0,-1,90000.0,0.0,-1,1.0E9,0,90000.0,CRASHED,,4.71,
2,1,91,1000.0,0,1000.0,-1,90000.0,0.0,0,0.0,1,180000.0,TIMEOUT,,1882.235,
3,2,48,1000.0,0,1000.0,-1,90000.0,0.0,0,0.0,1,270000.0,TIMEOUT,,1881.859,
4,2,91,1000.0,0,1000.0,-1,90000.0,0.0,0,0.0,1,360000.0,TIMEOUT,,1881.774,
5,1,71,1000.0,0,1000.0,-1,90000.0,0.0,-1,1.0E9,1,450000.0,CRASHED,,4.649,
6,3,48,1000.0,0,1000.0,-1,90000.0,0.0,0,0.0,1,540000.0,TIMEOUT,,1881.795,
7,3,71,3.94088101387,0,1000.0,-1,3.94088101387,0.0,1,0.0,1,540003.9408810139,SAT,,3.968,
8,3,91,1000.0,0,1000.0,-1,90000.0,0.0,0,0.0,1,630003.9408810139,TIMEOUT,,1881.696,
