Run Number,Run History Configuration ID,Instance ID,Response Value (y),Censored?,Cutoff Time Used,Seed,Runtime,Run Length,Run Result Code,Run Quality,SMAC Iteration,SMAC Cumulative Runtime,Run Result,Additional Algorithm Run Data,Wall Clock Time,
1,1,53,3.85345220566,0,2000.0,-1,3.85345220566,0.0,1,0.0,0,3.85345220566,SAT,,3.979,
2,1,20,4.43707299232,0,2000.0,-1,4.43707299232,0.0,2,0.0,1,8.29052519798,UNSAT,,4.503,
3,2,53,3.68580985069,0,6.012088422077894,-1,3.68580985069,0.0,1,0.0,1,11.976335048669998,SAT,,3.722,
4,2,20,4.10895419121,0,6.990030024546385,-1,4.10895419121,0.0,2,0.0,1,16.085289239879998,UNSAT,,4.147,
5,2,103,1801.40257621,0,2000.0,-1,1801.40257621,0.0,1,0.0,1,1817.48786544988,SAT,,1801.452,
6,3,20,9.05279493332,0,6.344240799891949,-1,9.05279493332,0.0,2,0.0,1,1826.5406603832,UNSAT,,9.139,
