Run Number,Run History Configuration ID,Instance ID,Response Value (y),Censored?,Cutoff Time Used,Seed,Runtime,Run Length,Run Result Code,Run Quality,SMAC Iteration,SMAC Cumulative Runtime,Run Result,Additional Algorithm Run Data,Wall Clock Time,
1,1,132,5.72314620018,0,1000.0,-1,5.72314620018,0.0,1,0.0,0,5.72314620018,SAT,,5.855,
2,1,113,5.02295279503,0,1000.0,-1,5.02295279503,0.0,1,0.0,1,10.746098995210001,SAT,,5.08,
3,2,132,4.70148396492,0,8.442691050815583,-1,4.70148396492,0.0,1,0.0,1,15.447582960130003,SAT,,4.763,
4,2,113,3.86959004402,0,8.861900203275681,-1,3.86959004402,0.0,1,0.0,1,19.317173004150003,SAT,,3.9,
5,2,35,4.65481090546,0,1000.0,-1,4.65481090546,0.0,1,0.0,1,23.971983909610003,SAT,,4.704,
6,3,113,3.3369410038,0,6.033067766922712,-1,3.3369410038,0.0,1,0.0,1,27.308924913410003,SAT,,3.376,
7,3,35,5.53643894196,0,13.860827207911015,-1,5.53643894196,0.0,1,0.0,1,32.84536385537,SAT,,5.581,
8,3,132,3.87183904648,0,6.663456641483307,-1,3.87183904648,0.0,1,0.0,1,36.71720290185,SAT,,3.901,
