Run Number,Run History Configuration ID,Instance ID,Response Value (y),Censored?,Cutoff Time Used,Seed,Runtime,Run Length,Run Result Code,Run Quality,SMAC Iteration,SMAC Cumulative Runtime,Run Result,Additional Algorithm Run Data,Wall Clock Time,
1,1,82,1000.0,0,1000.0,-1,90000.0,0.0,-1,1.0E9,0,90000.0,CRASHED,,7.019,
2,1,116,8.30652499199,0,1000.0,-1,8.30652499199,0.0,1,0.0,1,90008.30652499199,SAT,,8.404,
3,2,82,4.69263601303,0,1000.0,-1,4.69263601303,0.0,1,0.0,1,90012.99916100502,SAT,,4.734,
4,2,116,7.69904494286,0,1000.0,-1,7.69904494286,0.0,1,0.0,1,90020.69820594788,SAT,,7.723,
5,2,107,5.30299592018,0,1000.0,-1,5.30299592018,0.0,1,0.0,1,90026.00120186806,SAT,,5.338,
6,3,107,6.81633114815,0,7.896495599645377,-1,6.81633114815,0.0,1,0.0,1,90032.8175330162,SAT,,6.852,
