Run Number,Run History Configuration ID,Instance ID,Response Value (y),Censored?,Cutoff Time Used,Seed,Runtime,Run Length,Run Result Code,Run Quality,SMAC Iteration,SMAC Cumulative Runtime,Run Result,Additional Algorithm Run Data,Wall Clock Time,
1,1,151,900.0,0,900.0,-1,90000.0,0.0,-1,1.0E9,0,90000.0,CRASHED,,108.943,
2,1,155,900.0,0,900.0,-1,90000.0,0.0,-1,1.0E9,1,180000.0,CRASHED,,535.423,
3,2,151,11.2531168461,0,900.0,-1,11.2531168461,0.0,1,0.0,1,180011.2531168461,SAT,,11.28,
4,2,155,12.0137119293,0,900.0,-1,12.0137119293,0.0,1,0.0,1,180023.2668287754,SAT,,12.033,
5,2,485,4.30247092247,0,900.0,-1,4.30247092247,0.0,1,0.0,1,180027.56929969788,SAT,,4.378,
6,3,155,900.0,0,16.62042586912513,-1,90000.0,0.0,-1,1.0E9,1,270027.5692996979,CRASHED,,26.936,
