Run Number,Run History Configuration ID,Instance ID,Response Value (y),Censored?,Cutoff Time Used,Seed,Runtime,Run Length,Run Result Code,Run Quality,SMAC Iteration,SMAC Cumulative Runtime,Run Result,Additional Algorithm Run Data,Wall Clock Time,
1,1,154,1000.0,0,1000.0,-1,90000.0,0.0,0,0.0,0,90000.0,TIMEOUT,,1968.239,
2,1,63,1000.0,0,1000.0,-1,90000.0,0.0,-1,1.0E9,1,180000.0,CRASHED,,4.549,
3,2,154,1000.0,0,1000.0,-1,90000.0,0.0,0,0.0,1,270000.0,TIMEOUT,,1965.494,
4,2,63,3.62342500687,0,1000.0,-1,3.62342500687,0.0,1,0.0,1,270003.62342500687,SAT,,3.661,
5,2,36,5.64991807938,0,1000.0,-1,5.64991807938,0.0,1,0.0,1,270009.27334308624,SAT,,5.683,
6,3,36,3.92537403107,0,8.347494609999657,-1,3.92537403107,0.0,1,0.0,1,270013.1987171173,SAT,,3.948,
7,3,154,1000.0,0,1000.0,-1,90000.0,0.0,0,0.0,1,360013.1987171173,TIMEOUT,,1965.822,
8,3,63,3.64937520027,0,7.957560651350022,-1,3.64937520027,0.0,1,0.0,1,360016.8480923176,SAT,,3.696,
