Run Number,Run History Configuration ID,Instance ID,Response Value (y),Censored?,Cutoff Time Used,Seed,Runtime,Run Length,Run Result Code,Run Quality,SMAC Iteration,SMAC Cumulative Runtime,Run Result,Additional Algorithm Run Data,Wall Clock Time,
1,1,441,900.0,0,900.0,-1,90000.0,0.0,-1,1.0E9,0,90000.0,CRASHED,,6.989,
2,1,371,900.0,0,900.0,-1,90000.0,0.0,-1,1.0E9,1,180000.0,CRASHED,,5.34,
3,2,371,900.0,0,900.0,-1,90000.0,0.0,0,0.0,1,270000.0,TIMEOUT,,1882.136,
4,2,441,4.30971980095,0,900.0,-1,4.30971980095,0.0,1,0.0,1,270004.30971980095,SAT,,4.351,
5,2,93,93.8155970573,0,900.0,-1,93.8155970573,0.0,1,0.0,1,270098.12531685823,SAT,,93.861,
6,3,441,11.8702440262,0,6.6052367802441125,-1,11.8702440262,0.0,1,0.0,1,270109.9955608844,SAT,,11.912,
