Run Number,Run History Configuration ID,Instance ID,Response Value (y),Censored?,Cutoff Time Used,Seed,Runtime,Run Length,Run Result Code,Run Quality,SMAC Iteration,SMAC Cumulative Runtime,Run Result,Additional Algorithm Run Data,Wall Clock Time,
1,1,136,3.82719492912,0,2000.0,-1,3.82719492912,0.0,1,0.0,0,3.82719492912,SAT,,3.942,
2,1,131,4.00090408325,0,2000.0,-1,4.00090408325,0.0,1,0.0,1,7.82809901237,SAT,,4.133,
3,2,131,12.8065931797,0,6.203775562691689,-1,12.8065931797,0.0,1,0.0,1,20.63469219207,SAT,,12.866,
4,1,125,4.8791270256,0,2000.0,-1,4.8791270256,0.0,1,0.0,1,25.513819217669997,SAT,,5.042,
5,3,136,3.94058585167,0,5.977954611527919,-1,3.94058585167,0.0,1,0.0,1,29.454405069339998,SAT,,3.981,
