Run Number,Run History Configuration ID,Instance ID,Response Value (y),Censored?,Cutoff Time Used,Seed,Runtime,Run Length,Run Result Code,Run Quality,SMAC Iteration,SMAC Cumulative Runtime,Run Result,Additional Algorithm Run Data,Wall Clock Time,
1,1,71,900.0,0,900.0,-1,90000.0,0.0,-1,1.0E9,0,90000.0,CRASHED,,12.259,
2,1,515,900.0,0,900.0,-1,90000.0,0.0,-1,1.0E9,1,180000.0,CRASHED,,5.7,
3,2,71,38.2512488365,0,900.0,-1,38.2512488365,0.0,1,0.0,1,180038.2512488365,SAT,,38.31,
4,2,515,881.750990868,0,900.0,-1,881.750990868,0.0,1,0.0,1,180920.00223970448,SAT,,881.797,
5,2,386,881.943976879,0,900.0,-1,881.943976879,0.0,1,0.0,1,181801.94621658348,SAT,,881.989,
6,3,386,900.0,0,900.0,-1,90000.0,0.0,0,0.0,1,271801.9462165835,TIMEOUT,,1882.265,
