Run Number,Run History Configuration ID,Instance ID,Response Value (y),Censored?,Cutoff Time Used,Seed,Runtime,Run Length,Run Result Code,Run Quality,SMAC Iteration,SMAC Cumulative Runtime,Run Result,Additional Algorithm Run Data,Wall Clock Time,
1,1,73,1000.0,0,1000.0,-1,90000.0,0.0,0,0.0,0,90000.0,TIMEOUT,,1882.074,
2,1,50,4.14641213417,0,1000.0,-1,4.14641213417,0.0,1,0.0,1,90004.14641213417,SAT,,4.263,
3,2,50,3.4708750248,0,6.392935932028294,-1,3.4708750248,0.0,1,0.0,1,90007.61728715897,SAT,,3.499,
4,2,73,1000.0,0,1000.0,-1,90000.0,0.0,0,0.0,1,180007.61728715897,TIMEOUT,,1881.725,
5,2,105,881.581715107,0,1000.0,-1,881.581715107,0.0,1,0.0,1,180889.19900226596,SAT,,881.604,
6,3,50,3.69161319733,0,5.514738232243061,-1,3.69161319733,0.0,1,0.0,1,180892.8906154633,SAT,,3.725,
