Run Number,Run History Configuration ID,Instance ID,Response Value (y),Censored?,Cutoff Time Used,Seed,Runtime,Run Length,Run Result Code,Run Quality,SMAC Iteration,SMAC Cumulative Runtime,Run Result,Additional Algorithm Run Data,Wall Clock Time,
1,1,25,8.98577094078,0,2000.0,-1,8.98577094078,0.0,2,0.0,0,8.98577094078,UNSAT,,9.093,
2,1,18,6.24083209038,0,2000.0,-1,6.24083209038,0.0,2,0.0,1,15.22660303116,UNSAT,,6.364,
3,2,18,4.75793409348,0,9.115682717758418,-1,4.75793409348,0.0,2,0.0,1,19.98453712464,UNSAT,,4.825,
4,2,25,6.41287207603,0,14.613170631575585,-1,6.41287207603,0.0,2,0.0,1,26.397409200669998,UNSAT,,6.435,
5,2,108,4.05261397362,0,2000.0,-1,4.05261397362,0.0,1,0.0,1,30.450023174289996,SAT,,4.078,
6,3,18,4.66680908203,0,7.187914837497473,-1,4.66680908203,0.0,2,0.0,1,35.116832256319995,UNSAT,,4.703,
7,3,108,3.95816683769,0,14.728795539933444,-1,3.95816683769,0.0,1,0.0,1,39.074999094009996,SAT,,4.008,
8,3,25,6.69498586655,0,9.583177779215575,-1,6.69498586655,0.0,2,0.0,1,45.769984960559995,UNSAT,,6.721,
