Run Number,Run History Configuration ID,Instance ID,Response Value (y),Censored?,Cutoff Time Used,Seed,Runtime,Run Length,Run Result Code,Run Quality,SMAC Iteration,SMAC Cumulative Runtime,Run Result,Additional Algorithm Run Data,Wall Clock Time,
1,1,82,28.1351509094,0,2000.0,-1,28.1351509094,0.0,2,0.0,0,28.1351509094,UNSAT,,28.267,
2,1,269,261.495296955,0,2000.0,-1,261.495296955,0.0,1,0.0,1,289.6304478644,SAT,,261.537,
3,2,269,228.842415094,0,340.94648620893355,-1,228.842415094,0.0,1,0.0,1,518.4728629584,SAT,,228.881,
4,2,82,28.0698521137,0,80.02834300358892,-1,28.0698521137,0.0,2,0.0,1,546.5427150721,UNSAT,,28.117,
5,2,255,1801.92183709,0,2000.0,-1,1801.92183709,0.0,2,0.0,1,2348.4645521621,UNSAT,,1801.975,
6,3,82,44.3139760494,0,37.493407808589936,-1,44.3139760494,0.0,2,0.0,1,2392.7785282115,UNSAT,,44.364,
