Run Number,Run History Configuration ID,Instance ID,Response Value (y),Censored?,Cutoff Time Used,Seed,Runtime,Run Length,Run Result Code,Run Quality,SMAC Iteration,SMAC Cumulative Runtime,Run Result,Additional Algorithm Run Data,Wall Clock Time,
1,1,128,3.83949780464,0,2000.0,-1,3.83949780464,0.0,1,0.0,0,3.83949780464,SAT,,3.953,
2,1,1,4.55508804321,0,2000.0,-1,4.55508804321,0.0,2,0.0,1,8.39458584785,UNSAT,,4.605,
3,2,128,7.6901409626,0,5.993948214101791,-1,7.6901409626,0.0,1,0.0,1,16.08472681045,SAT,,7.714,
4,1,110,8.50180101395,0,2000.0,-1,8.50180101395,0.0,1,0.0,1,24.5865278244,SAT,,8.652,
5,3,128,3.52306699753,0,5.993948214101791,-1,3.52306699753,0.0,1,0.0,1,28.109594821930003,SAT,,3.555,
6,3,110,7.57744002342,0,18.39051692594886,-1,7.57744002342,0.0,1,0.0,1,35.687034845350006,SAT,,7.621,
7,3,1,2000.0,0,8.53984401409626,-1,86.04719999999999,0.0,-1,1.0E9,1,121.73423484534999,CRASHED,Run Exceeded Captime -- Treating as CRASHED;Killed Manually,90.576,
