Run Number,Run History Configuration ID,Instance ID,Response Value (y),Censored?,Cutoff Time Used,Seed,Runtime,Run Length,Run Result Code,Run Quality,SMAC Iteration,SMAC Cumulative Runtime,Run Result,Additional Algorithm Run Data,Wall Clock Time,
1,1,130,1000.0,0,1000.0,-1,90000.0,0.0,-1,1.0E9,0,90000.0,CRASHED,,4.142,
2,1,126,1000.0,0,1000.0,-1,90000.0,0.0,-1,1.0E9,1,180000.0,CRASHED,,440.109,
3,2,126,1000.0,0,1000.0,-1,90000.0,0.0,0,0.0,1,270000.0,TIMEOUT,,1881.911,
4,2,130,204.45659709,0,1000.0,-1,204.45659709,0.0,1,0.0,1,270204.45659709,SAT,,204.547,
5,2,90,1000.0,0,1000.0,-1,90000.0,0.0,0,0.0,1,360204.45659709,TIMEOUT,,1881.751,
6,3,130,1000.0,0,266.7961771491647,-1,90000.0,0.0,-1,1.0E9,1,450204.45659709,CRASHED,,4.911,
