Run Number,Run History Configuration ID,Instance ID,Response Value (y),Censored?,Cutoff Time Used,Seed,Runtime,Run Length,Run Result Code,Run Quality,SMAC Iteration,SMAC Cumulative Runtime,Run Result,Additional Algorithm Run Data,Wall Clock Time,
1,1,1108,5.09960103035,0,2000.0,-1,5.09960103035,0.0,1,0.0,0,5.09960103035,SAT,,5.28,
2,1,501,189.342441082,0,2000.0,-1,189.342441082,0.0,1,0.0,1,194.44204211234998,SAT,,189.437,
3,2,1108,3.85704708099,0,7.632081758576632,-1,3.85704708099,0.0,1,0.0,1,198.29908919333997,SAT,,3.882,
4,2,501,1802.90326405,0,248.7643939334631,-1,1802.90326405,0.0,1,0.0,1,2001.20235324334,SAT,,1802.952,
5,1,1390,870.870699883,0,2000.0,-1,870.870699883,0.0,1,0.0,1,2872.07305312634,SAT,,870.924,
6,3,501,1802.73818707,0,247.14777366106512,-1,1802.73818707,0.0,1,0.0,1,4674.81124019634,SAT,,1802.869,
