Run Number,Run History Configuration ID,Instance ID,Response Value (y),Censored?,Cutoff Time Used,Seed,Runtime,Run Length,Run Result Code,Run Quality,SMAC Iteration,SMAC Cumulative Runtime,Run Result,Additional Algorithm Run Data,Wall Clock Time,
1,1,583,900.0,0,900.0,-1,90000.0,0.0,-1,1.0E9,0,90000.0,CRASHED,,6.574,
2,1,223,900.0,0,900.0,-1,90000.0,0.0,-1,1.0E9,1,180000.0,CRASHED,,121.49,
3,2,223,38.3300099373,0,900.0,-1,38.3300099373,0.0,1,0.0,1,180038.3300099373,SAT,,38.358,
4,2,583,900.0,0,900.0,-1,90000.0,0.0,0,0.0,1,270038.3300099373,TIMEOUT,,1882.213,
5,2,326,5.05517101288,0,900.0,-1,5.05517101288,0.0,1,0.0,1,270043.38518095016,SAT,,5.077,
6,3,223,900.0,0,50.83161385578215,-1,90000.0,0.0,-1,1.0E9,1,360043.38518095016,CRASHED,,35.891,
