Run Number,Run History Configuration ID,Instance ID,Response Value (y),Censored?,Cutoff Time Used,Seed,Runtime,Run Length,Run Result Code,Run Quality,SMAC Iteration,SMAC Cumulative Runtime,Run Result,Additional Algorithm Run Data,Wall Clock Time,
1,1,130,44.9020731449,0,2000.0,-1,44.9020731449,0.0,2,0.0,0,44.9020731449,UNSAT,,45.089,
2,1,75,23.0898640156,0,2000.0,-1,23.0898640156,0.0,2,0.0,1,67.9919371605,UNSAT,,23.131,
3,2,75,34.5082411766,0,31.0194238912046,-1,34.5082411766,0.0,2,0.0,1,102.50017833710001,UNSAT,,34.551,
4,1,138,30.8590672016,0,2000.0,-1,30.8590672016,0.0,2,0.0,1,133.3592455387,UNSAT,,30.905,
5,3,75,27.3611280918,0,31.0194238912046,-1,27.3611280918,0.0,2,0.0,1,160.7203736305,UNSAT,,27.412,
