Run Number,Run History Configuration ID,Instance ID,Response Value (y),Censored?,Cutoff Time Used,Seed,Runtime,Run Length,Run Result Code,Run Quality,SMAC Iteration,SMAC Cumulative Runtime,Run Result,Additional Algorithm Run Data,Wall Clock Time,
1,1,203,15.1225321293,0,2000.0,-1,15.1225321293,0.0,1,0.0,0,15.1225321293,SAT,,15.312,
2,1,2489,823.404719114,0,2000.0,-1,823.404719114,0.0,1,0.0,1,838.5272512433,SAT,,823.459,
3,2,203,9.49648118019,0,20.661891799765826,-1,9.49648118019,0.0,1,0.0,1,848.0237324234901,SAT,,9.562,
4,2,2489,915.049662113,0,1078.7439014654337,-1,915.049662113,0.0,1,0.0,1,1763.07339453649,SAT,,915.078,
5,1,810,112.737279177,0,2000.0,-1,112.737279177,0.0,1,0.0,1,1875.81067371349,SAT,,112.808,
6,3,203,5.71202516556,0,20.661891799765826,-1,5.71202516556,0.0,1,0.0,1,1881.5226988790498,SAT,,5.831,
7,3,810,133.047495127,0,1230.223456945616,-1,133.047495127,0.0,1,0.0,1,2014.5701940060499,SAT,,133.092,
8,3,2489,1898.18304801,0,1057.2617133971034,-1,1898.18304801,0.0,1,0.0,1,3912.7532420160496,SAT,,1898.303,
