Run Number,Run History Configuration ID,Instance ID,Response Value (y),Censored?,Cutoff Time Used,Seed,Runtime,Run Length,Run Result Code,Run Quality,SMAC Iteration,SMAC Cumulative Runtime,Run Result,Additional Algorithm Run Data,Wall Clock Time,
1,1,216,54.5662090778,0,2000.0,-1,54.5662090778,0.0,1,0.0,0,54.5662090778,SAT,,54.691,
2,1,19,332.120646,0,2000.0,-1,332.120646,0.0,2,0.0,1,386.68685507780003,UNSAT,,332.397,
3,2,19,1802.24694204,0,432.7594398412585,-1,1802.24694204,0.0,2,0.0,1,2188.9337971178,UNSAT,,1802.342,
4,1,236,65.0630970001,0,2000.0,-1,65.0630970001,0.0,1,0.0,1,2253.9968941179,SAT,,65.16,
5,3,19,1802.97146511,0,432.7594398412585,-1,1802.97146511,0.0,2,0.0,1,4056.9683592279,UNSAT,,1803.059,
