Run Number,Run History Configuration ID,Instance ID,Response Value (y),Censored?,Cutoff Time Used,Seed,Runtime,Run Length,Run Result Code,Run Quality,SMAC Iteration,SMAC Cumulative Runtime,Run Result,Additional Algorithm Run Data,Wall Clock Time,
1,1,119,6.1359910965,0,1000.0,-1,6.1359910965,0.0,1,0.0,0,6.1359910965,SAT,,6.231,
2,1,5,1000.0,0,1000.0,-1,90000.0,0.0,-1,1.0E9,1,90006.1359910965,CRASHED,,93.348,
3,2,5,1000.0,0,1000.0,-1,90000.0,0.0,0,0.0,1,180006.1359910965,TIMEOUT,,1882.103,
4,2,119,3.61394405365,0,8.980688721287251,-1,3.61394405365,0.0,1,0.0,1,180009.74993515015,SAT,,3.649,
5,2,92,4.50293207169,0,1000.0,-1,4.50293207169,0.0,1,0.0,1,180014.25286722183,SAT,,4.551,
6,3,119,3.86725997925,0,5.7007277276098725,-1,3.86725997925,0.0,1,0.0,1,180018.12012720108,SAT,,3.901,
