Run Number,Run History Configuration ID,Instance ID,Response Value (y),Censored?,Cutoff Time Used,Seed,Runtime,Run Length,Run Result Code,Run Quality,SMAC Iteration,SMAC Cumulative Runtime,Run Result,Additional Algorithm Run Data,Wall Clock Time,
1,1,261,18.3682589531,0,2000.0,-1,18.3682589531,0.0,2,0.0,0,18.3682589531,UNSAT,,18.505,
2,1,173,160.618424177,0,2000.0,-1,160.618424177,0.0,2,0.0,1,178.9866831301,UNSAT,,160.657,
3,2,173,1802.5942831,0,209.80655205284359,-1,1802.5942831,0.0,2,0.0,1,1981.5809662300999,UNSAT,,1802.708,
4,1,126,17.2191259861,0,2000.0,-1,17.2191259861,0.0,2,0.0,1,1998.8000922161998,UNSAT,,17.243,
5,3,261,78.5673298836,0,24.881337106573586,-1,78.5673298836,0.0,2,0.0,1,2077.3674220998,UNSAT,,78.599,
6,1,113,34.3868591785,0,2000.0,-1,34.3868591785,0.0,2,0.0,2,2111.7542812783,UNSAT,,34.502,
7,4,113,84.5474779606,0,45.70551737059951,-1,84.5474779606,0.0,2,0.0,2,2196.3017592389,UNSAT,,84.586,
8,1,92,1704.61216712,0,2000.0,-1,1704.61216712,0.0,2,0.0,2,3900.9139263589004,UNSAT,,1704.806,
9,5,261,2000.0,0,24.881337106573586,-1,249.67234999999997,0.0,-1,1.0E9,2,4150.5862763589,CRASHED,Run Exceeded Captime -- Treating as CRASHED;Killed Manually,262.813,
