Run Number,Run History Configuration ID,Instance ID,Response Value (y),Censored?,Cutoff Time Used,Seed,Runtime,Run Length,Run Result Code,Run Quality,SMAC Iteration,SMAC Cumulative Runtime,Run Result,Additional Algorithm Run Data,Wall Clock Time,
1,1,154,1887.98488593,0,2000.0,-1,1887.98488593,0.0,1,0.0,0,1887.98488593,SAT,,1888.16,
2,1,24,5.62081384659,0,2000.0,-1,5.62081384659,0.0,2,0.0,1,1893.60569977659,UNSAT,,5.749,
3,2,24,6.88833618164,0,8.309658419686556,-1,6.88833618164,0.0,2,0.0,1,1900.49403595823,UNSAT,,6.972,
4,1,76,4.51932096481,0,2000.0,-1,4.51932096481,0.0,2,0.0,1,1905.01335692304,UNSAT,,4.557,
5,3,24,7.39454507828,0,8.309658419686556,-1,7.39454507828,0.0,2,0.0,1,1912.40790200132,UNSAT,,7.433,
