Run Number,Run History Configuration ID,Instance ID,Response Value (y),Censored?,Cutoff Time Used,Seed,Runtime,Run Length,Run Result Code,Run Quality,SMAC Iteration,SMAC Cumulative Runtime,Run Result,Additional Algorithm Run Data,Wall Clock Time,
1,1,1793,1185.21593213,0,2000.0,-1,1185.21593213,0.0,1,0.0,0,1185.21593213,SAT,,1185.762,
2,1,2242,1870.17993712,0,2000.0,-1,1870.17993712,0.0,1,0.0,1,3055.39586925,SAT,,1870.272,
3,2,2242,1604.98060393,0,2000.0,-1,1604.98060393,0.0,1,0.0,1,4660.37647318,SAT,,1605.155,
4,2,1793,889.134928226,0,1886.5437460954965,-1,889.134928226,0.0,1,0.0,1,5549.511401406,SAT,,889.196,
5,2,720,8.08060908318,0,2000.0,-1,8.08060908318,0.0,1,0.0,1,5557.59201048918,SAT,,8.332,
6,3,2242,1410.73285413,0,2000.0,-1,1410.73285413,0.0,1,0.0,1,6968.3248646191805,SAT,,1410.777,
7,3,720,8.69219923019,0,1419.9074732962729,-1,8.69219923019,0.0,1,0.0,1,6977.017063849371,SAT,,8.742,
8,3,1793,1013.40196991,0,1408.6076153333963,-1,1013.40196991,0.0,1,0.0,1,7990.419033759371,SAT,,1013.449,
