Run Number,Run History Configuration ID,Instance ID,Response Value (y),Censored?,Cutoff Time Used,Seed,Runtime,Run Length,Run Result Code,Run Quality,SMAC Iteration,SMAC Cumulative Runtime,Run Result,Additional Algorithm Run Data,Wall Clock Time,
1,1,43,4.72938704491,0,1000.0,-1,4.72938704491,0.0,1,0.0,0,4.72938704491,SAT,,4.86,
2,1,38,1000.0,0,1000.0,-1,90000.0,0.0,-1,1.0E9,1,90004.7293870449,CRASHED,,4.13,
3,2,43,5.66372179985,0,7.1508038680732255,-1,5.66372179985,0.0,1,0.0,1,90010.39310884476,SAT,,5.699,
4,1,156,1000.0,0,1000.0,-1,90000.0,0.0,0,0.0,1,180010.39310884476,TIMEOUT,,1972.793,
5,3,156,1000.0,0,1000.0,-1,90000.0,0.0,0,0.0,1,270010.39310884476,TIMEOUT,,1964.223,
6,3,38,3.42871904373,0,1000.0,-1,3.42871904373,0.0,1,0.0,1,270013.8218278885,SAT,,3.47,
7,3,43,4.30098891258,0,1000.0,-1,4.30098891258,0.0,1,0.0,1,270018.1228168011,SAT,,4.321,
