Run Number,Run History Configuration ID,Instance ID,Response Value (y),Censored?,Cutoff Time Used,Seed,Runtime,Run Length,Run Result Code,Run Quality,SMAC Iteration,SMAC Cumulative Runtime,Run Result,Additional Algorithm Run Data,Wall Clock Time,
1,1,24,5.62081384659,0,2000.0,-1,5.62081384659,0.0,2,0.0,0,5.62081384659,UNSAT,,5.749,
2,1,156,1887.72583199,0,2000.0,-1,1887.72583199,0.0,2,0.0,1,1893.34664583659,UNSAT,,1887.801,
3,2,156,1935.34580588,0,2000.0,-1,1935.34580588,0.0,2,0.0,1,3828.69245171659,UNSAT,,1935.411,
4,1,37,4.03274178505,0,2000.0,-1,4.03274178505,0.0,1,0.0,1,3832.7251935016398,SAT,,4.075,
5,3,37,4.27314996719,0,6.245165214288235,-1,4.27314996719,0.0,1,0.0,1,3836.9983434688297,SAT,,4.352,
