Run Number,Run History Configuration ID,Instance ID,Response Value (y),Censored?,Cutoff Time Used,Seed,Runtime,Run Length,Run Result Code,Run Quality,SMAC Iteration,SMAC Cumulative Runtime,Run Result,Additional Algorithm Run Data,Wall Clock Time,
1,1,148,4.48382520676,0,2000.0,-1,4.48382520676,0.0,1,0.0,0,4.48382520676,SAT,,4.599,
2,1,124,4.65439105034,0,2000.0,-1,4.65439105034,0.0,1,0.0,1,9.1382162571,SAT,,4.692,
3,2,124,4.9068210125,0,7.053309481936694,-1,4.9068210125,0.0,1,0.0,1,14.0450372696,SAT,,4.929,
4,1,71,5.39538002014,0,2000.0,-1,5.39538002014,0.0,2,0.0,1,19.44041728974,UNSAT,,5.42,
5,3,148,3.83797907829,0,6.831573497849703,-1,3.83797907829,0.0,1,0.0,1,23.278396368030002,SAT,,3.873,
6,3,124,3.38750100136,0,14.909502666789294,-1,3.38750100136,0.0,1,0.0,1,26.665897369390002,SAT,,3.433,
7,3,71,4.72364616394,0,10.505751975226403,-1,4.72364616394,0.0,2,0.0,1,31.389543533330002,UNSAT,,4.75,
