Run Number,Run History Configuration ID,Instance ID,Response Value (y),Censored?,Cutoff Time Used,Seed,Runtime,Run Length,Run Result Code,Run Quality,SMAC Iteration,SMAC Cumulative Runtime,Run Result,Additional Algorithm Run Data,Wall Clock Time,
1,1,65,1670.35671711,0,2000.0,-1,1670.35671711,0.0,2,0.0,0,1670.35671711,UNSAT,,1670.559,
2,1,5,7.04732894897,0,2000.0,-1,7.04732894897,0.0,2,0.0,1,1677.4040460589702,UNSAT,,7.215,
3,2,5,11.2362639904,0,10.164128139960766,-1,11.2362639904,0.0,2,0.0,1,1688.64031004937,UNSAT,,11.299,
4,1,102,4.46784996986,0,2000.0,-1,4.46784996986,0.0,1,0.0,1,1693.1081600192301,SAT,,4.568,
5,3,65,1803.24043584,0,2000.0,-1,1803.24043584,0.0,2,0.0,1,3496.34859585923,UNSAT,,1803.289,
