Run Number,Run History Configuration ID,Instance ID,Response Value (y),Censored?,Cutoff Time Used,Seed,Runtime,Run Length,Run Result Code,Run Quality,SMAC Iteration,SMAC Cumulative Runtime,Run Result,Additional Algorithm Run Data,Wall Clock Time,
1,1,180,506.675779104,0,2000.0,-1,506.675779104,0.0,2,0.0,0,506.675779104,UNSAT,,506.93,
2,1,61,539.349803925,0,2000.0,-1,539.349803925,0.0,1,0.0,1,1046.025583029,SAT,,539.425,
3,2,180,1803.19842601,0,659.6811128671944,-1,1803.19842601,0.0,2,0.0,1,2849.224009039,UNSAT,,1803.295,
4,1,214,31.7052309513,0,2000.0,-1,31.7052309513,0.0,1,0.0,1,2880.9292399903,SAT,,31.733,
5,3,61,1802.26451612,0,702.1573451239348,-1,1802.26451612,0.0,1,0.0,1,4683.1937561103005,SAT,,1802.318,
