Run Number,Run History Configuration ID,Instance ID,Response Value (y),Censored?,Cutoff Time Used,Seed,Runtime,Run Length,Run Result Code,Run Quality,SMAC Iteration,SMAC Cumulative Runtime,Run Result,Additional Algorithm Run Data,Wall Clock Time,
1,1,2006,1479.66226816,0,2000.0,-1,1479.66226816,0.0,1,0.0,0,1479.66226816,SAT,,1479.828,
2,1,1441,826.494602919,0,2000.0,-1,826.494602919,0.0,2,0.0,1,2306.1568710789998,UNSAT,,826.569,
3,2,1441,1111.43553782,0,1075.4455847557365,-1,1111.43553782,0.0,2,0.0,1,3417.5924088989996,UNSAT,,1111.486,
4,1,446,8.93900704384,0,2000.0,-1,8.93900704384,0.0,1,0.0,1,3426.5314159428394,SAT,,9.002,
5,3,2006,1993.81922603,0,1924.563549261886,-1,1993.81922603,0.0,1,0.0,1,5420.350641972839,SAT,,1993.845,
