Run Number,Run History Configuration ID,Instance ID,Response Value (y),Censored?,Cutoff Time Used,Seed,Runtime,Run Length,Run Result Code,Run Quality,SMAC Iteration,SMAC Cumulative Runtime,Run Result,Additional Algorithm Run Data,Wall Clock Time,
1,1,742,21.6506290436,0,2000.0,-1,21.6506290436,0.0,1,0.0,0,21.6506290436,SAT,,22.533,
2,1,778,151.291065931,0,2000.0,-1,151.291065931,0.0,1,0.0,1,172.94169497459998,SAT,,151.348,
3,2,742,9.67451810837,0,29.148418166089062,-1,9.67451810837,0.0,1,0.0,1,182.61621308296998,SAT,,9.768,
4,2,778,7.67743992805,0,213.25123020296098,-1,7.67743992805,0.0,1,0.0,1,190.29365301101998,SAT,,7.73,
5,2,2439,380.309337139,0,2000.0,-1,380.309337139,0.0,1,0.0,1,570.60299015002,SAT,,380.354,
6,3,742,2000.0,0,13.579474192458392,-1,136.74204999999998,0.0,-1,1.0E9,1,707.3450401500199,CRASHED,Run Exceeded Captime -- Treating as CRASHED;Killed Manually,143.939,
