Run Number,Run History Configuration ID,Instance ID,Response Value (y),Censored?,Cutoff Time Used,Seed,Runtime,Run Length,Run Result Code,Run Quality,SMAC Iteration,SMAC Cumulative Runtime,Run Result,Additional Algorithm Run Data,Wall Clock Time,
1,1,209,11.2645771503,0,2000.0,-1,11.2645771503,0.0,1,0.0,0,11.2645771503,SAT,,11.438,
2,1,163,174.399520874,0,2000.0,-1,174.399520874,0.0,2,0.0,1,185.6640980243,UNSAT,,174.437,
3,2,163,1802.90058589,0,227.72197787498237,-1,1802.90058589,0.0,2,0.0,1,1988.5646839143,UNSAT,,1802.96,
4,1,62,117.025490046,0,2000.0,-1,117.025490046,0.0,1,0.0,1,2105.5901739603,SAT,,117.225,
5,3,163,187.725533962,0,227.72197787498237,-1,187.725533962,0.0,2,0.0,1,2293.3157079223,UNSAT,,187.777,
