Run Number,Run History Configuration ID,Instance ID,Response Value (y),Censored?,Cutoff Time Used,Seed,Runtime,Run Length,Run Result Code,Run Quality,SMAC Iteration,SMAC Cumulative Runtime,Run Result,Additional Algorithm Run Data,Wall Clock Time,
1,1,63,1000.0,0,1000.0,-1,90000.0,0.0,-1,1.0E9,0,90000.0,CRASHED,,5.248,
2,1,107,9.60477113724,0,1000.0,-1,9.60477113724,0.0,1,0.0,1,90009.60477113724,SAT,,9.665,
3,2,107,5.25848388672,0,13.488803420561553,-1,5.25848388672,0.0,1,0.0,1,90014.86325502396,SAT,,5.287,
4,2,63,5.3860142231,0,1000.0,-1,5.3860142231,0.0,1,0.0,1,90020.24926924706,SAT,,5.403,
5,2,110,1000.0,0,1000.0,-1,90000.0,0.0,0,0.0,1,180020.24926924706,TIMEOUT,,1882.04,
6,3,63,1000.0,0,8.004419122236968,-1,90000.0,0.0,-1,1.0E9,1,270020.24926924706,CRASHED,,5.715,
