Run Number,Run History Configuration ID,Instance ID,Response Value (y),Censored?,Cutoff Time Used,Seed,Runtime,Run Length,Run Result Code,Run Quality,SMAC Iteration,SMAC Cumulative Runtime,Run Result,Additional Algorithm Run Data,Wall Clock Time,
1,1,468,900.0,0,900.0,-1,90000.0,0.0,-1,1.0E9,0,90000.0,CRASHED,,7.393,
2,1,455,900.0,0,900.0,-1,90000.0,0.0,-1,1.0E9,1,180000.0,CRASHED,,5.701,
3,2,455,900.0,0,900.0,-1,90000.0,0.0,0,0.0,1,270000.0,TIMEOUT,,1881.903,
4,2,468,900.0,0,900.0,-1,90000.0,0.0,0,0.0,1,360000.0,TIMEOUT,,1881.686,
5,1,360,900.0,0,900.0,-1,90000.0,0.0,-1,1.0E9,1,450000.0,CRASHED,,6.282,
6,3,455,900.0,0,900.0,-1,90000.0,0.0,0,0.0,1,540000.0,TIMEOUT,,1882.022,
7,3,468,900.0,0,900.0,-1,90000.0,0.0,0,0.0,1,630000.0,TIMEOUT,,1882.159,
8,3,360,11.7314469814,0,900.0,-1,11.7314469814,0.0,1,0.0,1,630011.7314469814,SAT,,11.754,
