Run Number,Run History Configuration ID,Instance ID,Response Value (y),Censored?,Cutoff Time Used,Seed,Runtime,Run Length,Run Result Code,Run Quality,SMAC Iteration,SMAC Cumulative Runtime,Run Result,Additional Algorithm Run Data,Wall Clock Time,
1,1,8,900.0,0,900.0,-1,90000.0,0.0,-1,1.0E9,0,90000.0,CRASHED,,10.713,
2,1,55,900.0,0,900.0,-1,90000.0,0.0,-1,1.0E9,1,180000.0,CRASHED,,8.411,
3,2,55,900.0,0,900.0,-1,90000.0,0.0,0,0.0,1,270000.0,TIMEOUT,,1882.44,
4,2,8,405.613406897,0,900.0,-1,405.613406897,0.0,1,0.0,1,270405.613406897,SAT,,405.652,
5,2,408,900.0,0,900.0,-1,90000.0,0.0,0,0.0,1,360405.613406897,TIMEOUT,,1881.864,
6,3,8,900.0,0,528.3000292055041,-1,90000.0,0.0,-1,1.0E9,1,450405.613406897,CRASHED,,8.641,
