Run Number,Run History Configuration ID,Instance ID,Response Value (y),Censored?,Cutoff Time Used,Seed,Runtime,Run Length,Run Result Code,Run Quality,SMAC Iteration,SMAC Cumulative Runtime,Run Result,Additional Algorithm Run Data,Wall Clock Time,
1,1,80,4.66452002525,0,2000.0,-1,4.66452002525,0.0,2,0.0,0,4.66452002525,UNSAT,,4.807,
2,1,95,4.28234004974,0,2000.0,-1,4.28234004974,0.0,1,0.0,1,8.94686007499,SAT,,4.324,
3,2,80,3.49159312248,0,7.06647605483532,-1,3.49159312248,0.0,2,0.0,1,12.438453197469999,UNSAT,,3.523,
4,2,95,3.16926503181,0,8.095747314739228,-1,3.16926503181,0.0,1,0.0,1,15.60771822928,SAT,,3.193,
5,2,78,4.39152193069,0,2000.0,-1,4.39152193069,0.0,2,0.0,1,19.99924015997,UNSAT,,4.428,
6,3,80,4.6263718605,0,5.541671894836425,-1,4.6263718605,0.0,2,0.0,1,24.62561202047,UNSAT,,4.67,
