Run Number,Run History Configuration ID,Instance ID,Response Value (y),Censored?,Cutoff Time Used,Seed,Runtime,Run Length,Run Result Code,Run Quality,SMAC Iteration,SMAC Cumulative Runtime,Run Result,Additional Algorithm Run Data,Wall Clock Time,
1,1,220,900.0,0,900.0,-1,90000.0,0.0,-1,1.0E9,0,90000.0,CRASHED,,521.909,
2,1,508,900.0,0,900.0,-1,90000.0,0.0,-1,1.0E9,1,180000.0,CRASHED,,5.862,
3,2,508,900.0,0,900.0,-1,90000.0,0.0,0,0.0,1,270000.0,TIMEOUT,,1881.809,
4,2,220,900.0,0,900.0,-1,90000.0,0.0,0,0.0,1,360000.0,TIMEOUT,,1883.428,
5,1,419,900.0,0,900.0,-1,90000.0,0.0,-1,1.0E9,1,450000.0,CRASHED,,6.187,
6,3,419,900.0,0,900.0,-1,90000.0,0.0,0,0.0,1,540000.0,TIMEOUT,,1881.788,
7,3,220,20.7316198349,0,900.0,-1,20.7316198349,0.0,1,0.0,1,540020.7316198349,SAT,,20.762,
8,3,508,900.0,0,900.0,-1,90000.0,0.0,0,0.0,1,630020.7316198349,TIMEOUT,,1882.108,
