Run Number,Run History Configuration ID,Instance ID,Response Value (y),Censored?,Cutoff Time Used,Seed,Runtime,Run Length,Run Result Code,Run Quality,SMAC Iteration,SMAC Cumulative Runtime,Run Result,Additional Algorithm Run Data,Wall Clock Time,
1,1,225,162.258651018,0,2000.0,-1,162.258651018,0.0,1,0.0,0,162.258651018,SAT,,162.447,
2,1,97,136.123364925,0,2000.0,-1,136.123364925,0.0,2,0.0,1,298.382015943,UNSAT,,136.205,
3,2,225,1802.55258203,0,211.93884675239326,-1,1802.55258203,0.0,1,0.0,1,2100.934597973,SAT,,1802.61,
4,1,69,125.533087969,0,2000.0,-1,125.533087969,0.0,2,0.0,1,2226.467685942,UNSAT,,125.774,
5,3,225,3.09485983849,0,211.93884675239326,-1,3.09485983849,0.0,1,0.0,1,2229.56254578049,SAT,,3.129,
6,3,97,1803.12443209,0,548.0715176913619,-1,1803.12443209,0.0,2,0.0,1,4032.68697787049,UNSAT,,1803.217,
