Run Number,Run History Configuration ID,Instance ID,Response Value (y),Censored?,Cutoff Time Used,Seed,Runtime,Run Length,Run Result Code,Run Quality,SMAC Iteration,SMAC Cumulative Runtime,Run Result,Additional Algorithm Run Data,Wall Clock Time,
1,1,940,18.8537590504,0,2000.0,-1,18.8537590504,0.0,1,0.0,0,18.8537590504,SAT,,19.715,
2,1,931,23.5919001102,0,2000.0,-1,23.5919001102,0.0,1,0.0,1,42.4456591606,SAT,,23.674,
3,2,931,12.6457209587,0,31.672070630240444,-1,12.6457209587,0.0,1,0.0,1,55.0913801193,SAT,,12.724,
4,2,940,16.8039708138,0,39.74382028763294,-1,16.8039708138,0.0,1,0.0,1,71.89535093309999,SAT,,16.88,
5,2,1514,869.8801651,0,2000.0,-1,869.8801651,0.0,2,0.0,1,941.7755160331,UNSAT,,870.088,
6,3,931,2000.0,0,17.442038178789616,-1,175.44219999999999,0.0,-1,1.0E9,1,1117.2177160331,CRASHED,Run Exceeded Captime -- Treating as CRASHED;Killed Manually,184.676,
