Run Number,Run History Configuration ID,Instance ID,Response Value (y),Censored?,Cutoff Time Used,Seed,Runtime,Run Length,Run Result Code,Run Quality,SMAC Iteration,SMAC Cumulative Runtime,Run Result,Additional Algorithm Run Data,Wall Clock Time,
1,1,940,71.3397519588,0,2000.0,-1,71.3397519588,0.0,1,0.0,0,71.3397519588,SAT,,71.521,
2,1,931,110.117351055,0,2000.0,-1,110.117351055,0.0,1,0.0,1,181.4571030138,SAT,,110.362,
3,2,931,47.5035359859,0,144.1551574397564,-1,47.5035359859,0.0,1,0.0,1,228.9606389997,SAT,,49.328,
4,2,940,54.5160431862,0,175.14353728701474,-1,54.5160431862,0.0,1,0.0,1,283.4766821859,SAT,,56.0,
5,2,1514,1866.85811305,0,2000.0,-1,1866.85811305,0.0,2,0.0,1,2150.3347952359,UNSAT,,1869.691,
6,3,931,2000.0,0,62.7571978497982,-1,627.9499999999999,0.0,-1,1.0E9,1,2778.2847952358998,CRASHED,Run Exceeded Captime -- Treating as CRASHED;Killed Manually,661.0,
