Run Number,Run History Configuration ID,Instance ID,Response Value (y),Censored?,Cutoff Time Used,Seed,Runtime,Run Length,Run Result Code,Run Quality,SMAC Iteration,SMAC Cumulative Runtime,Run Result,Additional Algorithm Run Data,Wall Clock Time,
1,1,15,1802.58799386,0,2000.0,-1,1802.58799386,0.0,2,0.0,0,1802.58799386,UNSAT,,1802.797,
2,1,92,1704.61216712,0,2000.0,-1,1704.61216712,0.0,2,0.0,1,3507.20016098,UNSAT,,1704.806,
3,2,15,1802.17873001,0,2000.0,-1,1802.17873001,0.0,2,0.0,1,5309.3788909899995,UNSAT,,1802.269,
4,2,92,1801.70805907,0,2000.0,-1,1801.70805907,0.0,2,0.0,1,7111.086950059999,UNSAT,,1801.755,
5,1,5,468.241736174,0,2000.0,-1,468.241736174,0.0,2,0.0,1,7579.328686233999,UNSAT,,468.305,
6,3,92,1801.90362,0,2000.0,-1,1801.90362,0.0,2,0.0,1,9381.232306234,UNSAT,,1801.94,
