Run Number,Run History Configuration ID,Instance ID,Response Value (y),Censored?,Cutoff Time Used,Seed,Runtime,Run Length,Run Result Code,Run Quality,SMAC Iteration,SMAC Cumulative Runtime,Run Result,Additional Algorithm Run Data,Wall Clock Time,
1,1,33,5.37846779823,0,2000.0,-1,5.37846779823,0.0,1,0.0,0,5.37846779823,SAT,,5.503,
2,1,99,3.50361013412,0,2000.0,-1,3.50361013412,0.0,1,0.0,1,8.88207793235,SAT,,3.539,
3,2,33,4.00264716148,0,7.994608663368226,-1,4.00264716148,0.0,1,0.0,1,12.88472509383,SAT,,4.065,
4,2,99,2.95302009583,0,7.347160753208399,-1,2.95302009583,0.0,1,0.0,1,15.83774518966,SAT,,2.991,
5,2,50,3.2302749157,0,2000.0,-1,3.2302749157,0.0,1,0.0,1,19.06802010536,SAT,,3.267,
6,3,33,4.03982114792,0,6.206042029309273,-1,4.03982114792,0.0,1,0.0,1,23.10784125328,SAT,,4.082,
