Run Number,Run History Configuration ID,Instance ID,Response Value (y),Censored?,Cutoff Time Used,Seed,Runtime,Run Length,Run Result Code,Run Quality,SMAC Iteration,SMAC Cumulative Runtime,Run Result,Additional Algorithm Run Data,Wall Clock Time,
1,1,1535,2000.0,0,2000.0,-1,20009.7322,0.0,-1,1.0E9,0,20009.7322,CRASHED,Run Exceeded Captime -- Treating as CRASHED;Killed Manually,21062.876,
2,1,1195,1854.64455295,0,2000.0,-1,1854.64455295,0.0,1,0.0,1,21864.37675295,SAT,,1862.442,
3,2,1195,57.3270790577,0,2000.0,-1,57.3270790577,0.0,1,0.0,1,21921.7038320077,SAT,,59.418,
4,2,1535,2000.0,0,2000.0,-1,20006.147849999998,0.0,-1,1.0E9,1,41927.8516820077,CRASHED,Run Exceeded Captime -- Treating as CRASHED;Killed Manually,21059.103,
5,2,291,51.0953748226,0,2000.0,-1,51.0953748226,0.0,1,0.0,1,41978.9470568303,SAT,,52.705,
6,3,1535,2000.0,0,2000.0,-1,20003.921049999997,0.0,-1,1.0E9,1,61982.8681068303,CRASHED,Run Exceeded Captime -- Treating as CRASHED;Killed Manually,21056.759,
7,3,291,51.2747378349,0,141.95439050753714,-1,51.2747378349,0.0,1,0.0,1,62034.1428446652,SAT,,54.361,
8,3,1195,72.5487511158,0,75.2972319613874,-1,72.5487511158,0.0,1,0.0,1,62106.691595781,SAT,,73.58,
