Run Number,Run History Configuration ID,Instance ID,Response Value (y),Censored?,Cutoff Time Used,Seed,Runtime,Run Length,Run Result Code,Run Quality,SMAC Iteration,SMAC Cumulative Runtime,Run Result,Additional Algorithm Run Data,Wall Clock Time,
1,1,121,1000.0,0,1000.0,-1,90000.0,0.0,-1,1.0E9,0,90000.0,CRASHED,,4.592,
2,1,56,1000.0,0,1000.0,-1,90000.0,0.0,-1,1.0E9,1,180000.0,CRASHED,,7.409,
3,2,56,1000.0,0,1000.0,-1,90000.0,0.0,0,0.0,1,270000.0,TIMEOUT,,1881.828,
4,2,121,3.60129189491,0,1000.0,-1,3.60129189491,0.0,1,0.0,1,270003.6012918949,SAT,,3.649,
5,2,152,16.0855481625,0,1000.0,-1,16.0855481625,0.0,1,0.0,1,270019.68684005743,SAT,,16.115,
6,3,56,1000.0,0,1000.0,-1,90000.0,0.0,-1,1.0E9,1,360019.68684005743,CRASHED,,6.414,
7,3,121,1000.0,0,26.59809234400392,-1,90000.0,0.0,-1,1.0E9,1,450019.68684005743,CRASHED,,4.331,
