Run Number,Run History Configuration ID,Instance ID,Response Value (y),Censored?,Cutoff Time Used,Seed,Runtime,Run Length,Run Result Code,Run Quality,SMAC Iteration,SMAC Cumulative Runtime,Run Result,Additional Algorithm Run Data,Wall Clock Time,
1,1,114,4.54864883423,0,2000.0,-1,4.54864883423,0.0,1,0.0,0,4.54864883423,SAT,,4.677,
2,1,109,1801.59109902,0,2000.0,-1,1801.59109902,0.0,1,0.0,1,1806.13974785423,SAT,,1801.627,
3,2,114,6.25034618378,0,6.9158444072783,-1,6.25034618378,0.0,1,0.0,1,1812.3900940380101,SAT,,6.317,
4,1,123,48.5850021839,0,2000.0,-1,48.5850021839,0.0,1,0.0,1,1860.9750962219102,SAT,,48.708,
5,3,114,5.32449316978,0,6.9158444072783,-1,5.32449316978,0.0,1,0.0,1,1866.2995893916902,SAT,,5.357,
6,1,22,6.45220303535,0,2000.0,-1,6.45220303535,0.0,2,0.0,2,1872.7517924270403,UNSAT,,6.491,
7,4,114,4.95815706253,0,6.9158444072783,-1,4.95815706253,0.0,1,0.0,2,1877.7099494895704,SAT,,5.005,
8,1,52,4.08326196671,0,2000.0,-1,4.08326196671,0.0,1,0.0,2,1881.7932114562805,SAT,,4.125,
9,5,114,2000.0,0,6.9158444072783,-1,69.89719999999998,0.0,-1,1.0E9,2,1951.6904114562803,CRASHED,Run Exceeded Captime -- Treating as CRASHED;Killed Manually,73.576,
