Run Number,Run History Configuration ID,Instance ID,Response Value (y),Censored?,Cutoff Time Used,Seed,Runtime,Run Length,Run Result Code,Run Quality,SMAC Iteration,SMAC Cumulative Runtime,Run Result,Additional Algorithm Run Data,Wall Clock Time,
1,1,92,1000.0,0,1000.0,-1,90000.0,0.0,0,0.0,0,90000.0,TIMEOUT,,1881.899,
2,1,62,1000.0,0,1000.0,-1,90000.0,0.0,-1,1.0E9,1,180000.0,CRASHED,,3.797,
3,2,92,1000.0,0,1000.0,-1,90000.0,0.0,0,0.0,1,270000.0,TIMEOUT,,1881.487,
4,2,62,3.79347395897,0,1000.0,-1,3.79347395897,0.0,1,0.0,1,270003.79347395897,SAT,,3.823,
5,2,122,220.83424592,0,1000.0,-1,220.83424592,0.0,1,0.0,1,270224.627719879,SAT,,220.9,
6,3,62,3.58451390266,0,5.934116885411739,-1,3.58451390266,0.0,1,0.0,1,270228.21223378164,SAT,,3.619,
7,3,122,483.621423006,0,1000.0,-1,483.621423006,0.0,1,0.0,1,270711.83365678764,SAT,,483.647,
8,3,92,1000.0,0,1000.0,-1,90000.0,0.0,0,0.0,1,360711.83365678764,TIMEOUT,,1881.51,
