Run Number,Run History Configuration ID,Instance ID,Response Value (y),Censored?,Cutoff Time Used,Seed,Runtime,Run Length,Run Result Code,Run Quality,SMAC Iteration,SMAC Cumulative Runtime,Run Result,Additional Algorithm Run Data,Wall Clock Time,
1,1,121,3.64216208458,0,2000.0,-1,3.64216208458,0.0,1,0.0,0,3.64216208458,SAT,,3.75,
2,1,149,128.438632011,0,2000.0,-1,128.438632011,0.0,1,0.0,1,132.08079409558002,SAT,,128.526,
3,2,121,4.38400101662,0,5.737411313104629,-1,4.38400101662,0.0,1,0.0,1,136.46479511220002,SAT,,4.439,
4,1,128,3.83949780464,0,2000.0,-1,3.83949780464,0.0,1,0.0,1,140.30429291684,SAT,,3.953,
5,3,128,8.70283102989,0,5.993948214101791,-1,8.70283102989,0.0,1,0.0,1,149.00712394673002,SAT,,8.75,
