Run Number,Run History Configuration ID,Instance ID,Response Value (y),Censored?,Cutoff Time Used,Seed,Runtime,Run Length,Run Result Code,Run Quality,SMAC Iteration,SMAC Cumulative Runtime,Run Result,Additional Algorithm Run Data,Wall Clock Time,
1,1,201,18.3822751045,0,2000.0,-1,18.3822751045,0.0,1,0.0,0,18.3822751045,SAT,,18.612,
2,1,2126,232.365176916,0,2000.0,-1,232.365176916,0.0,1,0.0,1,250.7474520205,SAT,,232.423,
3,2,2126,1832.01411796,0,303.0773304294527,-1,1832.01411796,0.0,1,0.0,1,2082.7615699805,SAT,,1832.131,
4,1,838,4.2974960804,0,2000.0,-1,4.2974960804,0.0,1,0.0,1,2087.0590660609,SAT,,4.325,
5,3,838,4.01929783821,0,6.589346088814736,-1,4.01929783821,0.0,1,0.0,1,2091.07836389911,SAT,,4.091,
6,3,201,38.0523300171,0,327.3385455723584,-1,38.0523300171,0.0,1,0.0,1,2129.13069391621,SAT,,38.085,
7,3,2126,1005.48509502,0,277.87051684071423,-1,1005.48509502,0.0,1,0.0,1,3134.6157889362103,SAT,,1005.534,
