Run Number,Run History Configuration ID,Instance ID,Response Value (y),Censored?,Cutoff Time Used,Seed,Runtime,Run Length,Run Result Code,Run Quality,SMAC Iteration,SMAC Cumulative Runtime,Run Result,Additional Algorithm Run Data,Wall Clock Time,
1,1,2230,2541.69265389,0,2000.0,-1,2541.69265389,0.0,1,0.0,0,2541.69265389,SAT,,2542.048,
2,1,347,9.53266501427,0,2000.0,-1,9.53266501427,0.0,1,0.0,1,2551.2253189042704,SAT,,9.639,
3,2,347,12.0295228958,0,13.395064685839415,-1,12.0295228958,0.0,1,0.0,1,2563.25484180007,SAT,,12.081,
4,1,1751,623.196503878,0,2000.0,-1,623.196503878,0.0,1,0.0,1,3186.45134567807,SAT,,623.404,
5,3,347,2000.0,0,13.395064685839415,-1,134.8563,0.0,-1,1.0E9,1,3321.30764567807,CRASHED,Run Exceeded Captime -- Treating as CRASHED;Killed Manually,141.954,
6,1,2083,445.240361929,0,2000.0,-1,445.240361929,0.0,1,0.0,2,3766.54800760707,SAT,,445.3,
7,4,1751,1860.09395981,0,811.1580556150258,-1,1860.09395981,0.0,1,0.0,2,5626.64196741707,SAT,,1860.166,
8,1,912,5.31775212288,0,2000.0,-1,5.31775212288,0.0,1,0.0,2,5631.95971953995,SAT,,5.35,
9,5,2230,3704.42463398,0,2000.0,-1,3704.42463398,0.0,1,0.0,2,9336.38435351995,SAT,,3704.469,
