Run Number,Run History Configuration ID,Instance ID,Response Value (y),Censored?,Cutoff Time Used,Seed,Runtime,Run Length,Run Result Code,Run Quality,SMAC Iteration,SMAC Cumulative Runtime,Run Result,Additional Algorithm Run Data,Wall Clock Time,
1,1,1861,456.192728996,0,2000.0,-1,456.192728996,0.0,1,0.0,0,456.192728996,SAT,,456.501,
2,1,856,4.49849104881,0,2000.0,-1,4.49849104881,0.0,1,0.0,1,460.69122004481005,SAT,,4.561,
3,2,856,4.23921203613,0,6.850638695406914,-1,4.23921203613,0.0,1,0.0,1,464.9304320809401,SAT,,4.278,
4,2,1861,553.989027023,0,594.3915114629746,-1,553.989027023,0.0,1,0.0,1,1018.91945910394,SAT,,554.039,
5,1,12,705.190607786,0,2000.0,-1,705.190607786,0.0,2,0.0,1,1724.1100668899398,UNSAT,,705.298,
6,3,856,4.28957986832,0,6.850638695406914,-1,4.28957986832,0.0,1,0.0,1,1728.39964675826,SAT,,4.388,
7,3,1861,882.997363091,0,1511.0751232024015,-1,882.997363091,0.0,1,0.0,1,2611.39700984926,SAT,,883.102,
8,3,12,1095.88035297,0,363.17855146561857,-1,1095.88035297,0.0,2,0.0,1,3707.27736281926,UNSAT,,1095.956,
