Run Number,Run History Configuration ID,Instance ID,Response Value (y),Censored?,Cutoff Time Used,Seed,Runtime,Run Length,Run Result Code,Run Quality,SMAC Iteration,SMAC Cumulative Runtime,Run Result,Additional Algorithm Run Data,Wall Clock Time,
1,1,410,900.0,0,900.0,-1,90000.0,0.0,-1,1.0E9,0,90000.0,CRASHED,,7.039,
2,1,307,900.0,0,900.0,-1,90000.0,0.0,-1,1.0E9,1,180000.0,CRASHED,,6.682,
3,2,410,882.184180975,0,900.0,-1,882.184180975,0.0,1,0.0,1,180882.184180975,SAT,,882.209,
4,2,307,5.70544409752,0,900.0,-1,5.70544409752,0.0,1,0.0,1,180887.8896250725,SAT,,5.733,
5,2,215,810.828552008,0,900.0,-1,810.828552008,0.0,1,0.0,1,181698.7181770805,SAT,,810.876,
6,3,410,900.0,0,900.0,-1,90000.0,0.0,0,0.0,1,271698.7181770805,TIMEOUT,,1881.995,
