Run Number,Run History Configuration ID,Instance ID,Response Value (y),Censored?,Cutoff Time Used,Seed,Runtime,Run Length,Run Result Code,Run Quality,SMAC Iteration,SMAC Cumulative Runtime,Run Result,Additional Algorithm Run Data,Wall Clock Time,
1,1,57,1000.0,0,1000.0,-1,90000.0,0.0,-1,1.0E9,0,90000.0,CRASHED,,5.32,
2,1,66,1000.0,0,1000.0,-1,90000.0,0.0,-1,1.0E9,1,180000.0,CRASHED,,6.729,
3,2,57,5.13437199593,0,1000.0,-1,5.13437199593,0.0,1,0.0,1,180005.13437199593,SAT,,5.182,
4,2,66,3.6686770916,0,1000.0,-1,3.6686770916,0.0,1,0.0,1,180008.80304908752,SAT,,3.696,
5,2,94,14.2684848309,0,1000.0,-1,14.2684848309,0.0,1,0.0,1,180023.07153391844,SAT,,14.296,
6,3,66,3.58401107788,0,5.771880492913723,-1,3.58401107788,0.0,1,0.0,1,180026.65554499632,SAT,,3.622,
7,3,94,18.1395411491,0,26.33898024295569,-1,18.1395411491,0.0,1,0.0,1,180044.79508614543,SAT,,18.167,
8,3,57,4.08244609833,0,2.7575767490744587,-1,4.08244609833,0.0,1,0.0,1,180048.87753224376,SAT,,4.122,
