Run Number,Run History Configuration ID,Instance ID,Response Value (y),Censored?,Cutoff Time Used,Seed,Runtime,Run Length,Run Result Code,Run Quality,SMAC Iteration,SMAC Cumulative Runtime,Run Result,Additional Algorithm Run Data,Wall Clock Time,
1,1,69,4.48687410355,0,2000.0,-1,4.48687410355,0.0,2,0.0,0,4.48687410355,UNSAT,,4.637,
2,1,26,5.99367022514,0,2000.0,-1,5.99367022514,0.0,2,0.0,1,10.48054432869,UNSAT,,6.11,
3,2,26,5.11316108704,0,8.79437233169675,-1,5.11316108704,0.0,2,0.0,1,15.59370541573,UNSAT,,5.189,
4,2,69,22.090157032,0,7.981498994278908,-1,22.090157032,0.0,2,0.0,1,37.68386244773,UNSAT,,22.123,
5,1,150,103.649124146,0,2000.0,-1,103.649124146,0.0,1,0.0,1,141.33298659373,SAT,,103.812,
6,3,69,22.8133029938,0,6.835537392991782,-1,22.8133029938,0.0,2,0.0,1,164.14628958753,UNSAT,,22.845,
