Run Number,Run History Configuration ID,Instance ID,Response Value (y),Censored?,Cutoff Time Used,Seed,Runtime,Run Length,Run Result Code,Run Quality,SMAC Iteration,SMAC Cumulative Runtime,Run Result,Additional Algorithm Run Data,Wall Clock Time,
1,1,38,1000.0,0,1000.0,-1,90000.0,0.0,-1,1.0E9,0,90000.0,CRASHED,,107.025,
2,1,82,1000.0,0,1000.0,-1,90000.0,0.0,-1,1.0E9,1,180000.0,CRASHED,,7.019,
3,2,82,3.64884805679,0,1000.0,-1,3.64884805679,0.0,1,0.0,1,180003.6488480568,SAT,,3.676,
4,2,38,1000.0,0,1000.0,-1,90000.0,0.0,0,0.0,1,270003.6488480568,TIMEOUT,,1881.783,
5,2,126,1000.0,0,1000.0,-1,90000.0,0.0,0,0.0,1,360003.6488480568,TIMEOUT,,1881.685,
6,3,126,1000.0,0,1000.0,-1,90000.0,0.0,0,0.0,1,450003.6488480568,TIMEOUT,,1881.758,
7,3,38,1000.0,0,1000.0,-1,90000.0,0.0,-1,1.0E9,1,540003.6488480568,CRASHED,,105.29,
8,3,82,1000.0,0,5.748702481734752,-1,90000.0,0.0,-1,1.0E9,1,630003.6488480568,CRASHED,,6.391,
