Run Number,Run History Configuration ID,Instance ID,Response Value (y),Censored?,Cutoff Time Used,Seed,Runtime,Run Length,Run Result Code,Run Quality,SMAC Iteration,SMAC Cumulative Runtime,Run Result,Additional Algorithm Run Data,Wall Clock Time,
1,1,55,900.0,0,900.0,-1,90000.0,0.0,-1,1.0E9,0,90000.0,CRASHED,,9.539,
2,1,253,900.0,0,900.0,-1,90000.0,0.0,-1,1.0E9,1,180000.0,CRASHED,,117.119,
3,2,55,303.392289877,0,900.0,-1,303.392289877,0.0,1,0.0,1,180303.392289877,SAT,,303.522,
4,2,253,33.7877459526,0,900.0,-1,33.7877459526,0.0,1,0.0,1,180337.1800358296,SAT,,33.811,
5,2,359,8.90673995018,0,900.0,-1,8.90673995018,0.0,1,0.0,1,180346.08677577978,SAT,,8.947,
6,3,55,900.0,0,395.41257700731154,-1,90000.0,0.0,-1,1.0E9,1,270346.0867757798,CRASHED,,7.392,
