Run Number,Run History Configuration ID,Instance ID,Response Value (y),Censored?,Cutoff Time Used,Seed,Runtime,Run Length,Run Result Code,Run Quality,SMAC Iteration,SMAC Cumulative Runtime,Run Result,Additional Algorithm Run Data,Wall Clock Time,
1,1,45,7.78892612457,0,2000.0,-1,7.78892612457,0.0,1,0.0,0,7.78892612457,SAT,,7.928,
2,1,37,4.03274178505,0,2000.0,-1,4.03274178505,0.0,1,0.0,1,11.82166790962,SAT,,4.075,
3,2,45,2000.0,0,11.128204584467412,-1,112.2653,0.0,-1,1.0E9,1,124.08696790962,CRASHED,Run Exceeded Captime -- Treating as CRASHED;Killed Manually,118.174,
4,1,120,339.927826166,0,2000.0,-1,339.927826166,0.0,1,0.0,1,464.01479407562,SAT,,339.955,
5,3,45,7.9255168438,0,11.128204584467412,-1,7.9255168438,0.0,1,0.0,1,471.94031091941997,SAT,,7.967,
