Run Number,Run History Configuration ID,Instance ID,Response Value (y),Censored?,Cutoff Time Used,Seed,Runtime,Run Length,Run Result Code,Run Quality,SMAC Iteration,SMAC Cumulative Runtime,Run Result,Additional Algorithm Run Data,Wall Clock Time,
1,1,172,900.0,0,900.0,-1,90000.0,0.0,-1,1.0E9,0,90000.0,CRASHED,,276.779,
2,1,12,900.0,0,900.0,-1,90000.0,0.0,-1,1.0E9,1,180000.0,CRASHED,,9.662,
3,2,12,34.2650101185,0,900.0,-1,34.2650101185,0.0,1,0.0,1,180034.2650101185,SAT,,34.292,
4,2,172,900.0,0,900.0,-1,90000.0,0.0,0,0.0,1,270034.2650101185,TIMEOUT,,1883.057,
5,2,191,900.0,0,900.0,-1,90000.0,0.0,0,0.0,1,360034.2650101185,TIMEOUT,,1883.047,
6,3,12,900.0,0,45.54711375233829,-1,90000.0,0.0,-1,1.0E9,1,450034.2650101185,CRASHED,,8.868,
