Run Number,Run History Configuration ID,Instance ID,Response Value (y),Censored?,Cutoff Time Used,Seed,Runtime,Run Length,Run Result Code,Run Quality,SMAC Iteration,SMAC Cumulative Runtime,Run Result,Additional Algorithm Run Data,Wall Clock Time,
1,1,29,1000.0,0,1000.0,-1,90000.0,0.0,-1,1.0E9,0,90000.0,CRASHED,,18.722,
2,1,103,1000.0,0,1000.0,-1,90000.0,0.0,-1,1.0E9,1,180000.0,CRASHED,,5.97,
3,2,29,6.9797039032,0,1000.0,-1,6.9797039032,0.0,1,0.0,1,180006.9797039032,SAT,,7.016,
4,2,103,4.15764307976,0,1000.0,-1,4.15764307976,0.0,1,0.0,1,180011.13734698296,SAT,,4.19,
5,2,90,4.6381008625,0,1000.0,-1,4.6381008625,0.0,1,0.0,1,180015.77544784546,SAT,,4.68,
6,3,29,1000.0,0,10.076215386736393,-1,90000.0,0.0,-1,1.0E9,1,270015.77544784546,CRASHED,,17.173,
