Run Number,Run History Configuration ID,Instance ID,Response Value (y),Censored?,Cutoff Time Used,Seed,Runtime,Run Length,Run Result Code,Run Quality,SMAC Iteration,SMAC Cumulative Runtime,Run Result,Additional Algorithm Run Data,Wall Clock Time,
1,1,87,1000.0,0,1000.0,-1,90000.0,0.0,-1,1.0E9,0,90000.0,CRASHED,,4.95,
2,1,118,4.95343208313,0,1000.0,-1,4.95343208313,0.0,1,0.0,1,90004.95343208313,SAT,,4.99,
3,2,87,882.540442944,0,1000.0,-1,882.540442944,0.0,1,0.0,1,90887.49387502712,SAT,,882.601,
4,2,118,3.86097311974,0,1000.0,-1,3.86097311974,0.0,1,0.0,1,90891.35484814686,SAT,,3.905,
5,2,99,4.50352406502,0,1000.0,-1,4.50352406502,0.0,1,0.0,1,90895.85837221188,SAT,,4.528,
6,3,99,1000.0,0,6.857181422758103,-1,90000.0,0.0,-1,1.0E9,1,180895.85837221186,CRASHED,,7.814,
