Run Number,Run History Configuration ID,Instance ID,Response Value (y),Censored?,Cutoff Time Used,Seed,Runtime,Run Length,Run Result Code,Run Quality,SMAC Iteration,SMAC Cumulative Runtime,Run Result,Additional Algorithm Run Data,Wall Clock Time,
1,1,208,2000.0,0,2000.0,-1,90000.0,0.0,-1,1.0E9,0,90000.0,CRASHED,,5.242,
2,1,80,2000.0,0,2000.0,-1,90000.0,0.0,-1,1.0E9,1,180000.0,CRASHED,,6.501,
3,2,80,2000.0,0,2000.0,-1,90000.0,0.0,0,0.0,1,270000.0,TIMEOUT,,1882.167,
4,2,208,2000.0,0,2000.0,-1,90000.0,0.0,0,0.0,1,360000.0,TIMEOUT,,1881.846,
5,1,85,2000.0,0,2000.0,-1,90000.0,0.0,-1,1.0E9,1,450000.0,CRASHED,,7.642,
6,3,80,9.17491602898,0,2000.0,-1,9.17491602898,0.0,1,0.0,1,450009.174916029,SAT,,9.205,
7,3,85,29.1249420643,0,2000.0,-1,29.1249420643,0.0,1,0.0,1,450038.29985809326,SAT,,29.16,
8,3,208,2000.0,0,2000.0,-1,90000.0,0.0,0,0.0,1,540038.2998580933,TIMEOUT,,1882.217,
