Run Number,Run History Configuration ID,Instance ID,Response Value (y),Censored?,Cutoff Time Used,Seed,Runtime,Run Length,Run Result Code,Run Quality,SMAC Iteration,SMAC Cumulative Runtime,Run Result,Additional Algorithm Run Data,Wall Clock Time,
1,1,28,5.33134388924,0,2000.0,-1,5.33134388924,0.0,2,0.0,0,5.33134388924,UNSAT,,5.445,
2,1,143,63.7599020004,0,2000.0,-1,63.7599020004,0.0,1,0.0,1,69.09124588963999,SAT,,63.789,
3,2,28,6.85670304298,0,7.933347475129366,-1,6.85670304298,0.0,2,0.0,1,75.94794893262,UNSAT,,6.896,
4,1,80,4.66452002525,0,2000.0,-1,4.66452002525,0.0,2,0.0,1,80.61246895786999,UNSAT,,4.807,
5,3,143,2000.0,0,83.89047355239391,-1,839.8835999999999,0.0,-1,1.0E9,1,920.4960689578699,CRASHED,Run Exceeded Captime -- Treating as CRASHED;Killed Manually,884.088,
