Run Number,Run History Configuration ID,Instance ID,Response Value (y),Censored?,Cutoff Time Used,Seed,Runtime,Run Length,Run Result Code,Run Quality,SMAC Iteration,SMAC Cumulative Runtime,Run Result,Additional Algorithm Run Data,Wall Clock Time,
1,1,445,900.0,0,900.0,-1,90000.0,0.0,-1,1.0E9,0,90000.0,CRASHED,,6.254,
2,1,368,900.0,0,900.0,-1,90000.0,0.0,-1,1.0E9,1,180000.0,CRASHED,,6.968,
3,2,368,11.5696649551,0,900.0,-1,11.5696649551,0.0,1,0.0,1,180011.5696649551,SAT,,11.592,
4,2,445,881.678958893,0,900.0,-1,881.678958893,0.0,1,0.0,1,180893.2486238481,SAT,,881.706,
5,2,271,13.2172050476,0,900.0,-1,13.2172050476,0.0,1,0.0,1,180906.4658288957,SAT,,13.262,
6,3,445,882.168302059,0,900.0,-1,882.168302059,0.0,1,0.0,1,181788.6341309547,SAT,,882.245,
