Run Number,Run History Configuration ID,Instance ID,Response Value (y),Censored?,Cutoff Time Used,Seed,Runtime,Run Length,Run Result Code,Run Quality,SMAC Iteration,SMAC Cumulative Runtime,Run Result,Additional Algorithm Run Data,Wall Clock Time,
1,1,1793,908.169570923,0,2000.0,-1,908.169570923,0.0,1,0.0,0,908.169570923,SAT,,908.347,
2,1,2242,1361.97160721,0,2000.0,-1,1361.97160721,0.0,1,0.0,1,2270.141178133,SAT,,1362.071,
3,2,2242,1921.51998281,0,1771.565689973879,-1,1921.51998281,0.0,1,0.0,1,4191.661160943,SAT,,1921.595,
4,1,720,7.01884794235,0,2000.0,-1,7.01884794235,0.0,1,0.0,1,4198.68000888535,SAT,,7.066,
5,3,2242,1283.35964012,0,1771.565689973879,-1,1283.35964012,0.0,1,0.0,1,5482.03964900535,SAT,,1283.407,
6,3,720,6.71773695946,0,1292.9457025494157,-1,6.71773695946,0.0,1,0.0,1,5488.75738596481,SAT,,6.783,
7,3,1793,769.21599102,0,1284.212644666779,-1,769.21599102,0.0,1,0.0,1,6257.97337698481,SAT,,769.254,
