Run Number,Run History Configuration ID,Instance ID,Response Value (y),Censored?,Cutoff Time Used,Seed,Runtime,Run Length,Run Result Code,Run Quality,SMAC Iteration,SMAC Cumulative Runtime,Run Result,Additional Algorithm Run Data,Wall Clock Time,
1,1,68,97.4874999523,0,2000.0,-1,97.4874999523,0.0,2,0.0,0,97.4874999523,UNSAT,,97.714,
2,1,155,269.136756182,0,2000.0,-1,269.136756182,0.0,2,0.0,1,366.6242561343,UNSAT,,269.341,
3,2,68,13.4892239571,0,127.73635023121835,-1,13.4892239571,0.0,2,0.0,1,380.11348009140005,UNSAT,,13.579,
4,2,155,1802.64223099,0,460.07944297825094,-1,1802.64223099,0.0,2,0.0,1,2182.7557110814,UNSAT,,1802.716,
5,1,113,34.3868591785,0,2000.0,-1,34.3868591785,0.0,2,0.0,1,2217.1425702599,UNSAT,,34.502,
6,3,155,1801.832412,0,350.88038396869894,-1,1801.832412,0.0,2,0.0,1,4018.9749822598997,UNSAT,,1801.87,
