Run Number,Run History Configuration ID,Instance ID,Response Value (y),Censored?,Cutoff Time Used,Seed,Runtime,Run Length,Run Result Code,Run Quality,SMAC Iteration,SMAC Cumulative Runtime,Run Result,Additional Algorithm Run Data,Wall Clock Time,
1,1,81,1000.0,0,1000.0,-1,90000.0,0.0,-1,1.0E9,0,90000.0,CRASHED,,27.689,
2,1,52,1000.0,0,1000.0,-1,90000.0,0.0,-1,1.0E9,1,180000.0,CRASHED,,4.583,
3,2,81,3.5190320015,0,1000.0,-1,3.5190320015,0.0,1,0.0,1,180003.5190320015,SAT,,3.555,
4,2,52,4.64925980568,0,1000.0,-1,4.64925980568,0.0,1,0.0,1,180008.16829180717,SAT,,4.677,
5,2,129,1000.0,0,1000.0,-1,90000.0,0.0,0,0.0,1,270008.1682918072,TIMEOUT,,1881.694,
6,3,52,6.9017829895,0,7.046638418334723,-1,6.9017829895,0.0,1,0.0,1,270015.0700747967,SAT,,6.944,
