Run Number,Run History Configuration ID,Instance ID,Response Value (y),Censored?,Cutoff Time Used,Seed,Runtime,Run Length,Run Result Code,Run Quality,SMAC Iteration,SMAC Cumulative Runtime,Run Result,Additional Algorithm Run Data,Wall Clock Time,
1,1,1,4.66762399673,0,2000.0,-1,4.66762399673,0.0,2,0.0,0,4.66762399673,UNSAT,,4.795,
2,1,109,1801.98612785,0,2000.0,-1,1801.98612785,0.0,1,0.0,1,1806.65375184673,SAT,,1802.047,
3,2,109,589.193714857,0,2000.0,-1,589.193714857,0.0,1,0.0,1,2395.84746670373,SAT,,589.274,
4,2,1,5.63171482086,0,1583.7019489969791,-1,5.63171482086,0.0,2,0.0,1,2401.47918152459,UNSAT,,5.68,
5,2,105,1801.94220519,0,2000.0,-1,1801.94220519,0.0,1,0.0,1,4203.42138671459,SAT,,1802.02,
6,3,1,7.58460187912,0,8.323829889643193,-1,7.58460187912,0.0,2,0.0,1,4211.00598859371,UNSAT,,7.651,
