Run Number,Run History Configuration ID,Instance ID,Response Value (y),Censored?,Cutoff Time Used,Seed,Runtime,Run Length,Run Result Code,Run Quality,SMAC Iteration,SMAC Cumulative Runtime,Run Result,Additional Algorithm Run Data,Wall Clock Time,
1,1,2206,2536.65601802,0,2000.0,-1,2536.65601802,0.0,1,0.0,0,2536.65601802,SAT,,2544.687,
2,1,1230,1840.69828391,0,2000.0,-1,1840.69828391,0.0,2,0.0,1,4377.35430193,UNSAT,,1840.753,
3,2,2206,2635.72371602,0,2000.0,-1,2635.72371602,0.0,1,0.0,1,7013.07801795,SAT,,2636.764,
4,1,2134,1901.75841403,0,2000.0,-1,1901.75841403,0.0,1,0.0,1,8914.83643198,SAT,,1902.765,
5,3,2134,1896.57218313,0,2000.0,-1,1896.57218313,0.0,1,0.0,1,10811.40861511,SAT,,1896.733,
6,3,2206,2640.19241691,0,2000.0,-1,2640.19241691,0.0,1,0.0,1,13451.60103202,SAT,,2646.988,
7,3,1230,557.818258047,0,1054.6818847659706,-1,557.818258047,0.0,2,0.0,1,14009.419290067,UNSAT,,558.027,
8,3,509,55.4636659622,0,2000.0,-1,55.4636659622,0.0,1,0.0,2,14064.8829560292,SAT,,56.912,
9,4,2206,2660.28001213,0,2000.0,-1,2660.28001213,0.0,1,0.0,2,16725.1629681592,SAT,,2661.053,
10,3,2265,5340.72217798,0,2000.0,-1,5340.72217798,0.0,1,0.0,2,22065.885146139197,SAT,,5345.316,
11,5,509,2000.0,0,73.10536623780727,-1,732.2486,0.0,-1,1.0E9,2,22798.133746139196,CRASHED,Run Exceeded Captime -- Treating as CRASHED;Killed Manually,770.788,
12,3,896,38.1136689186,0,2000.0,-1,38.1136689186,0.0,1,0.0,3,22836.247415057795,SAT,,38.822,
13,6,2134,1906.68491602,0,2000.0,-1,1906.68491602,0.0,1,0.0,3,24742.932331077795,SAT,,1907.781,
14,3,1022,57.5882411003,0,2000.0,-1,57.5882411003,0.0,1,0.0,3,24800.520572178095,SAT,,58.796,
15,7,1230,1844.40330696,0,726.1663359481573,-1,1844.40330696,0.0,2,0.0,3,26644.923879138096,UNSAT,,1845.906,
16,3,535,56.8858261108,0,2000.0,-1,56.8858261108,0.0,1,0.0,4,26701.809705248896,SAT,,57.127,
17,8,2134,1911.93415213,0,2000.0,-1,1911.93415213,0.0,1,0.0,4,28613.743857378897,SAT,,1912.299,
18,3,727,41.9369430542,0,2000.0,-1,41.9369430542,0.0,1,0.0,4,28655.680800433096,SAT,,42.501,
19,9,1022,2000.0,0,75.86731369455457,-1,759.4072,0.0,-1,1.0E9,4,29415.088000433097,CRASHED,Run Exceeded Captime -- Treating as CRASHED;Killed Manually,799.376,
