Run Number,Run History Configuration ID,Instance ID,Response Value (y),Censored?,Cutoff Time Used,Seed,Runtime,Run Length,Run Result Code,Run Quality,SMAC Iteration,SMAC Cumulative Runtime,Run Result,Additional Algorithm Run Data,Wall Clock Time,
1,1,66,129.263015985,0,2000.0,-1,129.263015985,0.0,2,0.0,0,129.263015985,UNSAT,,129.454,
2,1,102,14.0903890133,0,2000.0,-1,14.0903890133,0.0,2,0.0,1,143.35340499830002,UNSAT,,14.236,
3,2,66,12.5547599792,0,169.04452162643076,-1,12.5547599792,0.0,2,0.0,1,155.9081649775,UNSAT,,12.621,
4,2,102,14.2864570618,0,171.0421395379782,-1,14.2864570618,0.0,2,0.0,1,170.19462203930001,UNSAT,,14.312,
5,2,24,7.16496014595,0,2000.0,-1,7.16496014595,0.0,2,0.0,1,177.35958218525002,UNSAT,,7.216,
6,3,102,2000.0,0,19.5749951418221,-1,196.45524999999998,0.0,-1,1.0E9,1,373.81483218525,CRASHED,Run Exceeded Captime -- Treating as CRASHED;Killed Manually,206.795,
