Run Number,Run History Configuration ID,Instance ID,Response Value (y),Censored?,Cutoff Time Used,Seed,Runtime,Run Length,Run Result Code,Run Quality,SMAC Iteration,SMAC Cumulative Runtime,Run Result,Additional Algorithm Run Data,Wall Clock Time,
1,1,48,1000.0,0,1000.0,-1,90000.0,0.0,-1,1.0E9,0,90000.0,CRASHED,,9.553,
2,1,76,1000.0,0,1000.0,-1,90000.0,0.0,-1,1.0E9,1,180000.0,CRASHED,,5.608,
3,2,48,7.493475914,0,1000.0,-1,7.493475914,0.0,1,0.0,1,180007.493475914,SAT,,7.526,
4,2,76,31.0181701183,0,1000.0,-1,31.0181701183,0.0,1,0.0,1,180038.5116460323,SAT,,31.05,
5,2,131,3.52972698212,0,1000.0,-1,3.52972698212,0.0,1,0.0,1,180042.04137301442,SAT,,3.572,
6,3,48,1000.0,0,10.744119610983134,-1,108.3969,0.0,-1,1.0E9,1,180150.4382730144,CRASHED,Run Exceeded Captime -- Treating as CRASHED;Killed Manually,114.102,
