Run Number,Run History Configuration ID,Instance ID,Response Value (y),Censored?,Cutoff Time Used,Seed,Runtime,Run Length,Run Result Code,Run Quality,SMAC Iteration,SMAC Cumulative Runtime,Run Result,Additional Algorithm Run Data,Wall Clock Time,
1,1,118,1000.0,0,1000.0,-1,90000.0,0.0,-1,1.0E9,0,90000.0,CRASHED,,5.331,
2,1,111,1000.0,0,1000.0,-1,90000.0,0.0,-1,1.0E9,1,180000.0,CRASHED,,6.495,
3,2,111,4.42296504974,0,1000.0,-1,4.42296504974,0.0,1,0.0,1,180004.42296504974,SAT,,4.463,
4,2,118,1000.0,0,1000.0,-1,90000.0,0.0,0,0.0,1,270004.42296504974,TIMEOUT,,1881.676,
5,2,110,1000.0,0,1000.0,-1,90000.0,0.0,0,0.0,1,360004.42296504974,TIMEOUT,,1882.002,
6,3,118,881.708952904,0,1000.0,-1,881.708952904,0.0,1,0.0,1,360886.1319179537,SAT,,881.867,
7,3,111,3.97657704353,0,1000.0,-1,3.97657704353,0.0,1,0.0,1,360890.10849499726,SAT,,4.019,
8,3,110,881.586369991,0,1000.0,-1,881.586369991,0.0,1,0.0,1,361771.69486498827,SAT,,881.63,
