Run Number,Run History Configuration ID,Instance ID,Response Value (y),Censored?,Cutoff Time Used,Seed,Runtime,Run Length,Run Result Code,Run Quality,SMAC Iteration,SMAC Cumulative Runtime,Run Result,Additional Algorithm Run Data,Wall Clock Time,
1,1,29,9.35403895378,0,2000.0,-1,9.35403895378,0.0,2,0.0,0,9.35403895378,UNSAT,,9.461,
2,1,73,4.21695709229,0,2000.0,-1,4.21695709229,0.0,2,0.0,1,13.57099604607,UNSAT,,4.325,
3,2,29,2000.0,0,13.162851136523486,-1,132.15925000000001,0.0,-1,1.0E9,1,145.73024604607002,CRASHED,Run Exceeded Captime -- Treating as CRASHED;Killed Manually,139.115,
4,1,1,4.62633395195,0,2000.0,-1,4.62633395195,0.0,2,0.0,1,150.35657999802,UNSAT,,4.67,
5,3,73,4.21750283241,0,6.484644290405512,-1,4.21750283241,0.0,2,0.0,1,154.57408283043,UNSAT,,4.276,
