Run Number,Run History Configuration ID,Instance ID,Response Value (y),Censored?,Cutoff Time Used,Seed,Runtime,Run Length,Run Result Code,Run Quality,SMAC Iteration,SMAC Cumulative Runtime,Run Result,Additional Algorithm Run Data,Wall Clock Time,
1,1,262,9.12890100479,0,2000.0,-1,9.12890100479,0.0,1,0.0,0,9.12890100479,SAT,,9.268,
2,1,140,26.2537240982,0,2000.0,-1,26.2537240982,0.0,2,0.0,1,35.38262510299,UNSAT,,26.282,
3,2,262,2000.0,0,12.870171841579676,-1,129.50494999999998,0.0,-1,1.0E9,1,164.88757510298998,CRASHED,Run Exceeded Captime -- Treating as CRASHED;Killed Manually,136.321,
4,1,63,230.5757339,0,2000.0,-1,230.5757339,0.0,2,0.0,1,395.46330900298994,UNSAT,,230.824,
5,3,262,7.17194318771,0,12.870171841579676,-1,7.17194318771,0.0,1,0.0,1,402.63525219069993,SAT,,7.235,
6,3,140,13.1232171059,0,337.4275413233518,-1,13.1232171059,0.0,2,0.0,1,415.7584692965999,UNSAT,,13.164,
7,3,63,13.059648037,0,320.36735917289855,-1,13.059648037,0.0,2,0.0,1,428.8181173335999,UNSAT,,13.097,
