Run Number,Run History Configuration ID,Instance ID,Response Value (y),Censored?,Cutoff Time Used,Seed,Runtime,Run Length,Run Result Code,Run Quality,SMAC Iteration,SMAC Cumulative Runtime,Run Result,Additional Algorithm Run Data,Wall Clock Time,
1,1,74,1000.0,0,1000.0,-1,90000.0,0.0,-1,1.0E9,0,90000.0,CRASHED,,11.399,
2,1,4,1000.0,0,1000.0,-1,90000.0,0.0,0,0.0,1,180000.0,TIMEOUT,,1881.745,
3,2,4,1000.0,0,1000.0,-1,90000.0,0.0,0,0.0,1,270000.0,TIMEOUT,,1881.785,
4,2,74,4.39354014397,0,1000.0,-1,4.39354014397,0.0,1,0.0,1,270004.39354014397,SAT,,4.428,
5,2,21,4.93242192268,0,1000.0,-1,4.93242192268,0.0,1,0.0,1,270009.32596206665,SAT,,4.992,
6,3,21,1000.0,0,7.414749160754681,-1,90000.0,0.0,-1,1.0E9,1,360009.32596206665,CRASHED,,4.882,
