Run Number,Run History Configuration ID,Instance ID,Response Value (y),Censored?,Cutoff Time Used,Seed,Runtime,Run Length,Run Result Code,Run Quality,SMAC Iteration,SMAC Cumulative Runtime,Run Result,Additional Algorithm Run Data,Wall Clock Time,
1,1,5,1000.0,0,1000.0,-1,90000.0,0.0,-1,1.0E9,0,90000.0,CRASHED,,93.348,
2,1,17,1000.0,0,1000.0,-1,90000.0,0.0,-1,1.0E9,1,180000.0,CRASHED,,4.831,
3,2,17,4.44208598137,0,1000.0,-1,4.44208598137,0.0,1,0.0,1,180004.44208598137,SAT,,4.481,
4,2,5,1000.0,0,1000.0,-1,90000.0,0.0,0,0.0,1,270004.44208598137,TIMEOUT,,1882.002,
5,2,68,205.547092199,0,1000.0,-1,205.547092199,0.0,1,0.0,1,270209.98917818035,SAT,,205.593,
6,3,17,4.02102088928,0,6.777312688875199,-1,4.02102088928,0.0,1,0.0,1,270214.0101990696,SAT,,4.049,
7,3,68,210.135822058,0,1000.0,-1,210.135822058,0.0,1,0.0,1,270424.14602112764,SAT,,210.173,
8,3,5,1000.0,0,1000.0,-1,90000.0,0.0,0,0.0,1,360424.14602112764,TIMEOUT,,1881.886,
