Run Number,Run History Configuration ID,Instance ID,Response Value (y),Censored?,Cutoff Time Used,Seed,Runtime,Run Length,Run Result Code,Run Quality,SMAC Iteration,SMAC Cumulative Runtime,Run Result,Additional Algorithm Run Data,Wall Clock Time,
1,1,77,900.0,0,900.0,-1,90000.0,0.0,-1,1.0E9,0,90000.0,CRASHED,,8.894,
2,1,592,900.0,0,900.0,-1,90000.0,0.0,-1,1.0E9,1,180000.0,CRASHED,,7.336,
3,2,77,192.661235809,0,900.0,-1,192.661235809,0.0,1,0.0,1,180192.661235809,SAT,,192.706,
4,2,592,882.08040905,0,900.0,-1,882.08040905,0.0,1,0.0,1,181074.741644859,SAT,,882.119,
5,2,34,373.792258024,0,900.0,-1,373.792258024,0.0,1,0.0,1,181448.533902883,SAT,,373.817,
6,3,592,881.94431901,0,900.0,-1,881.94431901,0.0,1,0.0,1,182330.47822189302,SAT,,881.984,
7,3,77,737.5716593101353,1,737.5716593101353,-1,90000.0,0.0,0,0.0,1,272330.478221893,TIMEOUT,,1882.549,
