Run Number,Run History Configuration ID,Instance ID,Response Value (y),Censored?,Cutoff Time Used,Seed,Runtime,Run Length,Run Result Code,Run Quality,SMAC Iteration,SMAC Cumulative Runtime,Run Result,Additional Algorithm Run Data,Wall Clock Time,
1,1,20,5.98572897911,0,1000.0,-1,5.98572897911,0.0,1,0.0,0,5.98572897911,SAT,,6.097,
2,1,124,1000.0,0,1000.0,-1,90000.0,0.0,-1,1.0E9,1,90005.98572897911,CRASHED,,18.991,
3,2,20,4.57183623314,0,8.78404852782488,-1,4.57183623314,0.0,1,0.0,1,90010.55756521225,SAT,,4.617,
4,2,124,427.956933022,0,1000.0,-1,427.956933022,0.0,1,0.0,1,90438.51449823425,SAT,,427.983,
5,2,68,5.48110318184,0,1000.0,-1,5.48110318184,0.0,1,0.0,1,90443.99560141609,SAT,,5.56,
6,3,20,3.55406498909,0,6.945987686860562,-1,3.55406498909,0.0,1,0.0,1,90447.54966640518,SAT,,3.595,
7,3,124,615.684305906,0,565.7977504547417,-1,615.684305906,0.0,1,0.0,1,91063.23397231118,SAT,,615.723,
