Run Number,Run History Configuration ID,Instance ID,Response Value (y),Censored?,Cutoff Time Used,Seed,Runtime,Run Length,Run Result Code,Run Quality,SMAC Iteration,SMAC Cumulative Runtime,Run Result,Additional Algorithm Run Data,Wall Clock Time,
1,1,1039,144.13173604,0,2000.0,-1,144.13173604,0.0,1,0.0,0,144.13173604,SAT,,144.988,
2,1,398,33.5519030094,0,2000.0,-1,33.5519030094,0.0,1,0.0,1,177.6836390494,SAT,,34.015,
3,2,1039,8.94401502609,0,188.37385698069932,-1,8.94401502609,0.0,1,0.0,1,186.62765407549,SAT,,9.013,
4,2,398,13.8391149044,0,220.3654122430563,-1,13.8391149044,0.0,1,0.0,1,200.46676897989,SAT,,13.907,
5,2,102,34.1364171505,0,2000.0,-1,34.1364171505,0.0,1,0.0,1,234.60318613039,SAT,,34.222,
6,3,398,10.9258639812,0,18.99345031787753,-1,10.9258639812,0.0,1,0.0,1,245.52905011158998,SAT,,10.984,
7,3,1039,8.74274897575,0,60.79698874463439,-1,8.74274897575,0.0,1,0.0,1,254.27179908733999,SAT,,8.811,
8,3,102,14.8940749168,0,49.43141535704136,-1,14.8940749168,0.0,1,0.0,1,269.16587400414,SAT,,15.4,
