Run Number,Run History Configuration ID,Instance ID,Response Value (y),Censored?,Cutoff Time Used,Seed,Runtime,Run Length,Run Result Code,Run Quality,SMAC Iteration,SMAC Cumulative Runtime,Run Result,Additional Algorithm Run Data,Wall Clock Time,
1,1,1039,1845.2261219,0,2000.0,-1,1845.2261219,0.0,1,0.0,0,1845.2261219,SAT,,1849.049,
2,1,398,144.978484869,0,2000.0,-1,144.978484869,0.0,1,0.0,1,1990.2046067689998,SAT,,146.54,
3,2,1039,38.5054130554,0,2000.0,-1,38.5054130554,0.0,1,0.0,1,2028.7100198243998,SAT,,41.08,
4,2,398,65.6938290596,0,2000.0,-1,65.6938290596,0.0,1,0.0,1,2094.4038488839997,SAT,,66.615,
5,2,102,154.708189964,0,2000.0,-1,154.708189964,0.0,1,0.0,1,2249.112038848,SAT,,155.812,
6,3,398,49.5436751842,0,86.40457828377487,-1,49.5436751842,0.0,1,0.0,1,2298.6557140321997,SAT,,50.317,
7,3,1039,41.3922860622,0,273.1780846494913,-1,41.3922860622,0.0,1,0.0,1,2340.0480000944,SAT,,42.359,
8,3,102,66.2351620197,0,219.36811244894864,-1,66.2351620197,0.0,1,0.0,1,2406.2831621141,SAT,,67.038,
