Run Number,Run History Configuration ID,Instance ID,Response Value (y),Censored?,Cutoff Time Used,Seed,Runtime,Run Length,Run Result Code,Run Quality,SMAC Iteration,SMAC Cumulative Runtime,Run Result,Additional Algorithm Run Data,Wall Clock Time,
1,1,291,900.0,0,900.0,-1,90000.0,0.0,-1,1.0E9,0,90000.0,CRASHED,,5.732,
2,1,570,900.0,0,900.0,-1,90000.0,0.0,-1,1.0E9,1,180000.0,CRASHED,,5.949,
3,2,291,5.61160802841,0,900.0,-1,5.61160802841,0.0,1,0.0,1,180005.6116080284,SAT,,5.635,
4,2,570,900.0,0,900.0,-1,90000.0,0.0,0,0.0,1,270005.6116080284,TIMEOUT,,1881.921,
5,2,290,5.05786204338,0,900.0,-1,5.05786204338,0.0,1,0.0,1,270010.6694700718,SAT,,5.08,
6,3,290,5.27943515778,0,7.577821191745997,-1,5.27943515778,0.0,1,0.0,1,270015.94890522957,SAT,,5.305,
