Run Number,Run History Configuration ID,Instance ID,Response Value (y),Censored?,Cutoff Time Used,Seed,Runtime,Run Length,Run Result Code,Run Quality,SMAC Iteration,SMAC Cumulative Runtime,Run Result,Additional Algorithm Run Data,Wall Clock Time,
1,1,93,8.3571228981,0,2000.0,-1,8.3571228981,0.0,1,0.0,0,8.3571228981,SAT,,8.465,
2,1,130,3.94495606422,0,2000.0,-1,3.94495606422,0.0,1,0.0,1,12.30207896232,SAT,,4.068,
3,2,130,19.7326769829,0,6.13104401935935,-1,19.7326769829,0.0,1,0.0,1,32.03475594522,SAT,,19.772,
4,1,102,4.46784996986,0,2000.0,-1,4.46784996986,0.0,1,0.0,1,36.50260591508,SAT,,4.568,
5,3,93,28.15229702,0,11.866860825914145,-1,28.15229702,0.0,1,0.0,1,64.65490293508,SAT,,28.203,
