Run Number,Run History Configuration ID,Instance ID,Response Value (y),Censored?,Cutoff Time Used,Seed,Runtime,Run Length,Run Result Code,Run Quality,SMAC Iteration,SMAC Cumulative Runtime,Run Result,Additional Algorithm Run Data,Wall Clock Time,
1,1,34,3.92659306526,0,2000.0,-1,3.92659306526,0.0,1,0.0,0,3.92659306526,SAT,,4.023,
2,1,80,4.66452002525,0,2000.0,-1,4.66452002525,0.0,2,0.0,1,8.59111309051,UNSAT,,4.807,
3,2,34,4.69322919846,0,6.107171055275201,-1,4.69322919846,0.0,1,0.0,1,13.284342288969999,SAT,,4.724,
4,1,38,4.12363290787,0,2000.0,-1,4.12363290787,0.0,1,0.0,1,17.40797519684,SAT,,4.237,
5,3,80,3.65459609032,0,7.06647605483532,-1,3.65459609032,0.0,2,0.0,1,21.062571287159997,UNSAT,,3.698,
6,3,34,11.0574598312,0,12.783395953822136,-1,11.0574598312,0.0,1,0.0,1,32.12003111836,SAT,,11.105,
