Run Number,Run History Configuration ID,Instance ID,Response Value (y),Censored?,Cutoff Time Used,Seed,Runtime,Run Length,Run Result Code,Run Quality,SMAC Iteration,SMAC Cumulative Runtime,Run Result,Additional Algorithm Run Data,Wall Clock Time,
1,1,118,1000.0,0,1000.0,-1,90000.0,0.0,-1,1.0E9,0,90000.0,CRASHED,,5.111,
2,1,103,1000.0,0,1000.0,-1,90000.0,0.0,-1,1.0E9,1,180000.0,CRASHED,,6.717,
3,2,103,1000.0,0,1000.0,-1,90000.0,0.0,0,0.0,1,270000.0,TIMEOUT,,1881.978,
4,2,118,1000.0,0,1000.0,-1,90000.0,0.0,0,0.0,1,360000.0,TIMEOUT,,1881.646,
5,1,141,1000.0,0,1000.0,-1,90000.0,0.0,-1,1.0E9,1,450000.0,CRASHED,,10.043,
6,3,141,881.523499012,0,1000.0,-1,881.523499012,0.0,1,0.0,1,450881.523499012,SAT,,881.573,
7,3,103,1000.0,0,1000.0,-1,90000.0,0.0,0,0.0,1,540881.523499012,TIMEOUT,,1881.654,
8,3,118,881.696583986,0,1000.0,-1,881.696583986,0.0,1,0.0,1,541763.220082998,SAT,,881.745,
