Run Number,Run History Configuration ID,Instance ID,Response Value (y),Censored?,Cutoff Time Used,Seed,Runtime,Run Length,Run Result Code,Run Quality,SMAC Iteration,SMAC Cumulative Runtime,Run Result,Additional Algorithm Run Data,Wall Clock Time,
1,1,76,23.7877879143,0,2000.0,-1,23.7877879143,0.0,2,0.0,0,23.7877879143,UNSAT,,23.977,
2,1,273,12.1683368683,0,2000.0,-1,12.1683368683,0.0,1,0.0,1,35.9561247826,SAT,,12.211,
3,2,273,62.3814468384,0,16.821437970149518,-1,62.3814468384,0.0,1,0.0,1,98.337571621,SAT,,62.826,
4,1,119,13.1007239819,0,2000.0,-1,13.1007239819,0.0,2,0.0,1,111.4382956029,UNSAT,,13.169,
5,3,76,2000.0,0,31.92672486265302,-1,320.13765,0.0,-1,1.0E9,1,431.5759456029,CRASHED,Run Exceeded Captime -- Treating as CRASHED;Killed Manually,336.987,
