Run Number,Run History Configuration ID,Instance ID,Response Value (y),Censored?,Cutoff Time Used,Seed,Runtime,Run Length,Run Result Code,Run Quality,SMAC Iteration,SMAC Cumulative Runtime,Run Result,Additional Algorithm Run Data,Wall Clock Time,
1,1,141,4.18014907837,0,2000.0,-1,4.18014907837,0.0,1,0.0,0,4.18014907837,SAT,,4.304,
2,1,35,101.700182915,0,2000.0,-1,101.700182915,0.0,1,0.0,1,105.88033199336999,SAT,,101.741,
3,2,35,2000.0,0,133.2128382179618,-1,1333.0076999999999,0.0,-1,1.0E9,1,1438.8880319933699,CRASHED,Run Exceeded Captime -- Treating as CRASHED;Killed Manually,1403.166,
4,1,124,4.65439105034,0,2000.0,-1,4.65439105034,0.0,1,0.0,1,1443.54242304371,SAT,,4.692,
5,3,35,2000.0,0,133.2128382179618,-1,1332.58305,0.0,-1,1.0E9,1,2776.12547304371,CRASHED,Run Exceeded Captime -- Treating as CRASHED;Killed Manually,1402.719,
