Run Number,Run History Configuration ID,Instance ID,Response Value (y),Censored?,Cutoff Time Used,Seed,Runtime,Run Length,Run Result Code,Run Quality,SMAC Iteration,SMAC Cumulative Runtime,Run Result,Additional Algorithm Run Data,Wall Clock Time,
1,1,5,1000.0,0,1000.0,-1,90000.0,0.0,-1,1.0E9,0,90000.0,CRASHED,,6.722,
2,1,117,1000.0,0,1000.0,-1,90000.0,0.0,-1,1.0E9,1,180000.0,CRASHED,,5.242,
3,2,5,4.73528194427,0,1000.0,-1,4.73528194427,0.0,1,0.0,1,180004.73528194427,SAT,,4.778,
4,2,117,881.650168896,0,1000.0,-1,881.650168896,0.0,1,0.0,1,180886.3854508403,SAT,,881.685,
5,2,82,1000.0,0,1000.0,-1,90000.0,0.0,0,0.0,1,270886.3854508403,TIMEOUT,,1888.504,
6,3,82,46.6715228558,0,1000.0,-1,46.6715228558,0.0,1,0.0,1,270933.0569736961,SAT,,46.793,
7,3,117,1000.0,0,1000.0,-1,90000.0,0.0,-1,1.0E9,1,360933.0569736961,CRASHED,,4.25,
8,3,5,1000.0,0,1000.0,-1,90000.0,0.0,-1,1.0E9,1,450933.0569736961,CRASHED,,5.192,
