Run Number,Run History Configuration ID,Instance ID,Response Value (y),Censored?,Cutoff Time Used,Seed,Runtime,Run Length,Run Result Code,Run Quality,SMAC Iteration,SMAC Cumulative Runtime,Run Result,Additional Algorithm Run Data,Wall Clock Time,
1,1,139,1000.0,0,1000.0,-1,90000.0,0.0,-1,1.0E9,0,90000.0,CRASHED,,4.65,
2,1,118,1000.0,0,1000.0,-1,90000.0,0.0,-1,1.0E9,1,180000.0,CRASHED,,4.872,
3,2,139,61.8834018707,0,1000.0,-1,61.8834018707,0.0,1,0.0,1,180061.8834018707,SAT,,61.913,
4,2,118,1000.0,0,1000.0,-1,90000.0,0.0,0,0.0,1,270061.8834018707,TIMEOUT,,1881.744,
5,2,62,3.60326600075,0,1000.0,-1,3.60326600075,0.0,1,0.0,1,270065.4866678715,SAT,,3.703,
6,3,118,881.728748083,0,1000.0,-1,881.728748083,0.0,1,0.0,1,270947.2154159545,SAT,,881.759,
7,3,139,91.6164200306,0,1000.0,-1,91.6164200306,0.0,1,0.0,1,271038.83183598507,SAT,,91.692,
8,3,62,3.95509600639,0,1000.0,-1,3.95509600639,0.0,1,0.0,1,271042.78693199146,SAT,,3.999,
