Run Number,Run History Configuration ID,Instance ID,Response Value (y),Censored?,Cutoff Time Used,Seed,Runtime,Run Length,Run Result Code,Run Quality,SMAC Iteration,SMAC Cumulative Runtime,Run Result,Additional Algorithm Run Data,Wall Clock Time,
1,1,266,900.0,0,900.0,-1,90000.0,0.0,-1,1.0E9,0,90000.0,CRASHED,,142.658,
2,1,121,900.0,0,900.0,-1,90000.0,0.0,-1,1.0E9,1,180000.0,CRASHED,,136.712,
3,2,121,556.882727146,0,900.0,-1,556.882727146,0.0,1,0.0,1,180556.882727146,SAT,,556.913,
4,2,266,900.0,0,900.0,-1,90000.0,0.0,0,0.0,1,270556.88272714603,TIMEOUT,,1882.965,
5,2,21,34.0233118534,0,900.0,-1,34.0233118534,0.0,1,0.0,1,270590.90603899944,SAT,,34.117,
6,3,266,900.0,0,900.0,-1,90000.0,0.0,0,0.0,1,360590.90603899944,TIMEOUT,,1882.868,
7,3,21,286.539563179,0,769.183050997901,-1,286.539563179,0.0,1,0.0,1,360877.44560217846,SAT,,286.585,
8,3,121,396.6816196109831,1,396.6816196109831,-1,90000.0,0.0,0,0.0,1,450877.44560217846,TIMEOUT,,1883.3,
