Run Number,Run History Configuration ID,Instance ID,Response Value (y),Censored?,Cutoff Time Used,Seed,Runtime,Run Length,Run Result Code,Run Quality,SMAC Iteration,SMAC Cumulative Runtime,Run Result,Additional Algorithm Run Data,Wall Clock Time,
1,1,2,197.481030941,0,2000.0,-1,197.481030941,0.0,2,0.0,0,197.481030941,UNSAT,,197.712,
2,1,234,57.3558199406,0,2000.0,-1,57.3558199406,0.0,1,0.0,1,254.83685088160001,SAT,,57.421,
3,2,234,296.291117907,0,75.56516657431722,-1,296.291117907,0.0,1,0.0,1,551.1279687886,SAT,,296.325,
4,1,43,814.742334843,0,2000.0,-1,814.742334843,0.0,1,0.0,1,1365.8703036316,SAT,,814.817,
5,3,234,82.0034630299,0,75.56516657431722,-1,82.0034630299,0.0,1,0.0,1,1447.8737666615002,SAT,,82.061,
