Run Number,Run History Configuration ID,Instance ID,Response Value (y),Censored?,Cutoff Time Used,Seed,Runtime,Run Length,Run Result Code,Run Quality,SMAC Iteration,SMAC Cumulative Runtime,Run Result,Additional Algorithm Run Data,Wall Clock Time,
1,1,13,5.63217115402,0,2000.0,-1,5.63217115402,0.0,2,0.0,0,5.63217115402,UNSAT,,5.733,
2,1,119,3.76249694824,0,2000.0,-1,3.76249694824,0.0,1,0.0,1,9.394668102259999,SAT,,3.78,
3,2,119,4.16012907028,0,5.893847149211168,-1,4.16012907028,0.0,1,0.0,1,13.554797172539999,SAT,,4.216,
4,1,38,4.12363290787,0,2000.0,-1,4.12363290787,0.0,1,0.0,1,17.67843008041,SAT,,4.237,
5,3,119,12.3353300095,0,5.893847149211168,-1,12.3353300095,0.0,1,0.0,1,30.01376008991,SAT,,12.367,
