Run Number,Run History Configuration ID,Instance ID,Response Value (y),Censored?,Cutoff Time Used,Seed,Runtime,Run Length,Run Result Code,Run Quality,SMAC Iteration,SMAC Cumulative Runtime,Run Result,Additional Algorithm Run Data,Wall Clock Time,
1,1,34,4.24446892738,0,2000.0,-1,4.24446892738,0.0,1,0.0,0,4.24446892738,SAT,,4.401,
2,1,80,4.66452002525,0,2000.0,-1,4.66452002525,0.0,2,0.0,1,8.90898895263,UNSAT,,4.807,
3,2,34,4.88880991936,0,6.520410150635243,-1,4.88880991936,0.0,1,0.0,1,13.79779887199,SAT,,4.946,
4,1,38,4.12799692154,0,2000.0,-1,4.12799692154,0.0,1,0.0,1,17.92579579353,SAT,,4.153,
5,3,80,3.73073816299,0,7.06647605483532,-1,3.73073816299,0.0,2,0.0,1,21.65653395652,UNSAT,,3.771,
6,3,34,11.5395381451,0,13.103322487670184,-1,11.5395381451,0.0,1,0.0,1,33.196072101620004,SAT,,11.578,
