Run Number,Run History Configuration ID,Instance ID,Response Value (y),Censored?,Cutoff Time Used,Seed,Runtime,Run Length,Run Result Code,Run Quality,SMAC Iteration,SMAC Cumulative Runtime,Run Result,Additional Algorithm Run Data,Wall Clock Time,
1,1,305,900.0,0,900.0,-1,90000.0,0.0,-1,1.0E9,0,90000.0,CRASHED,,7.05,
2,1,388,900.0,0,900.0,-1,90000.0,0.0,-1,1.0E9,1,180000.0,CRASHED,,6.384,
3,2,305,4.97172188759,0,900.0,-1,4.97172188759,0.0,1,0.0,1,180004.9717218876,SAT,,5.084,
4,2,388,900.0,0,900.0,-1,90000.0,0.0,0,0.0,1,270004.9717218876,TIMEOUT,,1882.016,
5,2,39,39.1733460426,0,900.0,-1,39.1733460426,0.0,1,0.0,1,270044.14506793016,SAT,,39.222,
6,3,39,900.0,0,51.92795061354637,-1,90000.0,0.0,-1,1.0E9,1,360044.14506793016,CRASHED,,14.151,
