Run Number,Run History Configuration ID,Instance ID,Response Value (y),Censored?,Cutoff Time Used,Seed,Runtime,Run Length,Run Result Code,Run Quality,SMAC Iteration,SMAC Cumulative Runtime,Run Result,Additional Algorithm Run Data,Wall Clock Time,
1,1,20,4.82195591927,0,2000.0,-1,4.82195591927,0.0,2,0.0,0,4.82195591927,UNSAT,,4.936,
2,1,124,4.65439105034,0,2000.0,-1,4.65439105034,0.0,1,0.0,1,9.476346969609999,SAT,,4.692,
3,2,20,4.43930602074,0,7.271143317568303,-1,4.43930602074,0.0,2,0.0,1,13.915652990349999,UNSAT,,4.524,
4,2,124,4.23098802567,0,7.552054420459271,-1,4.23098802567,0.0,1,0.0,1,18.14664101602,SAT,,4.253,
5,2,68,5.57545685768,0,2000.0,-1,5.57545685768,0.0,2,0.0,1,23.722097873699997,UNSAT,,5.609,
6,3,20,3.6829059124,0,6.7736986916244035,-1,3.6829059124,0.0,2,0.0,1,27.405003786099996,UNSAT,,3.703,
7,3,124,4.42581391335,0,14.736898884522915,-1,4.42581391335,0.0,1,0.0,1,31.830817699449995,SAT,,4.451,
8,3,68,5.90886282921,0,8.983341407376528,-1,5.90886282921,0.0,2,0.0,1,37.739680528659996,UNSAT,,5.936,
