Run Number,Run History Configuration ID,Instance ID,Response Value (y),Censored?,Cutoff Time Used,Seed,Runtime,Run Length,Run Result Code,Run Quality,SMAC Iteration,SMAC Cumulative Runtime,Run Result,Additional Algorithm Run Data,Wall Clock Time,
1,1,190,900.0,0,900.0,-1,90000.0,0.0,-1,1.0E9,0,90000.0,CRASHED,,178.962,
2,1,288,900.0,0,900.0,-1,90000.0,0.0,-1,1.0E9,1,180000.0,CRASHED,,5.684,
3,2,190,900.0,0,900.0,-1,90000.0,0.0,0,0.0,1,270000.0,TIMEOUT,,1882.523,
4,2,288,5.82731604576,0,900.0,-1,5.82731604576,0.0,1,0.0,1,270005.82731604576,SAT,,5.857,
5,2,47,900.0,0,900.0,-1,90000.0,0.0,0,0.0,1,360005.82731604576,TIMEOUT,,1882.54,
6,3,288,900.0,0,8.578110978353024,-1,90000.0,0.0,-1,1.0E9,1,450005.82731604576,CRASHED,,6.491,
