Run Number,Run History Configuration ID,Instance ID,Response Value (y),Censored?,Cutoff Time Used,Seed,Runtime,Run Length,Run Result Code,Run Quality,SMAC Iteration,SMAC Cumulative Runtime,Run Result,Additional Algorithm Run Data,Wall Clock Time,
1,1,110,1000.0,0,1000.0,-1,90000.0,0.0,-1,1.0E9,0,90000.0,CRASHED,,35.766,
2,1,107,1000.0,0,1000.0,-1,90000.0,0.0,-1,1.0E9,1,180000.0,CRASHED,,5.963,
3,2,110,881.587635994,0,1000.0,-1,881.587635994,0.0,1,0.0,1,180881.587635994,SAT,,881.629,
4,2,107,881.569961071,0,1000.0,-1,881.569961071,0.0,1,0.0,1,181763.157597065,SAT,,881.598,
5,2,30,1000.0,0,1000.0,-1,90000.0,0.0,0,0.0,1,271763.157597065,TIMEOUT,,1881.691,
6,3,30,1000.0,0,1000.0,-1,90000.0,0.0,0,0.0,1,361763.157597065,TIMEOUT,,1882.002,
7,3,110,1000.0,0,1000.0,-1,90000.0,0.0,-1,1.0E9,1,451763.157597065,CRASHED,,99.291,
