Run Number,Run History Configuration ID,Instance ID,Response Value (y),Censored?,Cutoff Time Used,Seed,Runtime,Run Length,Run Result Code,Run Quality,SMAC Iteration,SMAC Cumulative Runtime,Run Result,Additional Algorithm Run Data,Wall Clock Time,
1,1,118,3.97026896477,0,2000.0,-1,3.97026896477,0.0,1,0.0,0,3.97026896477,SAT,,4.11,
2,1,76,4.51932096481,0,2000.0,-1,4.51932096481,0.0,2,0.0,1,8.48958992958,UNSAT,,4.557,
3,2,76,4.78848195076,0,6.877717644321919,-1,4.78848195076,0.0,2,0.0,1,13.278071880339999,UNSAT,,4.851,
4,1,128,3.83949780464,0,2000.0,-1,3.83949780464,0.0,1,0.0,1,17.117569684979998,SAT,,3.953,
5,3,76,4.36853909492,0,6.877717644321919,-1,4.36853909492,0.0,2,0.0,1,21.486108779899997,UNSAT,,4.414,
6,3,118,4.24838709831,0,11.353914149451256,-1,4.24838709831,0.0,1,0.0,1,25.734495878209998,SAT,,4.272,
7,3,128,3.54936599731,0,5.831010815101862,-1,3.54936599731,0.0,1,0.0,1,29.283861875519996,SAT,,3.596,
