Run Number,Run History Configuration ID,Instance ID,Response Value (y),Censored?,Cutoff Time Used,Seed,Runtime,Run Length,Run Result Code,Run Quality,SMAC Iteration,SMAC Cumulative Runtime,Run Result,Additional Algorithm Run Data,Wall Clock Time,
1,1,35,103.442996025,0,2000.0,-1,103.442996025,0.0,1,0.0,0,103.442996025,SAT,,103.54,
2,1,65,1763.384233,0,2000.0,-1,1763.384233,0.0,2,0.0,1,1866.827229025,UNSAT,,1763.422,
3,2,65,1802.09959197,0,2000.0,-1,1802.09959197,0.0,2,0.0,1,3668.9268209949996,UNSAT,,1802.152,
4,1,117,4.07950901985,0,2000.0,-1,4.07950901985,0.0,1,0.0,1,3673.0063300148495,SAT,,4.125,
5,3,65,1097.81524587,0,2000.0,-1,1097.81524587,0.0,2,0.0,1,4770.821575884849,UNSAT,,1097.858,
6,3,117,4.24231791496,0,1006.0241408537805,-1,4.24231791496,0.0,1,0.0,1,4775.063893799809,SAT,,4.276,
7,3,35,160.126746178,0,1000.5091265666962,-1,160.126746178,0.0,1,0.0,1,4935.190639977809,SAT,,160.156,
