Run Number,Run History Configuration ID,Instance ID,Response Value (y),Censored?,Cutoff Time Used,Seed,Runtime,Run Length,Run Result Code,Run Quality,SMAC Iteration,SMAC Cumulative Runtime,Run Result,Additional Algorithm Run Data,Wall Clock Time,
1,1,70,84.5904531479,0,2000.0,-1,84.5904531479,0.0,2,0.0,0,84.5904531479,UNSAT,,84.83,
2,1,37,802.421514988,0,2000.0,-1,802.421514988,0.0,2,0.0,1,887.0119681359,UNSAT,,802.506,
3,2,37,8.9619281292,0,1044.1505696516215,-1,8.9619281292,0.0,2,0.0,1,895.9738962651,UNSAT,,9.026,
4,2,70,68.8133740425,0,1142.4689532149314,-1,68.8133740425,0.0,2,0.0,1,964.7872703076,UNSAT,,68.859,
5,2,135,1801.57906199,0,2000.0,-1,1801.57906199,0.0,2,0.0,1,2766.3663322976,UNSAT,,1801.669,
6,3,135,1274.90916109,0,2000.0,-1,1274.90916109,0.0,2,0.0,1,4041.2754933876,UNSAT,,1274.945,
7,3,37,1080.51776314,0,786.7839651073992,-1,1080.51776314,0.0,2,0.0,1,5121.7932565276,UNSAT,,1080.639,
