Run Number,Run History Configuration ID,Instance ID,Response Value (y),Censored?,Cutoff Time Used,Seed,Runtime,Run Length,Run Result Code,Run Quality,SMAC Iteration,SMAC Cumulative Runtime,Run Result,Additional Algorithm Run Data,Wall Clock Time,
1,1,102,4.46784996986,0,2000.0,-1,4.46784996986,0.0,1,0.0,0,4.46784996986,SAT,,4.568,
2,1,128,3.83949780464,0,2000.0,-1,3.83949780464,0.0,1,0.0,1,8.3073477745,SAT,,3.953,
3,2,102,14.034444809,0,6.81080602889061,-1,14.034444809,0.0,1,0.0,1,22.341792583500002,SAT,,14.098,
4,1,135,3.01246809959,0,2000.0,-1,3.01246809959,0.0,1,0.0,1,25.35426068309,SAT,,3.047,
5,3,102,5.04453611374,0,6.81080602889061,-1,5.04453611374,0.0,1,0.0,1,30.398796796830002,SAT,,5.088,
