Run Number,Run History Configuration ID,Instance ID,Response Value (y),Censored?,Cutoff Time Used,Seed,Runtime,Run Length,Run Result Code,Run Quality,SMAC Iteration,SMAC Cumulative Runtime,Run Result,Additional Algorithm Run Data,Wall Clock Time,
1,1,35,1000.0,0,1000.0,-1,90000.0,0.0,-1,1.0E9,0,90000.0,CRASHED,,10.645,
2,1,156,1000.0,0,1000.0,-1,90000.0,0.0,0,0.0,1,180000.0,TIMEOUT,,1966.92,
3,2,156,1000.0,0,1000.0,-1,90000.0,0.0,0,0.0,1,270000.0,TIMEOUT,,1965.384,
4,2,35,1000.0,0,1000.0,-1,90000.0,0.0,0,0.0,1,360000.0,TIMEOUT,,1882.267,
5,1,125,1000.0,0,1000.0,-1,90000.0,0.0,0,0.0,1,450000.0,TIMEOUT,,1882.23,
6,3,35,1000.0,0,1000.0,-1,90000.0,0.0,0,0.0,1,540000.0,TIMEOUT,,1882.301,
7,3,156,1000.0,0,1000.0,-1,90000.0,0.0,0,0.0,1,630000.0,TIMEOUT,,1959.715,
8,3,125,881.739495039,0,1000.0,-1,881.739495039,0.0,1,0.0,1,630881.739495039,SAT,,881.782,
