Run Number,Run History Configuration ID,Instance ID,Response Value (y),Censored?,Cutoff Time Used,Seed,Runtime,Run Length,Run Result Code,Run Quality,SMAC Iteration,SMAC Cumulative Runtime,Run Result,Additional Algorithm Run Data,Wall Clock Time,
1,1,112,28.9726748466,0,2000.0,-1,28.9726748466,0.0,2,0.0,0,28.9726748466,UNSAT,,29.091,
2,1,19,332.120646,0,2000.0,-1,332.120646,0.0,2,0.0,1,361.0933208466,UNSAT,,332.397,
3,2,19,704.404340029,0,432.7594398412585,-1,704.404340029,0.0,2,0.0,1,1065.4976608756,UNSAT,,704.483,
4,1,235,146.692523956,0,2000.0,-1,146.692523956,0.0,1,0.0,1,1212.1901848316002,SAT,,146.729,
5,3,112,2000.0,0,38.66707793285251,-1,386.86089999999996,0.0,-1,1.0E9,1,1599.0510848316,CRASHED,Run Exceeded Captime -- Treating as CRASHED;Killed Manually,407.222,
