Run Number,Run History Configuration ID,Instance ID,Response Value (y),Censored?,Cutoff Time Used,Seed,Runtime,Run Length,Run Result Code,Run Quality,SMAC Iteration,SMAC Cumulative Runtime,Run Result,Additional Algorithm Run Data,Wall Clock Time,
1,1,1897,252.08396101,0,2000.0,-1,252.08396101,0.0,1,0.0,0,252.08396101,SAT,,252.455,
2,1,403,4.80027198792,0,2000.0,-1,4.80027198792,0.0,1,0.0,1,256.88423299792,SAT,,4.836,
3,2,1897,453.506572008,0,328.71174950932266,-1,453.506572008,0.0,1,0.0,1,710.3908050059199,SAT,,453.561,
4,1,1045,67.7495748997,0,2000.0,-1,67.7495748997,0.0,1,0.0,1,778.1403799056199,SAT,,67.86,
5,3,1045,2000.0,0,89.07704752718212,-1,891.5844999999999,0.0,-1,1.0E9,1,1669.7248799056197,CRASHED,Run Exceeded Captime -- Treating as CRASHED;Killed Manually,938.51,
