Run Number,Run History Configuration ID,Instance ID,Response Value (y),Censored?,Cutoff Time Used,Seed,Runtime,Run Length,Run Result Code,Run Quality,SMAC Iteration,SMAC Cumulative Runtime,Run Result,Additional Algorithm Run Data,Wall Clock Time,
1,1,88,414.940666199,0,2000.0,-1,414.940666199,0.0,1,0.0,0,414.940666199,SAT,,415.69,
2,1,2119,340.086359024,0,2000.0,-1,340.086359024,0.0,1,0.0,1,755.027025223,SAT,,340.672,
3,2,88,37.2457540035,0,540.4254666421294,-1,37.2457540035,0.0,1,0.0,1,792.2727792265,SAT,,37.384,
4,2,2119,1832.85585999,0,934.119552735585,-1,1832.85585999,0.0,1,0.0,1,2625.1286392165002,SAT,,1833.28,
5,1,572,15.3917431831,0,2000.0,-1,15.3917431831,0.0,1,0.0,1,2640.5203823996003,SAT,,15.444,
6,3,572,15.0484528542,0,21.01186717708707,-1,15.0484528542,0.0,1,0.0,1,2655.5688352538004,SAT,,15.109,
7,3,88,475.81674099,0,982.986610651362,-1,475.81674099,0.0,1,0.0,1,3131.3855762438006,SAT,,475.871,
8,3,2119,570.057639837,0,364.4248478006303,-1,570.057639837,0.0,1,0.0,1,3701.4432160808005,SAT,,570.272,
