Run Number,Run History Configuration ID,Instance ID,Response Value (y),Censored?,Cutoff Time Used,Seed,Runtime,Run Length,Run Result Code,Run Quality,SMAC Iteration,SMAC Cumulative Runtime,Run Result,Additional Algorithm Run Data,Wall Clock Time,
1,1,547,900.0,0,900.0,-1,90000.0,0.0,-1,1.0E9,0,90000.0,CRASHED,,6.253,
2,1,550,900.0,0,900.0,-1,90000.0,0.0,-1,1.0E9,1,180000.0,CRASHED,,8.215,
3,2,547,5.46229720116,0,900.0,-1,5.46229720116,0.0,1,0.0,1,180005.46229720116,SAT,,5.523,
4,2,550,4.27742600441,0,900.0,-1,4.27742600441,0.0,1,0.0,1,180009.73972320557,SAT,,4.297,
5,2,457,900.0,0,900.0,-1,90000.0,0.0,0,0.0,1,270009.73972320557,TIMEOUT,,1882.344,
6,3,547,900.0,0,8.103586964654923,-1,81.80924999999999,0.0,-1,1.0E9,1,270091.54897320556,CRASHED,Run Exceeded Captime -- Treating as CRASHED;Killed Manually,86.115,
