Run Number,Run History Configuration ID,Instance ID,Response Value (y),Censored?,Cutoff Time Used,Seed,Runtime,Run Length,Run Result Code,Run Quality,SMAC Iteration,SMAC Cumulative Runtime,Run Result,Additional Algorithm Run Data,Wall Clock Time,
1,1,181,779.30189395,0,2000.0,-1,779.30189395,0.0,2,0.0,0,779.30189395,UNSAT,,779.556,
2,1,4,777.487102032,0,2000.0,-1,777.487102032,0.0,2,0.0,1,1556.788995982,UNSAT,,777.519,
3,2,4,5.31429696083,0,1011.735832866627,-1,5.31429696083,0.0,2,0.0,1,1562.10329294283,UNSAT,,5.361,
4,2,181,1803.97042608,0,2000.0,-1,1803.97042608,0.0,2,0.0,1,3366.07371902283,UNSAT,,1804.021,
5,1,215,44.2423779964,0,2000.0,-1,44.2423779964,0.0,1,0.0,1,3410.3160970192303,SAT,,44.286,
6,3,4,819.905420065,0,1011.735832866627,-1,819.905420065,0.0,2,0.0,1,4230.22151708423,UNSAT,,819.944,
