Run Number,Run History Configuration ID,Instance ID,Response Value (y),Censored?,Cutoff Time Used,Seed,Runtime,Run Length,Run Result Code,Run Quality,SMAC Iteration,SMAC Cumulative Runtime,Run Result,Additional Algorithm Run Data,Wall Clock Time,
1,1,642,18.6811821461,0,2000.0,-1,18.6811821461,0.0,1,0.0,0,18.6811821461,SAT,,18.715,
2,1,671,13.7863609791,0,2000.0,-1,13.7863609791,0.0,1,0.0,1,32.467543125199995,SAT,,13.814,
3,2,642,4.07897090912,0,25.28813759644628,-1,4.07897090912,0.0,1,0.0,1,36.54651403432,SAT,,4.119,
4,2,671,3.06004619598,0,37.90904412825704,-1,3.06004619598,0.0,1,0.0,1,39.6065602303,SAT,,3.082,
5,2,964,9.86372303963,0,2000.0,-1,9.86372303963,0.0,1,0.0,1,49.47028326993,SAT,,9.902,
6,3,671,3.0583050251,0,4.98066087101698,-1,3.0583050251,0.0,1,0.0,1,52.52858829503,SAT,,3.089,
7,3,642,3.11872196198,0,19.132966351109744,-1,3.11872196198,0.0,1,0.0,1,55.64731025701,SAT,,3.141,
8,3,964,8.75407290459,0,15.07862805237174,-1,8.75407290459,0.0,1,0.0,1,64.4013831616,SAT,,8.777,
