Run Number,Run History Configuration ID,Instance ID,Response Value (y),Censored?,Cutoff Time Used,Seed,Runtime,Run Length,Run Result Code,Run Quality,SMAC Iteration,SMAC Cumulative Runtime,Run Result,Additional Algorithm Run Data,Wall Clock Time,
1,1,12,1000.0,0,1000.0,-1,90000.0,0.0,-1,1.0E9,0,90000.0,CRASHED,,6.256,
2,1,40,1000.0,0,1000.0,-1,90000.0,0.0,-1,1.0E9,1,180000.0,CRASHED,,7.002,
3,2,40,6.78765392303,0,1000.0,-1,6.78765392303,0.0,1,0.0,1,180006.78765392303,SAT,,6.838,
4,2,12,5.80374097824,0,1000.0,-1,5.80374097824,0.0,1,0.0,1,180012.59139490128,SAT,,5.84,
5,2,49,21.6911649704,0,1000.0,-1,21.6911649704,0.0,1,0.0,1,180034.28255987167,SAT,,21.732,
6,3,12,1000.0,0,8.54746428166628,-1,90000.0,0.0,-1,1.0E9,1,270034.2825598717,CRASHED,,10.178,
