Run Number,Run History Configuration ID,Instance ID,Response Value (y),Censored?,Cutoff Time Used,Seed,Runtime,Run Length,Run Result Code,Run Quality,SMAC Iteration,SMAC Cumulative Runtime,Run Result,Additional Algorithm Run Data,Wall Clock Time,
1,1,35,888.922585011,0,2000.0,-1,888.922585011,0.0,2,0.0,0,888.922585011,UNSAT,,889.144,
2,1,20,330.189728975,0,2000.0,-1,330.189728975,0.0,2,0.0,1,1219.1123139860001,UNSAT,,330.29,
3,2,20,1802.29701591,0,430.24924815480705,-1,1802.29701591,0.0,2,0.0,1,3021.409329896,UNSAT,,1802.395,
4,1,109,28.4223499298,0,2000.0,-1,28.4223499298,0.0,2,0.0,1,3049.8316798258,UNSAT,,28.452,
5,3,35,1802.56623197,0,1156.6019610393523,-1,1802.56623197,0.0,2,0.0,1,4852.397911795801,UNSAT,,1802.607,
