Run Number,Run History Configuration ID,Instance ID,Response Value (y),Censored?,Cutoff Time Used,Seed,Runtime,Run Length,Run Result Code,Run Quality,SMAC Iteration,SMAC Cumulative Runtime,Run Result,Additional Algorithm Run Data,Wall Clock Time,
1,1,213,23.3142790794,0,2000.0,-1,23.3142790794,0.0,1,0.0,0,23.3142790794,SAT,,23.494,
2,1,4,777.487102032,0,2000.0,-1,777.487102032,0.0,2,0.0,1,800.8013811114,UNSAT,,777.519,
3,2,4,925.233170033,0,1011.735832866627,-1,925.233170033,0.0,2,0.0,1,1726.0345511444,UNSAT,,925.291,
4,1,164,70.0642640591,0,2000.0,-1,70.0642640591,0.0,2,0.0,1,1796.0988152035,UNSAT,,70.115,
5,3,4,797.059340954,0,1011.735832866627,-1,797.059340954,0.0,2,0.0,1,2593.1581561575,UNSAT,,797.172,
6,1,207,10.2566640377,0,2000.0,-1,10.2566640377,0.0,1,0.0,2,2603.4148201952,SAT,,10.286,
7,4,164,231.166212082,0,92.08614396710993,-1,231.166212082,0.0,2,0.0,2,2834.5810322772,UNSAT,,231.24,
8,1,256,1802.34561515,0,2000.0,-1,1802.34561515,0.0,2,0.0,2,4636.9266474272,UNSAT,,1802.412,
9,5,4,780.844681978,0,1011.735832866627,-1,780.844681978,0.0,2,0.0,2,5417.7713294052,UNSAT,,780.885,
