Run Number,Run History Configuration ID,Instance ID,Response Value (y),Censored?,Cutoff Time Used,Seed,Runtime,Run Length,Run Result Code,Run Quality,SMAC Iteration,SMAC Cumulative Runtime,Run Result,Additional Algorithm Run Data,Wall Clock Time,
1,1,186,6.35395407677,0,2000.0,-1,6.35395407677,0.0,1,0.0,0,6.35395407677,SAT,,6.639,
2,1,2004,3673.28040791,0,2000.0,-1,3673.28040791,0.0,1,0.0,1,3679.6343619867703,SAT,,3673.386,
3,2,186,6.65895199776,0,9.262740321803093,-1,6.65895199776,0.0,1,0.0,1,3686.2933139845304,SAT,,6.737,
4,1,2350,858.097919226,0,2000.0,-1,858.097919226,0.0,1,0.0,1,4544.39123321053,SAT,,858.154,
5,3,2350,1941.8214891,0,1116.529895354408,-1,1941.8214891,0.0,1,0.0,1,6486.21272231053,SAT,,1941.895,
