Run Number,Run History Configuration ID,Instance ID,Response Value (y),Censored?,Cutoff Time Used,Seed,Runtime,Run Length,Run Result Code,Run Quality,SMAC Iteration,SMAC Cumulative Runtime,Run Result,Additional Algorithm Run Data,Wall Clock Time,
1,1,99,3.41014814377,0,2000.0,-1,3.41014814377,0.0,1,0.0,0,3.41014814377,SAT,,3.518,
2,1,38,4.12799692154,0,2000.0,-1,4.12799692154,0.0,1,0.0,1,7.53814506531,SAT,,4.153,
3,2,99,5.90110397339,0,5.435793277221918,-1,5.90110397339,0.0,1,0.0,1,13.4392490387,SAT,,5.967,
4,1,90,4.0919919014,0,2000.0,-1,4.0919919014,0.0,1,0.0,1,17.5312409401,SAT,,4.204,
5,3,38,3.04107785225,0,6.368996378380061,-1,3.04107785225,0.0,1,0.0,1,20.572318792349996,SAT,,3.069,
6,3,99,2.92181897163,0,12.170977786529065,-1,2.92181897163,0.0,1,0.0,1,23.494137763979996,SAT,,2.953,
7,3,90,3.76132678986,0,8.372612193572522,-1,3.76132678986,0.0,1,0.0,1,27.255464553839996,SAT,,3.797,
