Run Number,Run History Configuration ID,Instance ID,Response Value (y),Censored?,Cutoff Time Used,Seed,Runtime,Run Length,Run Result Code,Run Quality,SMAC Iteration,SMAC Cumulative Runtime,Run Result,Additional Algorithm Run Data,Wall Clock Time,
1,1,33,1000.0,0,1000.0,-1,90000.0,0.0,0,0.0,0,90000.0,TIMEOUT,,1882.095,
2,1,99,3.72624492645,0,1000.0,-1,3.72624492645,0.0,1,0.0,1,90003.72624492645,SAT,,3.75,
3,2,33,3.38362312317,0,1000.0,-1,3.38362312317,0.0,1,0.0,1,90007.10986804962,SAT,,3.441,
4,2,99,3.41342401505,0,1000.0,-1,3.41342401505,0.0,1,0.0,1,90010.52329206467,SAT,,3.443,
5,2,50,3.45286393166,0,1000.0,-1,3.45286393166,0.0,1,0.0,1,90013.97615599632,SAT,,3.496,
6,3,33,1000.0,0,5.401310779500007,-1,54.692449999999994,0.0,-1,1.0E9,1,90068.66860599632,CRASHED,Run Exceeded Captime -- Treating as CRASHED;Killed Manually,57.571,
