Run Number,Run History Configuration ID,Instance ID,Response Value (y),Censored?,Cutoff Time Used,Seed,Runtime,Run Length,Run Result Code,Run Quality,SMAC Iteration,SMAC Cumulative Runtime,Run Result,Additional Algorithm Run Data,Wall Clock Time,
1,1,143,28.8694489002,0,2000.0,-1,28.8694489002,0.0,2,0.0,0,28.8694489002,UNSAT,,28.991,
2,1,255,1801.72977304,0,2000.0,-1,1801.72977304,0.0,2,0.0,1,1830.5992219402,UNSAT,,1801.758,
3,2,143,13.8337209225,0,38.53288422186971,-1,13.8337209225,0.0,2,0.0,1,1844.4329428627002,UNSAT,,13.867,
4,2,255,1801.64886189,0,2000.0,-1,1801.64886189,0.0,2,0.0,1,3646.0818047527,UNSAT,,1801.7,
5,2,227,1802.99309993,0,2000.0,-1,1802.99309993,0.0,1,0.0,1,5449.0749046827,SAT,,1803.08,
6,3,227,262.180879831,0,2000.0,-1,262.180879831,0.0,1,0.0,1,5711.255784513701,SAT,,262.222,
7,3,143,29.4877641201,0,2000.0,-1,29.4877641201,0.0,2,0.0,1,5740.743548633801,UNSAT,,29.538,
8,3,255,1801.65274191,0,2000.0,-1,1801.65274191,0.0,2,0.0,1,7542.396290543801,UNSAT,,1801.736,
