Run Number,Run History Configuration ID,Instance ID,Response Value (y),Censored?,Cutoff Time Used,Seed,Runtime,Run Length,Run Result Code,Run Quality,SMAC Iteration,SMAC Cumulative Runtime,Run Result,Additional Algorithm Run Data,Wall Clock Time,
1,1,13,236.284637928,0,2000.0,-1,236.284637928,0.0,2,0.0,0,236.284637928,UNSAT,,236.568,
2,1,1192,85.357270956,0,2000.0,-1,85.357270956,0.0,1,0.0,1,321.641908884,SAT,,85.42,
3,2,13,106.680351019,0,308.17262948338987,-1,106.680351019,0.0,2,0.0,1,428.322259903,UNSAT,,106.736,
4,2,1192,93.5105340481,0,280.45392556895615,-1,93.5105340481,0.0,1,0.0,1,521.8327939511,SAT,,93.577,
5,2,597,6.70134305954,0,2000.0,-1,6.70134305954,0.0,1,0.0,1,528.53413701064,SAT,,6.77,
6,3,597,2000.0,0,9.714347113269568,-1,97.95069999999998,0.0,-1,1.0E9,1,626.48483701064,CRASHED,Run Exceeded Captime -- Treating as CRASHED;Killed Manually,103.106,
