Run Number,Run History Configuration ID,Instance ID,Response Value (y),Censored?,Cutoff Time Used,Seed,Runtime,Run Length,Run Result Code,Run Quality,SMAC Iteration,SMAC Cumulative Runtime,Run Result,Additional Algorithm Run Data,Wall Clock Time,
1,1,15,7.34931993484,0,2000.0,-1,7.34931993484,0.0,2,0.0,0,7.34931993484,UNSAT,,7.463,
2,1,63,3.5883769989,0,2000.0,-1,3.5883769989,0.0,1,0.0,1,10.93769693374,SAT,,3.623,
3,2,15,9.82085204124,0,10.556715995419026,-1,9.82085204124,0.0,2,0.0,1,20.758548974980002,UNSAT,,9.843,
4,1,146,10.3865840435,0,2000.0,-1,10.3865840435,0.0,1,0.0,1,31.145133018480003,SAT,,10.506,
5,3,63,3.42560195923,0,5.667491060096025,-1,3.42560195923,0.0,1,0.0,1,34.57073497771,SAT,,3.462,
6,3,15,4.89118695259,0,24.273483351218704,-1,4.89118695259,0.0,2,0.0,1,39.4619219303,UNSAT,,4.94,
7,3,146,2000.0,0,17.914940312850476,-1,179.66305,0.0,-1,1.0E9,1,219.1249719303,CRASHED,Run Exceeded Captime -- Treating as CRASHED;Killed Manually,189.119,
