Run Number,Run History Configuration ID,Instance ID,Response Value (y),Censored?,Cutoff Time Used,Seed,Runtime,Run Length,Run Result Code,Run Quality,SMAC Iteration,SMAC Cumulative Runtime,Run Result,Additional Algorithm Run Data,Wall Clock Time,
1,1,33,1000.0,0,1000.0,-1,90000.0,0.0,-1,1.0E9,0,90000.0,CRASHED,,7.35,
2,1,11,1000.0,0,1000.0,-1,90000.0,0.0,-1,1.0E9,1,180000.0,CRASHED,,7.861,
3,2,11,5.37241387367,0,1000.0,-1,5.37241387367,0.0,1,0.0,1,180005.37241387367,SAT,,5.408,
4,2,33,16.4936521053,0,1000.0,-1,16.4936521053,0.0,1,0.0,1,180021.86606597897,SAT,,16.516,
5,2,119,3.76017284393,0,1000.0,-1,3.76017284393,0.0,1,0.0,1,180025.6262388229,SAT,,3.793,
6,3,119,6.45359301567,0,5.890825193721056,-1,6.45359301567,0.0,1,0.0,1,180032.07983183858,SAT,,6.486,
