Run Number,Run History Configuration ID,Instance ID,Response Value (y),Censored?,Cutoff Time Used,Seed,Runtime,Run Length,Run Result Code,Run Quality,SMAC Iteration,SMAC Cumulative Runtime,Run Result,Additional Algorithm Run Data,Wall Clock Time,
1,1,4,1802.01022601,0,2000.0,-1,1802.01022601,0.0,2,0.0,0,1802.01022601,UNSAT,,1802.217,
2,1,7,9.281468153,0,2000.0,-1,9.281468153,0.0,2,0.0,1,1811.291694163,UNSAT,,9.396,
3,2,7,9.69386506081,0,13.068509463566542,-1,9.69386506081,0.0,2,0.0,1,1820.98555922381,UNSAT,,9.759,
4,1,104,9.46910905838,0,2000.0,-1,9.46910905838,0.0,1,0.0,1,1830.45466828219,SAT,,9.525,
5,3,4,1802.37794209,0,2000.0,-1,1802.37794209,0.0,2,0.0,1,3632.83261037219,UNSAT,,1802.443,
6,1,34,4.30663895607,0,2000.0,-1,4.30663895607,0.0,1,0.0,2,3637.13924932826,SAT,,4.456,
7,4,4,1805.01908994,0,2000.0,-1,1805.01908994,0.0,2,0.0,2,5442.1583392682605,UNSAT,,1805.591,
8,1,56,5.79561710358,0,2000.0,-1,5.79561710358,0.0,1,0.0,2,5447.953956371841,SAT,,5.829,
9,5,34,9.3237991333,0,6.601231720644236,-1,9.3237991333,0.0,1,0.0,2,5457.277755505141,SAT,,9.354,
