Run Number,Run History Configuration ID,Instance ID,Response Value (y),Censored?,Cutoff Time Used,Seed,Runtime,Run Length,Run Result Code,Run Quality,SMAC Iteration,SMAC Cumulative Runtime,Run Result,Additional Algorithm Run Data,Wall Clock Time,
1,1,201,900.0,0,900.0,-1,90000.0,0.0,-1,1.0E9,0,90000.0,CRASHED,,342.245,
2,1,216,900.0,0,900.0,-1,90000.0,0.0,-1,1.0E9,1,180000.0,CRASHED,,116.425,
3,2,216,354.913197994,0,900.0,-1,354.913197994,0.0,1,0.0,1,180354.913197994,SAT,,354.994,
4,2,201,900.0,0,900.0,-1,90000.0,0.0,0,0.0,1,270354.913197994,TIMEOUT,,1883.117,
5,2,114,87.8154420853,0,900.0,-1,87.8154420853,0.0,1,0.0,1,270442.7286400793,SAT,,87.853,
6,3,114,19.331649065,0,115.16267543506922,-1,19.331649065,0.0,1,0.0,1,270462.06028914434,SAT,,19.371,
7,3,201,28.7820239067,0,900.0,-1,28.7820239067,0.0,1,0.0,1,270490.84231305105,SAT,,28.813,
8,3,216,20.0683329105,0,900.0,-1,20.0683329105,0.0,1,0.0,1,270510.9106459615,SAT,,20.098,
