Run Number,Run History Configuration ID,Instance ID,Response Value (y),Censored?,Cutoff Time Used,Seed,Runtime,Run Length,Run Result Code,Run Quality,SMAC Iteration,SMAC Cumulative Runtime,Run Result,Additional Algorithm Run Data,Wall Clock Time,
1,1,82,48.4493091106,0,1000.0,-1,48.4493091106,0.0,1,0.0,0,48.4493091106,SAT,,48.581,
2,1,137,4.7378718853,0,1000.0,-1,4.7378718853,0.0,1,0.0,1,53.1871809959,SAT,,4.789,
3,2,82,1000.0,0,63.98670271818638,-1,640.623,0.0,-1,1.0E9,1,693.8101809959,CRASHED,Run Exceeded Captime -- Treating as CRASHED;Killed Manually,674.34,
4,1,48,1000.0,0,1000.0,-1,90000.0,0.0,-1,1.0E9,1,90693.8101809959,CRASHED,,4.71,
5,3,82,1000.0,0,63.98670271818638,-1,640.65055,0.0,-1,1.0E9,1,91334.46073099591,CRASHED,Run Exceeded Captime -- Treating as CRASHED;Killed Manually,674.369,
6,1,81,8.47969698906,0,1000.0,-1,8.47969698906,0.0,1,0.0,2,91342.94042798497,SAT,,8.535,
7,4,81,1000.0,0,12.026207231330872,-1,120.79724999999999,0.0,-1,1.0E9,2,91463.73767798497,CRASHED,Run Exceeded Captime -- Treating as CRASHED;Killed Manually,127.155,
8,1,146,1000.0,0,1000.0,-1,90000.0,0.0,-1,1.0E9,2,181463.737677985,CRASHED,,21.131,
9,5,81,1000.0,0,12.026207231330872,-1,121.21905,0.0,-1,1.0E9,2,181584.956727985,CRASHED,Run Exceeded Captime -- Treating as CRASHED;Killed Manually,127.599,
