Run Number,Run History Configuration ID,Instance ID,Response Value (y),Censored?,Cutoff Time Used,Seed,Runtime,Run Length,Run Result Code,Run Quality,SMAC Iteration,SMAC Cumulative Runtime,Run Result,Additional Algorithm Run Data,Wall Clock Time,
1,1,147,114.432224989,0,2000.0,-1,114.432224989,0.0,1,0.0,0,114.432224989,SAT,,114.557,
2,1,145,67.5421020985,0,2000.0,-1,67.5421020985,0.0,1,0.0,1,181.9743270875,SAT,,67.584,
3,2,147,2000.0,0,149.7644928175688,-1,1498.40935,0.0,-1,1.0E9,1,1680.3836770875,CRASHED,Run Exceeded Captime -- Treating as CRASHED;Killed Manually,1577.273,
4,1,88,4.20766305923,0,2000.0,-1,4.20766305923,0.0,1,0.0,1,1684.59134014673,SAT,,4.287,
5,3,88,5.03743481636,0,6.472562522041798,-1,5.03743481636,0.0,1,0.0,1,1689.62877496309,SAT,,5.108,
