Run Number,Run History Configuration ID,Instance ID,Response Value (y),Censored?,Cutoff Time Used,Seed,Runtime,Run Length,Run Result Code,Run Quality,SMAC Iteration,SMAC Cumulative Runtime,Run Result,Additional Algorithm Run Data,Wall Clock Time,
1,1,1,6.94344091415,0,1000.0,-1,6.94344091415,0.0,1,0.0,0,6.94344091415,SAT,,7.069,
2,1,109,1000.0,0,1000.0,-1,90000.0,0.0,-1,1.0E9,1,90006.94344091415,CRASHED,,36.612,
3,2,109,1000.0,0,1000.0,-1,90000.0,0.0,0,0.0,1,180006.94344091415,TIMEOUT,,1881.629,
4,2,1,3.96423602104,0,10.030373920100928,-1,3.96423602104,0.0,1,0.0,1,180010.9076769352,SAT,,4.03,
5,2,105,1000.0,0,1000.0,-1,90000.0,0.0,0,0.0,1,270010.9076769352,TIMEOUT,,1881.767,
6,3,1,9.87668609619,0,6.156107120561599,-1,9.87668609619,0.0,1,0.0,1,270020.7843630314,SAT,,9.926,
