Run Number,Run History Configuration ID,Instance ID,Response Value (y),Censored?,Cutoff Time Used,Seed,Runtime,Run Length,Run Result Code,Run Quality,SMAC Iteration,SMAC Cumulative Runtime,Run Result,Additional Algorithm Run Data,Wall Clock Time,
1,1,105,1000.0,0,1000.0,-1,90000.0,0.0,-1,1.0E9,0,90000.0,CRASHED,,12.893,
2,1,123,1000.0,0,1000.0,-1,90000.0,0.0,-1,1.0E9,1,180000.0,CRASHED,,480.829,
3,2,105,1000.0,0,1000.0,-1,90000.0,0.0,0,0.0,1,270000.0,TIMEOUT,,1882.024,
4,2,123,116.367156029,0,1000.0,-1,116.367156029,0.0,1,0.0,1,270116.367156029,SAT,,116.423,
5,2,82,1000.0,0,1000.0,-1,90000.0,0.0,0,0.0,1,360116.367156029,TIMEOUT,,1890.699,
6,3,105,1000.0,0,1000.0,-1,90000.0,0.0,-1,1.0E9,1,450116.367156029,CRASHED,,13.538,
7,3,82,178.933592081,0,1000.0,-1,178.933592081,0.0,1,0.0,1,450295.30074811,SAT,,178.977,
8,3,123,1000.0,0,1000.0,-1,90000.0,0.0,-1,1.0E9,1,540295.30074811,CRASHED,,151.096,
