Run Number,Run History Configuration ID,Instance ID,Response Value (y),Censored?,Cutoff Time Used,Seed,Runtime,Run Length,Run Result Code,Run Quality,SMAC Iteration,SMAC Cumulative Runtime,Run Result,Additional Algorithm Run Data,Wall Clock Time,
1,1,149,130.499284983,0,2000.0,-1,130.499284983,0.0,1,0.0,0,130.499284983,SAT,,130.622,
2,1,94,3.42658996582,0,2000.0,-1,3.42658996582,0.0,1,0.0,1,133.92587494882,SAT,,3.601,
3,2,94,3.77055191994,0,5.457167316573858,-1,3.77055191994,0.0,1,0.0,1,137.69642686876,SAT,,3.805,
4,1,30,1801.38702106,0,2000.0,-1,1801.38702106,0.0,2,0.0,1,1939.08344792876,UNSAT,,1801.428,
5,3,149,25.7397959232,0,170.65167165209652,-1,25.7397959232,0.0,1,0.0,1,1964.8232438519601,SAT,,25.805,
6,3,94,6.78683710098,0,2000.0,-1,6.78683710098,0.0,1,0.0,1,1971.61008095294,SAT,,6.809,
7,3,30,1801.93157482,0,2000.0,-1,1801.93157482,0.0,2,0.0,1,3773.54165577294,UNSAT,,1801.96,
