Run Number,Run History Configuration ID,Instance ID,Response Value (y),Censored?,Cutoff Time Used,Seed,Runtime,Run Length,Run Result Code,Run Quality,SMAC Iteration,SMAC Cumulative Runtime,Run Result,Additional Algorithm Run Data,Wall Clock Time,
1,1,407,900.0,0,900.0,-1,90000.0,0.0,-1,1.0E9,0,90000.0,CRASHED,,6.203,
2,1,433,900.0,0,900.0,-1,90000.0,0.0,-1,1.0E9,1,180000.0,CRASHED,,5.066,
3,2,407,900.0,0,900.0,-1,90000.0,0.0,0,0.0,1,270000.0,TIMEOUT,,1881.899,
4,2,433,5.02950716019,0,900.0,-1,5.02950716019,0.0,1,0.0,1,270005.0295071602,SAT,,5.055,
5,2,284,900.0,0,900.0,-1,90000.0,0.0,0,0.0,1,360005.0295071602,TIMEOUT,,1882.064,
6,3,284,900.0,0,900.0,-1,90000.0,0.0,-1,1.0E9,1,450005.0295071602,CRASHED,,5.083,
7,3,433,900.0,0,900.0,-1,90000.0,0.0,-1,1.0E9,1,540005.0295071602,CRASHED,,7.898,
8,3,407,900.0,0,7.543559408161045,-1,90000.0,0.0,-1,1.0E9,1,630005.0295071602,CRASHED,,6.082,
