Run Number,Run History Configuration ID,Instance ID,Response Value (y),Censored?,Cutoff Time Used,Seed,Runtime,Run Length,Run Result Code,Run Quality,SMAC Iteration,SMAC Cumulative Runtime,Run Result,Additional Algorithm Run Data,Wall Clock Time,
1,1,110,1000.0,0,1000.0,-1,90000.0,0.0,-1,1.0E9,0,90000.0,CRASHED,,34.248,
2,1,139,1000.0,0,1000.0,-1,90000.0,0.0,-1,1.0E9,1,180000.0,CRASHED,,4.489,
3,2,139,151.154696941,0,1000.0,-1,151.154696941,0.0,1,0.0,1,180151.154696941,SAT,,151.194,
4,2,110,881.484449148,0,1000.0,-1,881.484449148,0.0,1,0.0,1,181032.639146089,SAT,,881.506,
5,2,106,881.655084133,0,1000.0,-1,881.655084133,0.0,1,0.0,1,181914.294230222,SAT,,881.689,
6,3,106,881.580515862,0,1000.0,-1,881.580515862,0.0,1,0.0,1,182795.874746084,SAT,,881.61,
7,3,110,881.630496979,0,1000.0,-1,881.630496979,0.0,1,0.0,1,183677.505243063,SAT,,881.694,
8,3,139,88.9114618301,0,197.4133830409229,-1,88.9114618301,0.0,1,0.0,1,183766.4167048931,SAT,,89.064,
