Run Number,Run History Configuration ID,Instance ID,Response Value (y),Censored?,Cutoff Time Used,Seed,Runtime,Run Length,Run Result Code,Run Quality,SMAC Iteration,SMAC Cumulative Runtime,Run Result,Additional Algorithm Run Data,Wall Clock Time,
1,1,566,15.2442610264,0,2000.0,-1,15.2442610264,0.0,1,0.0,0,15.2442610264,SAT,,15.697,
2,1,1075,355.140400171,0,2000.0,-1,355.140400171,0.0,1,0.0,1,370.3846611974,SAT,,355.174,
3,2,566,13.0468890667,0,20.820140082734824,-1,13.0468890667,0.0,1,0.0,1,383.4315502641,SAT,,13.075,
4,2,1075,1805.30354095,0,465.54300411452647,-1,1805.30354095,0.0,1,0.0,1,2188.7350912141,SAT,,1805.334,
5,1,207,10.7469651699,0,2000.0,-1,10.7469651699,0.0,1,0.0,1,2199.482056384,SAT,,10.784,
6,3,1075,1803.60877705,0,462.68512046744223,-1,1803.60877705,0.0,1,0.0,1,4003.090833434,SAT,,1803.696,
