Run Number,Run History Configuration ID,Instance ID,Response Value (y),Censored?,Cutoff Time Used,Seed,Runtime,Run Length,Run Result Code,Run Quality,SMAC Iteration,SMAC Cumulative Runtime,Run Result,Additional Algorithm Run Data,Wall Clock Time,
1,1,550,900.0,0,900.0,-1,90000.0,0.0,-1,1.0E9,0,90000.0,CRASHED,,8.215,
2,1,531,900.0,0,900.0,-1,90000.0,0.0,-1,1.0E9,1,180000.0,CRASHED,,5.789,
3,2,550,900.0,0,900.0,-1,90000.0,0.0,-1,1.0E9,1,270000.0,CRASHED,,5.212,
4,2,531,900.0,0,900.0,-1,90000.0,0.0,-1,1.0E9,1,360000.0,CRASHED,,5.909,
5,1,494,900.0,0,900.0,-1,90000.0,0.0,-1,1.0E9,1,450000.0,CRASHED,,5.236,
6,3,494,4.36709809303,0,900.0,-1,4.36709809303,0.0,1,0.0,1,450004.36709809303,SAT,,4.411,
7,3,550,4.27742600441,0,900.0,-1,4.27742600441,0.0,1,0.0,1,450008.64452409744,SAT,,4.297,
8,3,531,900.0,0,900.0,-1,90000.0,0.0,0,0.0,1,540008.6445240974,TIMEOUT,,1881.843,
