Run Number,Run History Configuration ID,Instance ID,Response Value (y),Censored?,Cutoff Time Used,Seed,Runtime,Run Length,Run Result Code,Run Quality,SMAC Iteration,SMAC Cumulative Runtime,Run Result,Additional Algorithm Run Data,Wall Clock Time,
1,1,23,1100.0,0,1100.0,-1,90000.0,0.0,-1,1.0E9,0,90000.0,CRASHED,,107.568,
2,1,86,1100.0,0,1100.0,-1,90000.0,0.0,-1,1.0E9,1,180000.0,CRASHED,,104.969,
3,2,23,31.9153690338,0,1100.0,-1,31.9153690338,0.0,1,0.0,1,180031.9153690338,SAT,,31.947,
4,2,86,1100.0,0,1100.0,-1,90000.0,0.0,0,0.0,1,270031.9153690338,TIMEOUT,,1881.941,
5,2,11,10.8882369995,0,1100.0,-1,10.8882369995,0.0,1,0.0,1,270042.8036060333,SAT,,10.918,
6,3,11,1100.0,0,15.157308404679597,-1,90000.0,0.0,-1,1.0E9,1,360042.8036060333,CRASHED,,51.257,
