Run Number,Run History Configuration ID,Instance ID,Response Value (y),Censored?,Cutoff Time Used,Seed,Runtime,Run Length,Run Result Code,Run Quality,SMAC Iteration,SMAC Cumulative Runtime,Run Result,Additional Algorithm Run Data,Wall Clock Time,
1,1,368,900.0,0,900.0,-1,90000.0,0.0,-1,1.0E9,0,90000.0,CRASHED,,5.744,
2,1,35,900.0,0,900.0,-1,90000.0,0.0,-1,1.0E9,1,180000.0,CRASHED,,7.481,
3,2,35,511.838654995,0,900.0,-1,511.838654995,0.0,1,0.0,1,180511.838654995,SAT,,511.884,
4,2,368,63.6228067875,0,900.0,-1,63.6228067875,0.0,1,0.0,1,180575.46146178248,SAT,,63.657,
5,2,522,900.0,0,900.0,-1,90000.0,0.0,0,0.0,1,270575.46146178246,TIMEOUT,,1888.772,
6,3,368,900.0,0,83.7122497319907,-1,837.8011999999999,0.0,-1,1.0E9,1,271413.26266178244,CRASHED,Run Exceeded Captime -- Treating as CRASHED;Killed Manually,881.896,
