Run Number,Run History Configuration ID,Instance ID,Response Value (y),Censored?,Cutoff Time Used,Seed,Runtime,Run Length,Run Result Code,Run Quality,SMAC Iteration,SMAC Cumulative Runtime,Run Result,Additional Algorithm Run Data,Wall Clock Time,
1,1,74,1000.0,0,1000.0,-1,90000.0,0.0,-1,1.0E9,0,90000.0,CRASHED,,10.456,
2,1,133,6.46795988083,0,1000.0,-1,6.46795988083,0.0,1,0.0,1,90006.46795988083,SAT,,6.506,
3,2,133,14.5120990276,0,9.41094810922742,-1,14.5120990276,0.0,1,0.0,1,90020.98005890843,SAT,,14.551,
4,1,71,1000.0,0,1000.0,-1,90000.0,0.0,-1,1.0E9,1,180020.98005890843,CRASHED,,6.52,
5,3,74,1000.0,0,1000.0,-1,90000.0,0.0,-1,1.0E9,1,270020.98005890846,CRASHED,,9.15,
6,3,133,6.23699402809,0,1000.0,-1,6.23699402809,0.0,1,0.0,1,270027.21705293655,SAT,,6.284,
7,3,71,1000.0,0,1000.0,-1,90000.0,0.0,-1,1.0E9,1,360027.21705293655,CRASHED,,28.876,
