Run Number,Run History Configuration ID,Instance ID,Response Value (y),Censored?,Cutoff Time Used,Seed,Runtime,Run Length,Run Result Code,Run Quality,SMAC Iteration,SMAC Cumulative Runtime,Run Result,Additional Algorithm Run Data,Wall Clock Time,
1,1,37,36.7271089554,0,2000.0,-1,36.7271089554,0.0,1,0.0,0,36.7271089554,SAT,,36.977,
2,1,2064,598.609574795,0,2000.0,-1,598.609574795,0.0,1,0.0,1,635.3366837504,SAT,,598.663,
3,2,2064,1811.34753704,0,779.1950479041517,-1,1811.34753704,0.0,1,0.0,1,2446.6842207904,SAT,,1811.443,
4,1,943,11.7534108162,0,2000.0,-1,11.7534108162,0.0,1,0.0,1,2458.4376316066,SAT,,11.795,
5,3,943,2000.0,0,16.282034654515982,-1,163.1093,0.0,-1,1.0E9,1,2621.5469316066,CRASHED,Run Exceeded Captime -- Treating as CRASHED;Killed Manually,171.694,
6,1,1896,583.571276188,0,2000.0,-1,583.571276188,0.0,1,0.0,2,3205.1182077946,SAT,,583.618,
7,4,943,2000.0,0,16.282034654515982,-1,163.51115,0.0,-1,1.0E9,2,3368.6293577946,CRASHED,Run Exceeded Captime -- Treating as CRASHED;Killed Manually,172.117,
8,1,2323,1395.58035994,0,2000.0,-1,1395.58035994,0.0,1,0.0,2,4764.2097177346,SAT,,1395.69,
9,5,943,2000.0,0,16.282034654515982,-1,163.61374999999998,0.0,-1,1.0E9,2,4927.823467734601,CRASHED,Run Exceeded Captime -- Treating as CRASHED;Killed Manually,172.225,
