Run Number,Run History Configuration ID,Instance ID,Response Value (y),Censored?,Cutoff Time Used,Seed,Runtime,Run Length,Run Result Code,Run Quality,SMAC Iteration,SMAC Cumulative Runtime,Run Result,Additional Algorithm Run Data,Wall Clock Time,
1,1,130,53.1808400154,0,2000.0,-1,53.1808400154,0.0,2,0.0,0,53.1808400154,UNSAT,,53.311,
2,1,143,34.7576651573,0,2000.0,-1,34.7576651573,0.0,2,0.0,1,87.9385051727,UNSAT,,34.795,
3,2,130,2000.0,0,70.13769213889837,-1,701.9341000000001,0.0,-1,1.0E9,1,789.8726051727001,CRASHED,Run Exceeded Captime -- Treating as CRASHED;Killed Manually,738.878,
4,1,220,30.5984349251,0,2000.0,-1,30.5984349251,0.0,1,0.0,1,820.4710400978001,SAT,,30.658,
5,3,143,196.415297985,0,46.18756527860761,-1,196.415297985,0.0,2,0.0,1,1016.8863380828002,UNSAT,,196.456,
