Run Number,Run History Configuration ID,Instance ID,Response Value (y),Censored?,Cutoff Time Used,Seed,Runtime,Run Length,Run Result Code,Run Quality,SMAC Iteration,SMAC Cumulative Runtime,Run Result,Additional Algorithm Run Data,Wall Clock Time,
1,1,13,5.54339003563,0,2000.0,-1,5.54339003563,0.0,2,0.0,0,5.54339003563,UNSAT,,5.677,
2,1,146,10.3865840435,0,2000.0,-1,10.3865840435,0.0,1,0.0,1,15.929974079129998,SAT,,10.506,
3,2,13,4.61501693726,0,8.209007688212395,-1,4.61501693726,0.0,2,0.0,1,20.54499101639,UNSAT,,4.662,
4,2,146,2000.0,0,15.71334524859786,-1,157.81875,0.0,-1,1.0E9,1,178.36374101639,CRASHED,Run Exceeded Captime -- Treating as CRASHED;Killed Manually,166.125,
5,1,82,52.2170689106,0,2000.0,-1,52.2170689106,0.0,1,0.0,1,230.58080992699,SAT,,52.259,
6,3,13,5.65556287766,0,8.209007688212395,-1,5.65556287766,0.0,2,0.0,1,236.23637280465002,UNSAT,,5.687,
