Run Number,Run History Configuration ID,Instance ID,Response Value (y),Censored?,Cutoff Time Used,Seed,Runtime,Run Length,Run Result Code,Run Quality,SMAC Iteration,SMAC Cumulative Runtime,Run Result,Additional Algorithm Run Data,Wall Clock Time,
1,1,468,900.0,0,900.0,-1,90000.0,0.0,-1,1.0E9,0,90000.0,CRASHED,,7.088,
2,1,373,900.0,0,900.0,-1,90000.0,0.0,-1,1.0E9,1,180000.0,CRASHED,,5.331,
3,2,468,900.0,0,900.0,-1,90000.0,0.0,0,0.0,1,270000.0,TIMEOUT,,1881.985,
4,2,373,4.58619403839,0,900.0,-1,4.58619403839,0.0,1,0.0,1,270004.5861940384,SAT,,4.627,
5,2,130,900.0,0,900.0,-1,90000.0,0.0,0,0.0,1,360004.5861940384,TIMEOUT,,1882.669,
6,3,468,900.0,0,900.0,-1,90000.0,0.0,0,0.0,1,450004.5861940384,TIMEOUT,,1882.025,
7,3,130,900.0,0,900.0,-1,90000.0,0.0,0,0.0,1,540004.5861940384,TIMEOUT,,1882.615,
8,3,373,900.0,0,6.967252519327403,-1,70.42445,0.0,-1,1.0E9,1,540075.0106440384,CRASHED,Run Exceeded Captime -- Treating as CRASHED;Killed Manually,74.131,
