Run Number,Run History Configuration ID,Instance ID,Response Value (y),Censored?,Cutoff Time Used,Seed,Runtime,Run Length,Run Result Code,Run Quality,SMAC Iteration,SMAC Cumulative Runtime,Run Result,Additional Algorithm Run Data,Wall Clock Time,
1,1,123,1000.0,0,1000.0,-1,90000.0,0.0,-1,1.0E9,0,90000.0,CRASHED,,481.084,
2,1,31,1000.0,0,1000.0,-1,90000.0,0.0,-1,1.0E9,1,180000.0,CRASHED,,3.933,
3,2,31,4.26818990707,0,1000.0,-1,4.26818990707,0.0,1,0.0,1,180004.26818990707,SAT,,4.48,
4,2,123,119.925443172,0,1000.0,-1,119.925443172,0.0,1,0.0,1,180124.19363307906,SAT,,119.96,
5,2,85,4.80718493462,0,1000.0,-1,4.80718493462,0.0,1,0.0,1,180129.00081801368,SAT,,4.829,
6,3,123,1000.0,0,156.90567632054092,-1,90000.0,0.0,-1,1.0E9,1,270129.0008180137,CRASHED,,152.881,
