Run Number,Run History Configuration ID,Instance ID,Response Value (y),Censored?,Cutoff Time Used,Seed,Runtime,Run Length,Run Result Code,Run Quality,SMAC Iteration,SMAC Cumulative Runtime,Run Result,Additional Algorithm Run Data,Wall Clock Time,
1,1,27,900.0,0,900.0,-1,90000.0,0.0,-1,1.0E9,0,90000.0,CRASHED,,10.872,
2,1,214,900.0,0,900.0,-1,90000.0,0.0,-1,1.0E9,1,180000.0,CRASHED,,347.394,
3,2,27,68.3089420795,0,900.0,-1,68.3089420795,0.0,1,0.0,1,180068.3089420795,SAT,,68.346,
4,2,214,900.0,0,900.0,-1,90000.0,0.0,0,0.0,1,270068.3089420795,TIMEOUT,,1882.833,
5,2,288,5.82843708992,0,900.0,-1,5.82843708992,0.0,1,0.0,1,270074.1373791694,SAT,,5.86,
6,3,288,900.0,0,8.579568926590682,-1,90000.0,0.0,-1,1.0E9,1,360074.1373791694,CRASHED,,6.51,
