Run Number,Run History Configuration ID,Instance ID,Response Value (y),Censored?,Cutoff Time Used,Seed,Runtime,Run Length,Run Result Code,Run Quality,SMAC Iteration,SMAC Cumulative Runtime,Run Result,Additional Algorithm Run Data,Wall Clock Time,
1,1,67,73.3073740005,0,2000.0,-1,73.3073740005,0.0,2,0.0,0,73.3073740005,UNSAT,,73.424,
2,1,91,3.53118991852,0,2000.0,-1,3.53118991852,0.0,1,0.0,1,76.83856391902,SAT,,3.576,
3,2,91,3.61242389679,0,5.59314804931283,-1,3.61242389679,0.0,1,0.0,1,80.45098781581001,SAT,,3.649,
4,1,147,98.8440570831,0,2000.0,-1,98.8440570831,0.0,1,0.0,1,179.29504489891002,SAT,,98.924,
5,3,67,2000.0,0,96.30218715255262,-1,963.7237,0.0,-1,1.0E9,1,1143.01874489891,CRASHED,Run Exceeded Captime -- Treating as CRASHED;Killed Manually,1014.446,
6,1,112,4.94285702705,0,2000.0,-1,4.94285702705,0.0,1,0.0,2,1147.96160192596,SAT,,5.072,
7,4,67,95.539743185,0,96.30218715255262,-1,95.539743185,0.0,2,0.0,2,1243.5013451109598,UNSAT,,95.592,
8,1,107,4.4995059967,0,2000.0,-1,4.4995059967,0.0,1,0.0,2,1248.0008511076599,SAT,,4.617,
9,5,91,5.00033593178,0,5.59314804931283,-1,5.00033593178,0.0,1,0.0,2,1253.0011870394399,SAT,,5.056,
