Run Number,Run History Configuration ID,Instance ID,Response Value (y),Censored?,Cutoff Time Used,Seed,Runtime,Run Length,Run Result Code,Run Quality,SMAC Iteration,SMAC Cumulative Runtime,Run Result,Additional Algorithm Run Data,Wall Clock Time,
1,1,61,6.91170597076,0,2000.0,-1,6.91170597076,0.0,1,0.0,0,6.91170597076,SAT,,7.047,
2,1,17,5.38271403313,0,2000.0,-1,5.38271403313,0.0,2,0.0,1,12.29442000389,UNSAT,,5.406,
3,2,17,4.10522198677,0,8.0001283328712,-1,4.10522198677,0.0,2,0.0,1,16.39964199066,UNSAT,,4.148,
4,2,61,2000.0,0,11.649857543754578,-1,117.439,0.0,-1,1.0E9,1,133.83864199066,CRASHED,Run Exceeded Captime -- Treating as CRASHED;Killed Manually,123.62,
5,1,99,3.50361013412,0,2000.0,-1,3.50361013412,0.0,1,0.0,1,137.34225212478,SAT,,3.539,
6,3,61,2000.0,0,9.98781834577322,-1,100.78074999999998,0.0,-1,1.0E9,1,238.12300212478,CRASHED,Run Exceeded Captime -- Treating as CRASHED;Killed Manually,106.085,
