Run Number,Run History Configuration ID,Instance ID,Response Value (y),Censored?,Cutoff Time Used,Seed,Runtime,Run Length,Run Result Code,Run Quality,SMAC Iteration,SMAC Cumulative Runtime,Run Result,Additional Algorithm Run Data,Wall Clock Time,
1,1,22,1000.0,0,1000.0,-1,90000.0,0.0,-1,1.0E9,0,90000.0,CRASHED,,5.528,
2,1,116,8.30652499199,0,1000.0,-1,8.30652499199,0.0,1,0.0,1,90008.30652499199,SAT,,8.404,
3,2,22,5.10278201103,0,1000.0,-1,5.10278201103,0.0,1,0.0,1,90013.40930700302,SAT,,5.153,
4,2,116,10.8150629997,0,1000.0,-1,10.8150629997,0.0,1,0.0,1,90024.22437000272,SAT,,10.855,
5,2,106,4.28730392456,0,1000.0,-1,4.28730392456,0.0,1,0.0,1,90028.51167392728,SAT,,4.326,
6,3,106,5.66570186615,0,6.576095976281167,-1,5.66570186615,0.0,1,0.0,1,90034.17737579343,SAT,,5.721,
