Run Number,Run History Configuration ID,Instance ID,Response Value (y),Censored?,Cutoff Time Used,Seed,Runtime,Run Length,Run Result Code,Run Quality,SMAC Iteration,SMAC Cumulative Runtime,Run Result,Additional Algorithm Run Data,Wall Clock Time,
1,1,341,900.0,0,900.0,-1,90000.0,0.0,-1,1.0E9,0,90000.0,CRASHED,,5.414,
2,1,307,900.0,0,900.0,-1,90000.0,0.0,-1,1.0E9,1,180000.0,CRASHED,,6.682,
3,2,307,5.49338293076,0,900.0,-1,5.49338293076,0.0,1,0.0,1,180005.49338293076,SAT,,5.531,
4,2,341,5.15806007385,0,900.0,-1,5.15806007385,0.0,1,0.0,1,180010.6514430046,SAT,,5.185,
5,2,563,4.40739393234,0,900.0,-1,4.40739393234,0.0,1,0.0,1,180015.05883693695,SAT,,4.454,
6,3,341,900.0,0,7.708078733059764,-1,77.98929999999999,0.0,-1,1.0E9,1,180093.04813693694,CRASHED,Run Exceeded Captime -- Treating as CRASHED;Killed Manually,82.094,
