Run Number,Run History Configuration ID,Instance ID,Response Value (y),Censored?,Cutoff Time Used,Seed,Runtime,Run Length,Run Result Code,Run Quality,SMAC Iteration,SMAC Cumulative Runtime,Run Result,Additional Algorithm Run Data,Wall Clock Time,
1,1,31,1538.50217795,0,2000.0,-1,1538.50217795,0.0,2,0.0,0,1538.50217795,UNSAT,,1538.704,
2,1,260,198.937122107,0,2000.0,-1,198.937122107,0.0,2,0.0,1,1737.439300057,UNSAT,,198.981,
3,2,260,345.938180923,0,259.6208598356426,-1,345.938180923,0.0,2,0.0,1,2083.37748098,UNSAT,,346.011,
4,1,44,1019.56357908,0,2000.0,-1,1019.56357908,0.0,1,0.0,1,3102.9410600600004,SAT,,1019.651,
5,3,31,1801.58784103,0,2000.0,-1,1801.58784103,0.0,2,0.0,1,4904.5289010900005,UNSAT,,1801.632,
6,1,101,243.049788952,0,2000.0,-1,243.049788952,0.0,2,0.0,2,5147.578690042001,UNSAT,,243.084,
7,4,260,1802.13744807,0,259.6208598356426,-1,1802.13744807,0.0,2,0.0,2,6949.716138112,UNSAT,,1802.199,
8,1,191,179.829059839,0,2000.0,-1,179.829059839,0.0,1,0.0,2,7129.545197951001,SAT,,179.865,
9,5,260,1702.38039184,0,259.6208598356426,-1,1702.38039184,0.0,2,0.0,2,8831.925589791,UNSAT,,1702.422,
