Run Number,Run History Configuration ID,Instance ID,Response Value (y),Censored?,Cutoff Time Used,Seed,Runtime,Run Length,Run Result Code,Run Quality,SMAC Iteration,SMAC Cumulative Runtime,Run Result,Additional Algorithm Run Data,Wall Clock Time,
1,1,2089,367.085696936,0,2000.0,-1,367.085696936,0.0,1,0.0,0,367.085696936,SAT,,367.247,
2,1,2567,2046.07389617,0,2000.0,-1,2046.07389617,0.0,1,0.0,1,2413.159593106,SAT,,2046.135,
3,2,2089,1304.74325395,0,478.21400658075805,-1,1304.74325395,0.0,1,0.0,1,3717.902847056,SAT,,1304.795,
4,1,635,13.6905789375,0,2000.0,-1,13.6905789375,0.0,1,0.0,1,3731.5934259935,SAT,,13.742,
5,3,2089,1815.44466996,0,478.21400658075805,-1,1815.44466996,0.0,1,0.0,1,5547.0380959535005,SAT,,1815.494,
