Run Number,Run History Configuration ID,Instance ID,Response Value (y),Censored?,Cutoff Time Used,Seed,Runtime,Run Length,Run Result Code,Run Quality,SMAC Iteration,SMAC Cumulative Runtime,Run Result,Additional Algorithm Run Data,Wall Clock Time,
1,1,1958,13125.408169,0,2000.0,-1,13125.408169,0.0,1,0.0,0,13125.408169,SAT,,13130.864,
2,1,1865,5115.02189207,0,2000.0,-1,5115.02189207,0.0,1,0.0,1,18240.43006107,SAT,,5116.442,
3,2,1865,5658.02798295,0,2000.0,-1,5658.02798295,0.0,1,0.0,1,23898.45804402,SAT,,5667.7,
4,1,1229,1852.12631392,0,2000.0,-1,1852.12631392,0.0,2,0.0,1,25750.584357940003,UNSAT,,1852.313,
5,3,1865,5750.23260498,0,2000.0,-1,5750.23260498,0.0,1,0.0,1,31500.816962920002,SAT,,5750.599,
6,1,1132,237.063333035,0,2000.0,-1,237.063333035,0.0,1,0.0,2,31737.880295955,SAT,,237.944,
7,4,1958,14414.912863,0,2000.0,-1,14414.912863,0.0,1,0.0,2,46152.793158955,SAT,,14419.64,
8,1,2487,1917.98565412,0,2000.0,-1,1917.98565412,0.0,1,0.0,2,48070.778813075,SAT,,1922.538,
9,5,1958,16173.327153,0,2000.0,-1,16173.327153,0.0,1,0.0,2,64244.105966074996,SAT,,16177.973,
