Run Number,Run History Configuration ID,Instance ID,Response Value (y),Censored?,Cutoff Time Used,Seed,Runtime,Run Length,Run Result Code,Run Quality,SMAC Iteration,SMAC Cumulative Runtime,Run Result,Additional Algorithm Run Data,Wall Clock Time,
1,1,1958,13125.408169,0,2000.0,-1,13125.408169,0.0,1,0.0,0,13125.408169,SAT,,13130.864,
2,1,1865,5115.02189207,0,2000.0,-1,5115.02189207,0.0,1,0.0,1,18240.43006107,SAT,,5116.442,
3,2,1865,5658.02798295,0,2000.0,-1,5658.02798295,0.0,1,0.0,1,23898.45804402,SAT,,5667.7,
4,1,1229,1852.12631392,0,2000.0,-1,1852.12631392,0.0,2,0.0,1,25750.584357940003,UNSAT,,1852.313,
5,3,1865,5750.23260498,0,2000.0,-1,5750.23260498,0.0,1,0.0,1,31500.816962920002,SAT,,5750.599,
6,1,1132,237.063333035,0,2000.0,-1,237.063333035,0.0,1,0.0,2,31737.880295955,SAT,,237.944,
7,4,1958,14414.912863,0,2000.0,-1,14414.912863,0.0,1,0.0,2,46152.793158955,SAT,,14419.64,
8,1,2487,1917.98565412,0,2000.0,-1,1917.98565412,0.0,1,0.0,2,48070.778813075,SAT,,1922.538,
9,5,1958,16173.327153,0,2000.0,-1,16173.327153,0.0,1,0.0,2,64244.105966074996,SAT,,16177.973,
10,1,2398,3402.64168191,0,2000.0,-1,3402.64168191,0.0,1,0.0,3,67646.747647985,SAT,,3403.609,
11,6,1865,6257.37749314,0,2000.0,-1,6257.37749314,0.0,1,0.0,3,73904.125141125,SAT,,6259.136,
12,1,2267,3473.80231595,0,2000.0,-1,3473.80231595,0.0,1,0.0,3,77377.927457075,SAT,,3475.056,
13,7,1865,6099.35042906,0,2000.0,-1,6099.35042906,0.0,1,0.0,3,83477.277886135,SAT,,6100.328,
14,1,959,287.139725924,0,2000.0,-1,287.139725924,0.0,1,0.0,4,83764.417612059,SAT,,288.1,
15,8,2398,3481.65568185,0,2000.0,-1,3481.65568185,0.0,1,0.0,4,87246.073293909,SAT,,3482.34,
16,1,1193,1840.28802419,0,2000.0,-1,1840.28802419,0.0,1,0.0,4,89086.36131809899,SAT,,1843.839,
17,9,1865,5911.37377,0,2000.0,-1,5911.37377,0.0,1,0.0,4,94997.735088099,SAT,,5911.963,
