Run Number,Run History Configuration ID,Instance ID,Response Value (y),Censored?,Cutoff Time Used,Seed,Runtime,Run Length,Run Result Code,Run Quality,SMAC Iteration,SMAC Cumulative Runtime,Run Result,Additional Algorithm Run Data,Wall Clock Time,
1,1,1958,13125.408169,0,2000.0,-1,13125.408169,0.0,1,0.0,0,13125.408169,SAT,,13130.864,
2,1,1865,5115.02189207,0,2000.0,-1,5115.02189207,0.0,1,0.0,1,18240.43006107,SAT,,5116.442,
3,2,1865,5658.02798295,0,2000.0,-1,5658.02798295,0.0,1,0.0,1,23898.45804402,SAT,,5667.7,
4,1,1229,1852.12631392,0,2000.0,-1,1852.12631392,0.0,2,0.0,1,25750.584357940003,UNSAT,,1852.313,
5,3,1865,5750.23260498,0,2000.0,-1,5750.23260498,0.0,1,0.0,1,31500.816962920002,SAT,,5750.599,
