Run Number,Run History Configuration ID,Instance ID,Response Value (y),Censored?,Cutoff Time Used,Seed,Runtime,Run Length,Run Result Code,Run Quality,SMAC Iteration,SMAC Cumulative Runtime,Run Result,Additional Algorithm Run Data,Wall Clock Time,
1,1,1958,2376.89339304,0,2000.0,-1,2376.89339304,0.0,1,0.0,0,2376.89339304,SAT,,2377.444,
2,1,1865,1043.73622513,0,2000.0,-1,1043.73622513,0.0,1,0.0,1,3420.62961817,SAT,,1043.858,
3,2,1865,2521.56417513,0,1357.8596928048612,-1,2521.56417513,0.0,1,0.0,1,5942.1937933,SAT,,2521.682,
4,1,1229,650.577819109,0,2000.0,-1,650.577819109,0.0,2,0.0,1,6592.771612409,UNSAT,,650.624,
5,3,1865,2345.27213597,0,1357.8596928048612,-1,2345.27213597,0.0,1,0.0,1,8938.043748379001,SAT,,2345.384,
6,1,1132,21.7463650703,0,2000.0,-1,21.7463650703,0.0,1,0.0,2,8959.7901134493,SAT,,21.814,
7,4,1958,3079.7266531,0,2000.0,-1,3079.7266531,0.0,1,0.0,2,12039.5167665493,SAT,,3079.819,
8,1,2487,1559.07438898,0,2000.0,-1,1559.07438898,0.0,1,0.0,2,13598.5911555293,SAT,,1559.111,
9,5,1958,3083.26953602,0,2000.0,-1,3083.26953602,0.0,1,0.0,2,16681.8606915493,SAT,,3083.379,
