Run Number,Run History Configuration ID,Instance ID,Response Value (y),Censored?,Cutoff Time Used,Seed,Runtime,Run Length,Run Result Code,Run Quality,SMAC Iteration,SMAC Cumulative Runtime,Run Result,Additional Algorithm Run Data,Wall Clock Time,
1,1,39,4.75073099136,0,1000.0,-1,4.75073099136,0.0,1,0.0,0,4.75073099136,SAT,,4.862,
2,1,43,1000.0,0,1000.0,-1,90000.0,0.0,-1,1.0E9,1,90004.75073099136,CRASHED,,7.677,
3,2,39,4.65116214752,0,7.178551134067774,-1,4.65116214752,0.0,1,0.0,1,90009.40189313889,SAT,,4.685,
4,2,43,1000.0,0,1000.0,-1,90000.0,0.0,-1,1.0E9,1,180009.4018931389,CRASHED,,9.753,
5,2,71,1000.0,0,1000.0,-1,90000.0,0.0,-1,1.0E9,1,270009.4018931389,CRASHED,,8.847,
6,3,71,1000.0,0,1000.0,-1,90000.0,0.0,-1,1.0E9,1,360009.4018931389,CRASHED,,5.687,
7,3,43,1000.0,0,1000.0,-1,90000.0,0.0,-1,1.0E9,1,450009.4018931389,CRASHED,,6.183,
8,3,39,4.61021900177,0,7.0517113323986536,-1,4.61021900177,0.0,1,0.0,1,450014.01211214066,SAT,,4.65,
