Run Number,Run History Configuration ID,Instance ID,Response Value (y),Censored?,Cutoff Time Used,Seed,Runtime,Run Length,Run Result Code,Run Quality,SMAC Iteration,SMAC Cumulative Runtime,Run Result,Additional Algorithm Run Data,Wall Clock Time,
1,1,335,900.0,0,900.0,-1,90000.0,0.0,-1,1.0E9,0,90000.0,CRASHED,,7.363,
2,1,314,900.0,0,900.0,-1,90000.0,0.0,-1,1.0E9,1,180000.0,CRASHED,,6.469,
3,2,314,7.59013485909,0,900.0,-1,7.59013485909,0.0,1,0.0,1,180007.59013485909,SAT,,7.651,
4,2,335,14.463269949,0,900.0,-1,14.463269949,0.0,1,0.0,1,180022.05340480807,SAT,,14.498,
5,2,337,14.1695511341,0,900.0,-1,14.1695511341,0.0,1,0.0,1,180036.22295594218,SAT,,14.211,
6,3,335,900.0,0,19.804851783785224,-1,90000.0,0.0,-1,1.0E9,1,270036.22295594215,CRASHED,,4.983,
