Run Number,Run History Configuration ID,Instance ID,Response Value (y),Censored?,Cutoff Time Used,Seed,Runtime,Run Length,Run Result Code,Run Quality,SMAC Iteration,SMAC Cumulative Runtime,Run Result,Additional Algorithm Run Data,Wall Clock Time,
1,1,46,818.091357946,0,2000.0,-1,818.091357946,0.0,1,0.0,0,818.091357946,SAT,,818.298,
2,1,22,231.037786007,0,2000.0,-1,231.037786007,0.0,2,0.0,1,1049.129143953,UNSAT,,231.29,
3,2,22,1802.32337308,0,301.3517224121571,-1,1802.32337308,0.0,2,0.0,1,2851.452517033,UNSAT,,1802.455,
4,1,101,243.049788952,0,2000.0,-1,243.049788952,0.0,2,0.0,1,3094.502305985,UNSAT,,243.084,
5,3,101,1802.01389694,0,316.9673262987018,-1,1802.01389694,0.0,2,0.0,1,4896.5162029250005,UNSAT,,1802.05,
