Run Number,Run History Configuration ID,Instance ID,Response Value (y),Censored?,Cutoff Time Used,Seed,Runtime,Run Length,Run Result Code,Run Quality,SMAC Iteration,SMAC Cumulative Runtime,Run Result,Additional Algorithm Run Data,Wall Clock Time,
1,1,93,7.38806080818,0,2000.0,-1,7.38806080818,0.0,1,0.0,0,7.38806080818,SAT,,7.505,
2,1,47,14.1203041077,0,2000.0,-1,14.1203041077,0.0,1,0.0,1,21.50836491588,SAT,,14.153,
3,2,93,2000.0,0,10.607079498815537,-1,106.97094999999999,0.0,-1,1.0E9,1,128.47931491588,CRASHED,Run Exceeded Captime -- Treating as CRASHED;Killed Manually,112.601,
4,1,53,4.29602599144,0,2000.0,-1,4.29602599144,0.0,1,0.0,1,132.77534090732,SAT,,4.449,
5,3,93,9.6557431221,0,10.607079498815537,-1,9.6557431221,0.0,1,0.0,1,142.43108402942,SAT,,9.706,
