Run Number,Run History Configuration ID,Instance ID,Response Value (y),Censored?,Cutoff Time Used,Seed,Runtime,Run Length,Run Result Code,Run Quality,SMAC Iteration,SMAC Cumulative Runtime,Run Result,Additional Algorithm Run Data,Wall Clock Time,
1,1,287,900.0,0,900.0,-1,90000.0,0.0,-1,1.0E9,0,90000.0,CRASHED,,5.287,
2,1,115,900.0,0,900.0,-1,90000.0,0.0,-1,1.0E9,1,180000.0,CRASHED,,358.892,
3,2,115,900.0,0,900.0,-1,90000.0,0.0,0,0.0,1,270000.0,TIMEOUT,,1882.817,
4,2,287,19.0652179718,0,900.0,-1,19.0652179718,0.0,1,0.0,1,270019.0652179718,SAT,,19.094,
5,2,11,239.993427992,0,900.0,-1,239.993427992,0.0,1,0.0,1,270259.0586459638,SAT,,240.018,
6,3,11,900.0,0,312.9940570410073,-1,90000.0,0.0,-1,1.0E9,1,360259.0586459638,CRASHED,,14.222,
