Run Number,Run History Configuration ID,Instance ID,Response Value (y),Censored?,Cutoff Time Used,Seed,Runtime,Run Length,Run Result Code,Run Quality,SMAC Iteration,SMAC Cumulative Runtime,Run Result,Additional Algorithm Run Data,Wall Clock Time,
1,1,93,1000.0,0,1000.0,-1,90000.0,0.0,-1,1.0E9,0,90000.0,CRASHED,,9.036,
2,1,35,1000.0,0,1000.0,-1,90000.0,0.0,-1,1.0E9,1,180000.0,CRASHED,,5.332,
3,2,93,43.4446799755,0,1000.0,-1,43.4446799755,0.0,1,0.0,1,180043.4446799755,SAT,,43.491,
4,2,35,4.97515201569,0,1000.0,-1,4.97515201569,0.0,1,0.0,1,180048.4198319912,SAT,,5.005,
5,2,53,4.37663292885,0,1000.0,-1,4.37663292885,0.0,1,0.0,1,180052.79646492004,SAT,,4.401,
6,3,35,5.11358809471,0,7.470298175114394,-1,5.11358809471,0.0,1,0.0,1,180057.91005301476,SAT,,5.147,
