Run Number,Run History Configuration ID,Instance ID,Response Value (y),Censored?,Cutoff Time Used,Seed,Runtime,Run Length,Run Result Code,Run Quality,SMAC Iteration,SMAC Cumulative Runtime,Run Result,Additional Algorithm Run Data,Wall Clock Time,
1,1,131,46.199409008,0,2000.0,-1,46.199409008,0.0,2,0.0,0,46.199409008,UNSAT,,46.349,
2,1,139,25.6773459911,0,2000.0,-1,25.6773459911,0.0,2,0.0,1,71.8767549991,UNSAT,,25.73,
3,2,131,46.6947038174,0,61.06183239107132,-1,46.6947038174,0.0,2,0.0,1,118.5714588165,UNSAT,,46.724,
4,1,88,75.0551571846,0,2000.0,-1,75.0551571846,0.0,2,0.0,1,193.6266160011,UNSAT,,75.106,
5,3,131,56.563395977,0,61.06183239107132,-1,56.563395977,0.0,2,0.0,1,250.1900119781,UNSAT,,56.596,
6,1,216,59.6960740089,0,2000.0,-1,59.6960740089,0.0,1,0.0,2,309.886085987,SAT,,59.779,
7,4,88,2000.0,0,98.57430540804864,-1,986.6994500000001,0.0,-1,1.0E9,2,1296.5855359870002,CRASHED,Run Exceeded Captime -- Treating as CRASHED;Killed Manually,1038.631,
8,1,273,12.1683368683,0,2000.0,-1,12.1683368683,0.0,1,0.0,2,1308.7538728553002,SAT,,12.211,
9,5,131,58.7226128578,0,61.06183239107132,-1,58.7226128578,0.0,2,0.0,2,1367.4764857131001,UNSAT,,58.764,
