Run Number,Run History Configuration ID,Instance ID,Response Value (y),Censored?,Cutoff Time Used,Seed,Runtime,Run Length,Run Result Code,Run Quality,SMAC Iteration,SMAC Cumulative Runtime,Run Result,Additional Algorithm Run Data,Wall Clock Time,
1,1,131,46.199409008,0,2000.0,-1,46.199409008,0.0,2,0.0,0,46.199409008,UNSAT,,46.349,
2,1,139,25.6773459911,0,2000.0,-1,25.6773459911,0.0,2,0.0,1,71.8767549991,UNSAT,,25.73,
3,2,131,46.6947038174,0,61.06183239107132,-1,46.6947038174,0.0,2,0.0,1,118.5714588165,UNSAT,,46.724,
4,1,88,75.0551571846,0,2000.0,-1,75.0551571846,0.0,2,0.0,1,193.6266160011,UNSAT,,75.106,
5,3,131,56.563395977,0,61.06183239107132,-1,56.563395977,0.0,2,0.0,1,250.1900119781,UNSAT,,56.596,
