Run Number,Run History Configuration ID,Instance ID,Response Value (y),Censored?,Cutoff Time Used,Seed,Runtime,Run Length,Run Result Code,Run Quality,SMAC Iteration,SMAC Cumulative Runtime,Run Result,Additional Algorithm Run Data,Wall Clock Time,
1,1,2479,650.943546057,0,2000.0,-1,650.943546057,0.0,1,0.0,0,650.943546057,SAT,,651.42,
2,1,2672,1744.84407997,0,2000.0,-1,1744.84407997,0.0,1,0.0,1,2395.787626027,SAT,,1744.916,
3,2,2672,2177.9288609,0,2000.0,-1,2177.9288609,0.0,1,0.0,1,4573.716486927,SAT,,2178.041,
4,1,743,11.0886230469,0,2000.0,-1,11.0886230469,0.0,1,0.0,1,4584.8051099739,SAT,,11.161,
5,3,743,11.6299800873,0,15.417811077433825,-1,11.6299800873,0.0,1,0.0,1,4596.4350900612,SAT,,11.681,
