Run Number,Run History Configuration ID,Instance ID,Response Value (y),Censored?,Cutoff Time Used,Seed,Runtime,Run Length,Run Result Code,Run Quality,SMAC Iteration,SMAC Cumulative Runtime,Run Result,Additional Algorithm Run Data,Wall Clock Time,
1,1,8,9.66501903534,0,2000.0,-1,9.66501903534,0.0,2,0.0,0,9.66501903534,UNSAT,,9.787,
2,1,125,4.8791270256,0,2000.0,-1,4.8791270256,0.0,1,0.0,1,14.544146060940001,SAT,,5.042,
3,2,8,6.39098215103,0,13.56712485511899,-1,6.39098215103,0.0,2,0.0,1,20.935128211970003,UNSAT,,6.442,
4,2,125,5.46491885185,0,11.603013601499796,-1,5.46491885185,0.0,1,0.0,1,26.400047063820004,SAT,,5.503,
5,2,105,1801.44072986,0,2000.0,-1,1801.44072986,0.0,1,0.0,1,1827.84077692382,SAT,,1801.471,
6,3,105,1802.20881391,0,2000.0,-1,1802.20881391,0.0,1,0.0,1,3630.04959083382,SAT,,1802.281,
