Run Number,Run History Configuration ID,Instance ID,Response Value (y),Censored?,Cutoff Time Used,Seed,Runtime,Run Length,Run Result Code,Run Quality,SMAC Iteration,SMAC Cumulative Runtime,Run Result,Additional Algorithm Run Data,Wall Clock Time,
1,1,8,900.0,0,900.0,-1,90000.0,0.0,-1,1.0E9,0,90000.0,CRASHED,,9.825,
2,1,469,900.0,0,900.0,-1,90000.0,0.0,-1,1.0E9,1,180000.0,CRASHED,,5.409,
3,2,469,900.0,0,900.0,-1,90000.0,0.0,0,0.0,1,270000.0,TIMEOUT,,1882.247,
4,2,8,900.0,0,900.0,-1,90000.0,0.0,0,0.0,1,360000.0,TIMEOUT,,1882.386,
5,1,119,900.0,0,900.0,-1,90000.0,0.0,0,0.0,1,450000.0,TIMEOUT,,1883.688,
6,3,119,900.0,0,900.0,-1,90000.0,0.0,0,0.0,1,540000.0,TIMEOUT,,1882.819,
7,3,469,4.96861505508,0,900.0,-1,4.96861505508,0.0,1,0.0,1,540004.9686150551,SAT,,5.003,
8,3,8,18.9589920044,0,900.0,-1,18.9589920044,0.0,1,0.0,1,540023.9276070595,SAT,,19.002,
