Run Number,Run History Configuration ID,Instance ID,Response Value (y),Censored?,Cutoff Time Used,Seed,Runtime,Run Length,Run Result Code,Run Quality,SMAC Iteration,SMAC Cumulative Runtime,Run Result,Additional Algorithm Run Data,Wall Clock Time,
1,1,97,3.95622014999,0,2000.0,-1,3.95622014999,0.0,1,0.0,0,3.95622014999,SAT,,4.041,
2,1,96,3.91965889931,0,2000.0,-1,3.91965889931,0.0,1,0.0,1,7.8758790493,SAT,,4.081,
3,2,96,4.80917406082,0,6.0981572497367855,-1,4.80917406082,0.0,1,0.0,1,12.68505311012,SAT,,4.859,
4,1,91,3.53118991852,0,2000.0,-1,3.53118991852,0.0,1,0.0,1,16.21624302864,SAT,,3.576,
5,3,96,3.64032483101,0,6.0981572497367855,-1,3.64032483101,0.0,1,0.0,1,19.85656785965,SAT,,3.702,
6,3,91,3.55943799019,0,11.101968296217919,-1,3.55943799019,0.0,1,0.0,1,23.416005849839998,SAT,,3.592,
7,3,97,3.70024704933,0,6.474698230969906,-1,3.70024704933,0.0,1,0.0,1,27.116252899169996,SAT,,3.72,
