Run Number,Run History Configuration ID,Instance ID,Response Value (y),Censored?,Cutoff Time Used,Seed,Runtime,Run Length,Run Result Code,Run Quality,SMAC Iteration,SMAC Cumulative Runtime,Run Result,Additional Algorithm Run Data,Wall Clock Time,
1,1,140,4.31177902222,0,2000.0,-1,4.31177902222,0.0,1,0.0,0,4.31177902222,SAT,,4.419,
2,1,50,3.11656117439,0,2000.0,-1,3.11656117439,0.0,1,0.0,1,7.42834019661,SAT,,3.146,
3,2,140,4.6691532135,0,6.60791368072033,-1,4.6691532135,0.0,1,0.0,1,12.09749341011,SAT,,4.737,
4,1,80,4.66452002525,0,2000.0,-1,4.66452002525,0.0,2,0.0,1,16.76201343536,UNSAT,,4.807,
5,3,50,3.35128092766,0,5.05412974243164,-1,3.35128092766,0.0,1,0.0,1,20.11329436302,SAT,,3.38,
