Run Number,Run History Configuration ID,Instance ID,Response Value (y),Censored?,Cutoff Time Used,Seed,Runtime,Run Length,Run Result Code,Run Quality,SMAC Iteration,SMAC Cumulative Runtime,Run Result,Additional Algorithm Run Data,Wall Clock Time,
1,1,742,29.268255949,0,2000.0,-1,29.268255949,0.0,1,0.0,0,29.268255949,SAT,,29.949,
2,1,778,134.993417978,0,2000.0,-1,134.993417978,0.0,1,0.0,1,164.261673927,SAT,,135.141,
3,2,742,26.2266008854,0,39.05133361776471,-1,26.2266008854,0.0,1,0.0,1,190.4882748124,SAT,,26.685,
4,2,778,103.565557957,0,180.44949545373322,-1,103.565557957,0.0,1,0.0,1,294.0538327694,SAT,,103.644,
5,2,2439,636.960785151,0,2000.0,-1,636.960785151,0.0,1,0.0,1,931.0146179204,SAT,,637.319,
6,3,742,2000.0,0,35.09718234499097,-1,351.6748,0.0,-1,1.0E9,1,1282.6894179204,CRASHED,Run Exceeded Captime -- Treating as CRASHED;Killed Manually,370.184,
