Run Number,Run History Configuration ID,Instance ID,Response Value (y),Censored?,Cutoff Time Used,Seed,Runtime,Run Length,Run Result Code,Run Quality,SMAC Iteration,SMAC Cumulative Runtime,Run Result,Additional Algorithm Run Data,Wall Clock Time,
1,1,742,108.556793928,0,2000.0,-1,108.556793928,0.0,1,0.0,0,108.556793928,SAT,,108.803,
2,1,778,1849.00908995,0,2000.0,-1,1849.00908995,0.0,1,0.0,1,1957.565883878,SAT,,1852.31,
3,2,742,136.207176924,0,142.1264325160265,-1,136.207176924,0.0,1,0.0,1,2093.773060802,SAT,,137.139,
4,1,2439,2141.872329,0,2000.0,-1,2141.872329,0.0,1,0.0,1,4235.645389802,SAT,,2143.527,
5,3,742,2000.0,0,142.1264325160265,-1,1422.00845,0.0,-1,1.0E9,1,5657.653839802,CRASHED,Run Exceeded Captime -- Treating as CRASHED;Killed Manually,1496.851,
