Run Number,Run History Configuration ID,Instance ID,Response Value (y),Censored?,Cutoff Time Used,Seed,Runtime,Run Length,Run Result Code,Run Quality,SMAC Iteration,SMAC Cumulative Runtime,Run Result,Additional Algorithm Run Data,Wall Clock Time,
1,1,1821,391.340336084,0,2000.0,-1,391.340336084,0.0,1,0.0,0,391.340336084,SAT,,391.663,
2,1,2090,373.849784136,0,2000.0,-1,373.849784136,0.0,1,0.0,1,765.1901202199999,SAT,,373.915,
3,2,2090,1803.36890292,0,487.00731954385634,-1,1803.36890292,0.0,1,0.0,1,2568.55902314,SAT,,1803.445,
4,1,860,4.06999707222,0,2000.0,-1,4.06999707222,0.0,1,0.0,1,2572.62902021222,SAT,,4.1,
5,3,2090,1803.69761801,0,487.00731954385634,-1,1803.69761801,0.0,1,0.0,1,4376.32663822222,SAT,,1803.816,
