Run Number,Run History Configuration ID,Instance ID,Response Value (y),Censored?,Cutoff Time Used,Seed,Runtime,Run Length,Run Result Code,Run Quality,SMAC Iteration,SMAC Cumulative Runtime,Run Result,Additional Algorithm Run Data,Wall Clock Time,
1,1,60,1000.0,0,1000.0,-1,90000.0,0.0,-1,1.0E9,0,90000.0,CRASHED,,5.816,
2,1,13,1000.0,0,1000.0,-1,90000.0,0.0,-1,1.0E9,1,180000.0,CRASHED,,9.353,
3,2,60,6.02229595184,0,1000.0,-1,6.02229595184,0.0,1,0.0,1,180006.02229595184,SAT,,6.084,
4,2,13,5.36246204376,0,1000.0,-1,5.36246204376,0.0,1,0.0,1,180011.3847579956,SAT,,5.382,
5,2,79,3.72630286217,0,1000.0,-1,3.72630286217,0.0,1,0.0,1,180015.11106085777,SAT,,3.749,
6,3,60,1000.0,0,8.831585001546145,-1,90000.0,0.0,-1,1.0E9,1,270015.1110608578,CRASHED,,5.379,
