Run Number,Run History Configuration ID,Instance ID,Response Value (y),Censored?,Cutoff Time Used,Seed,Runtime,Run Length,Run Result Code,Run Quality,SMAC Iteration,SMAC Cumulative Runtime,Run Result,Additional Algorithm Run Data,Wall Clock Time,
1,1,121,3.86605000496,0,2000.0,-1,3.86605000496,0.0,1,0.0,0,3.86605000496,SAT,,3.983,
2,1,88,4.20766305923,0,2000.0,-1,4.20766305923,0.0,1,0.0,1,8.073713064189999,SAT,,4.287,
3,2,121,3.29497599602,0,6.0284658226847645,-1,3.29497599602,0.0,1,0.0,1,11.368689060209999,SAT,,3.323,
4,2,88,3.43674302101,0,7.216258988130093,-1,3.43674302101,0.0,1,0.0,1,14.805432081219998,SAT,,3.468,
5,2,17,5.09566903114,0,2000.0,-1,5.09566903114,0.0,2,0.0,1,19.901101112359996,UNSAT,,5.142,
6,3,17,4.75584197044,0,7.6269701014935976,-1,4.75584197044,0.0,2,0.0,1,24.656943082799994,UNSAT,,4.781,
7,3,88,3.35856795311,0,10.198211100298167,-1,3.35856795311,0.0,1,0.0,1,28.015511035909995,SAT,,3.398,
8,3,121,3.72840189934,0,5.832072615969181,-1,3.72840189934,0.0,1,0.0,1,31.743912935249995,SAT,,3.748,
