Run Number,Run History Configuration ID,Instance ID,Response Value (y),Censored?,Cutoff Time Used,Seed,Runtime,Run Length,Run Result Code,Run Quality,SMAC Iteration,SMAC Cumulative Runtime,Run Result,Additional Algorithm Run Data,Wall Clock Time,
1,1,66,1000.0,0,1000.0,-1,90000.0,0.0,-1,1.0E9,0,90000.0,CRASHED,,6.927,
2,1,43,1000.0,0,1000.0,-1,90000.0,0.0,-1,1.0E9,1,180000.0,CRASHED,,7.16,
3,2,43,5.42104411125,0,1000.0,-1,5.42104411125,0.0,1,0.0,1,180005.42104411125,SAT,,5.49,
4,2,66,3.66472196579,0,1000.0,-1,3.66472196579,0.0,1,0.0,1,180009.08576607704,SAT,,3.705,
5,2,128,1000.0,0,1000.0,-1,90000.0,0.0,0,0.0,1,270009.08576607704,TIMEOUT,,1881.678,
6,3,43,6.51152706146,0,8.049957909035683,-1,6.51152706146,0.0,1,0.0,1,270015.5972931385,SAT,,6.537,
