Run Number,Run History Configuration ID,Instance ID,Response Value (y),Censored?,Cutoff Time Used,Seed,Runtime,Run Length,Run Result Code,Run Quality,SMAC Iteration,SMAC Cumulative Runtime,Run Result,Additional Algorithm Run Data,Wall Clock Time,
1,1,582,900.0,0,900.0,-1,90000.0,0.0,-1,1.0E9,0,90000.0,CRASHED,,7.099,
2,1,367,900.0,0,900.0,-1,90000.0,0.0,-1,1.0E9,1,180000.0,CRASHED,,5.917,
3,2,367,7.04861521721,0,900.0,-1,7.04861521721,0.0,1,0.0,1,180007.0486152172,SAT,,7.08,
4,2,582,881.950343132,0,900.0,-1,881.950343132,0.0,1,0.0,1,180888.9989583492,SAT,,881.994,
5,2,366,6.42738819122,0,900.0,-1,6.42738819122,0.0,1,0.0,1,180895.42634654042,SAT,,6.464,
6,3,582,881.707240105,0,900.0,-1,881.707240105,0.0,1,0.0,1,181777.13358664542,SAT,,881.745,
7,3,367,16.940625906,0,18.840038737627864,-1,16.940625906,0.0,1,0.0,1,181794.0742125514,SAT,,16.974,
