Run Number,Run History Configuration ID,Instance ID,Response Value (y),Censored?,Cutoff Time Used,Seed,Runtime,Run Length,Run Result Code,Run Quality,SMAC Iteration,SMAC Cumulative Runtime,Run Result,Additional Algorithm Run Data,Wall Clock Time,
1,1,13,1000.0,0,1000.0,-1,90000.0,0.0,-1,1.0E9,0,90000.0,CRASHED,,5.037,
2,1,146,1000.0,0,1000.0,-1,90000.0,0.0,-1,1.0E9,1,180000.0,CRASHED,,21.131,
3,2,13,4.86803388596,0,1000.0,-1,4.86803388596,0.0,1,0.0,1,180004.86803388596,SAT,,4.902,
4,2,146,1000.0,0,1000.0,-1,90000.0,0.0,0,0.0,1,270004.86803388596,TIMEOUT,,1881.76,
5,2,82,1000.0,0,1000.0,-1,90000.0,0.0,0,0.0,1,360004.86803388596,TIMEOUT,,1889.454,
6,3,13,1000.0,0,7.331044867980481,-1,90000.0,0.0,-1,1.0E9,1,450004.86803388596,CRASHED,,4.659,
