Run Number,Run History Configuration ID,Instance ID,Response Value (y),Censored?,Cutoff Time Used,Seed,Runtime,Run Length,Run Result Code,Run Quality,SMAC Iteration,SMAC Cumulative Runtime,Run Result,Additional Algorithm Run Data,Wall Clock Time,
1,1,42,1000.0,0,1000.0,-1,90000.0,0.0,-1,1.0E9,0,90000.0,CRASHED,,6.803,
2,1,79,1000.0,0,1000.0,-1,90000.0,0.0,-1,1.0E9,1,180000.0,CRASHED,,19.511,
3,2,42,5.11832904816,0,1000.0,-1,5.11832904816,0.0,1,0.0,1,180005.11832904816,SAT,,5.155,
4,2,79,3.61672592163,0,1000.0,-1,3.61672592163,0.0,1,0.0,1,180008.7350549698,SAT,,3.649,
5,2,83,1000.0,0,1000.0,-1,90000.0,0.0,0,0.0,1,270008.7350549698,TIMEOUT,,1891.277,
6,3,79,1000.0,0,5.704344146299362,-1,58.025999999999996,0.0,-1,1.0E9,1,270066.7610549698,CRASHED,Run Exceeded Captime -- Treating as CRASHED;Killed Manually,61.08,
