Run Number,Run History Configuration ID,Instance ID,Response Value (y),Censored?,Cutoff Time Used,Seed,Runtime,Run Length,Run Result Code,Run Quality,SMAC Iteration,SMAC Cumulative Runtime,Run Result,Additional Algorithm Run Data,Wall Clock Time,
1,1,170,900.0,0,900.0,-1,90000.0,0.0,-1,1.0E9,0,90000.0,CRASHED,,175.795,
2,1,217,900.0,0,900.0,-1,90000.0,0.0,-1,1.0E9,1,180000.0,CRASHED,,367.75,
3,2,170,900.0,0,900.0,-1,90000.0,0.0,0,0.0,1,270000.0,TIMEOUT,,1882.716,
4,2,217,900.0,0,900.0,-1,90000.0,0.0,0,0.0,1,360000.0,TIMEOUT,,1882.984,
5,1,279,900.0,0,900.0,-1,90000.0,0.0,-1,1.0E9,1,450000.0,CRASHED,,6.054,
6,3,217,492.349277973,0,900.0,-1,492.349277973,0.0,1,0.0,1,450492.349277973,SAT,,492.473,
7,3,279,12.8166539669,0,900.0,-1,12.8166539669,0.0,1,0.0,1,450505.1659319399,SAT,,12.858,
8,3,170,290.527642965,0,900.0,-1,290.527642965,0.0,1,0.0,1,450795.69357490493,SAT,,290.567,
