Run Number,Run History Configuration ID,Instance ID,Response Value (y),Censored?,Cutoff Time Used,Seed,Runtime,Run Length,Run Result Code,Run Quality,SMAC Iteration,SMAC Cumulative Runtime,Run Result,Additional Algorithm Run Data,Wall Clock Time,
1,1,122,3.79133892059,0,2000.0,-1,3.79133892059,0.0,1,0.0,0,3.79133892059,SAT,,3.943,
2,1,70,3.81339001656,0,2000.0,-1,3.81339001656,0.0,2,0.0,1,7.60472893715,UNSAT,,3.847,
3,2,70,8.10628914833,0,5.960008118647337,-1,8.10628914833,0.0,2,0.0,1,15.71101808548,UNSAT,,8.159,
4,1,20,4.43707299232,0,2000.0,-1,4.43707299232,0.0,2,0.0,1,20.1480910778,UNSAT,,4.503,
5,3,70,3.65960502625,0,5.960008118647337,-1,3.65960502625,0.0,2,0.0,1,23.80769610405,UNSAT,,3.698,
6,3,20,3.40069913864,0,11.902056437331439,-1,3.40069913864,0.0,2,0.0,1,27.20839524269,UNSAT,,3.433,
7,3,122,4.2989718914,0,7.481147431182862,-1,4.2989718914,0.0,1,0.0,1,31.50736713409,SAT,,4.349,
