Run Number,Run History Configuration ID,Instance ID,Response Value (y),Censored?,Cutoff Time Used,Seed,Runtime,Run Length,Run Result Code,Run Quality,SMAC Iteration,SMAC Cumulative Runtime,Run Result,Additional Algorithm Run Data,Wall Clock Time,
1,1,103,1000.0,0,1000.0,-1,90000.0,0.0,-1,1.0E9,0,90000.0,CRASHED,,5.233,
2,1,25,1000.0,0,1000.0,-1,90000.0,0.0,-1,1.0E9,1,180000.0,CRASHED,,5.819,
3,2,25,5.90883708,0,1000.0,-1,5.90883708,0.0,1,0.0,1,180005.90883708,SAT,,5.938,
4,2,103,9.67767906189,0,1000.0,-1,9.67767906189,0.0,1,0.0,1,180015.5865161419,SAT,,9.703,
5,2,4,218.815306187,0,1000.0,-1,218.815306187,0.0,1,0.0,1,180234.4018223289,SAT,,218.858,
6,3,25,1000.0,0,8.684089117097855,-1,90000.0,0.0,-1,1.0E9,1,270234.4018223289,CRASHED,,6.108,
