Run Number,Run History Configuration ID,Instance ID,Response Value (y),Censored?,Cutoff Time Used,Seed,Runtime,Run Length,Run Result Code,Run Quality,SMAC Iteration,SMAC Cumulative Runtime,Run Result,Additional Algorithm Run Data,Wall Clock Time,
1,1,156,1000.0,0,1000.0,-1,90000.0,0.0,0,0.0,0,90000.0,TIMEOUT,,1968.056,
2,1,62,1000.0,0,1000.0,-1,90000.0,0.0,-1,1.0E9,1,180000.0,CRASHED,,3.797,
3,2,156,1000.0,0,1000.0,-1,90000.0,0.0,0,0.0,1,270000.0,TIMEOUT,,1961.963,
4,2,62,3.55374622345,0,1000.0,-1,3.55374622345,0.0,1,0.0,1,270003.55374622345,SAT,,3.61,
5,2,53,3.9617600441,0,1000.0,-1,3.9617600441,0.0,1,0.0,1,270007.51550626755,SAT,,4.007,
6,3,53,1000.0,0,6.152889028537273,-1,90000.0,0.0,-1,1.0E9,1,360007.51550626755,CRASHED,,4.08,
