Run Number,Run History Configuration ID,Instance ID,Response Value (y),Censored?,Cutoff Time Used,Seed,Runtime,Run Length,Run Result Code,Run Quality,SMAC Iteration,SMAC Cumulative Runtime,Run Result,Additional Algorithm Run Data,Wall Clock Time,
1,1,2465,419.195348978,0,2000.0,-1,419.195348978,0.0,1,0.0,0,419.195348978,SAT,,419.686,
2,1,484,68.7996389866,0,2000.0,-1,68.7996389866,0.0,1,0.0,1,487.9949879646,SAT,,68.877,
3,2,2465,1811.63256001,0,545.9565544392646,-1,1811.63256001,0.0,1,0.0,1,2299.6275479746,SAT,,1811.714,
4,1,2780,594.27899003,0,2000.0,-1,594.27899003,0.0,1,0.0,1,2893.9065380046,SAT,,594.314,
5,3,484,51.9791169167,0,90.44213116948606,-1,51.9791169167,0.0,1,0.0,1,2945.8856549213,SAT,,52.083,
6,3,2780,1810.49681282,0,1340.3885198648752,-1,1810.49681282,0.0,1,0.0,1,4756.3824677413,SAT,,1810.547,
