Run Number,Run History Configuration ID,Instance ID,Response Value (y),Censored?,Cutoff Time Used,Seed,Runtime,Run Length,Run Result Code,Run Quality,SMAC Iteration,SMAC Cumulative Runtime,Run Result,Additional Algorithm Run Data,Wall Clock Time,
1,1,116,8.30652499199,0,1000.0,-1,8.30652499199,0.0,1,0.0,0,8.30652499199,SAT,,8.404,
2,1,5,1000.0,0,1000.0,-1,90000.0,0.0,-1,1.0E9,1,90008.30652499199,CRASHED,,91.247,
3,2,5,1000.0,0,1000.0,-1,90000.0,0.0,0,0.0,1,180008.306524992,TIMEOUT,,1882.212,
4,2,116,6.94128680229,0,11.802382756370307,-1,6.94128680229,0.0,1,0.0,1,180015.24781179428,SAT,,6.99,
5,2,31,1000.0,0,1000.0,-1,90000.0,0.0,0,0.0,1,270015.2478117943,TIMEOUT,,1881.657,
6,3,116,8.19374585152,0,10.026273213672638,-1,8.19374585152,0.0,1,0.0,1,270023.4415576458,SAT,,8.246,
