Run Number,Run History Configuration ID,Instance ID,Response Value (y),Censored?,Cutoff Time Used,Seed,Runtime,Run Length,Run Result Code,Run Quality,SMAC Iteration,SMAC Cumulative Runtime,Run Result,Additional Algorithm Run Data,Wall Clock Time,
1,1,47,1000.0,0,1000.0,-1,90000.0,0.0,-1,1.0E9,0,90000.0,CRASHED,,11.998,
2,1,107,1000.0,0,1000.0,-1,90000.0,0.0,-1,1.0E9,1,180000.0,CRASHED,,5.963,
3,2,47,1000.0,0,1000.0,-1,90000.0,0.0,0,0.0,1,270000.0,TIMEOUT,,1881.747,
4,2,107,1000.0,0,1000.0,-1,90000.0,0.0,0,0.0,1,360000.0,TIMEOUT,,1881.71,
5,1,132,1000.0,0,1000.0,-1,90000.0,0.0,-1,1.0E9,1,450000.0,CRASHED,,4.45,
6,3,107,1000.0,0,1000.0,-1,90000.0,0.0,0,0.0,1,540000.0,TIMEOUT,,1881.516,
7,3,132,230.972887993,0,1000.0,-1,230.972887993,0.0,1,0.0,1,540230.972887993,SAT,,231.041,
8,3,47,1000.0,0,1000.0,-1,90000.0,0.0,0,0.0,1,630230.972887993,TIMEOUT,,1881.741,
