Run Number,Run History Configuration ID,Instance ID,Response Value (y),Censored?,Cutoff Time Used,Seed,Runtime,Run Length,Run Result Code,Run Quality,SMAC Iteration,SMAC Cumulative Runtime,Run Result,Additional Algorithm Run Data,Wall Clock Time,
1,1,17,1802.90732694,0,2000.0,-1,1802.90732694,0.0,2,0.0,0,1802.90732694,UNSAT,,1803.104,
2,1,159,145.101759911,0,2000.0,-1,145.101759911,0.0,2,0.0,1,1948.0090868510001,UNSAT,,145.275,
3,2,17,1802.297755,0,2000.0,-1,1802.297755,0.0,2,0.0,1,3750.306841851,UNSAT,,1802.342,
4,2,159,175.496914148,0,190.42863174189927,-1,175.496914148,0.0,2,0.0,1,3925.8037559990003,UNSAT,,175.532,
5,1,49,370.611531973,0,2000.0,-1,370.611531973,0.0,1,0.0,1,4296.415287972,SAT,,370.656,
6,3,49,187.990893126,0,482.79759268124695,-1,187.990893126,0.0,1,0.0,1,4484.406181098,SAT,,188.053,
7,3,17,1802.87618613,0,2000.0,-1,1802.87618613,0.0,2,0.0,1,6287.282367228,UNSAT,,1802.936,
8,3,159,1802.44373393,0,427.08480189402695,-1,1802.44373393,0.0,2,0.0,1,8089.726101158,UNSAT,,1802.512,
