Run Number,Run History Configuration ID,Instance ID,Response Value (y),Censored?,Cutoff Time Used,Seed,Runtime,Run Length,Run Result Code,Run Quality,SMAC Iteration,SMAC Cumulative Runtime,Run Result,Additional Algorithm Run Data,Wall Clock Time,
1,1,110,8.50180101395,0,2000.0,-1,8.50180101395,0.0,1,0.0,0,8.50180101395,SAT,,8.652,
2,1,139,4.44375896454,0,2000.0,-1,4.44375896454,0.0,1,0.0,1,12.94555997849,SAT,,4.557,
3,2,139,5.18510103226,0,6.779487140822411,-1,5.18510103226,0.0,1,0.0,1,18.13066101075,SAT,,5.209,
4,1,106,3.54873299599,0,2000.0,-1,3.54873299599,0.0,1,0.0,1,21.67939400674,SAT,,3.57,
5,3,106,49.5240721703,0,5.615953158932924,-1,49.5240721703,0.0,1,0.0,1,71.20346617704,SAT,,49.547,
