Run Number,Run History Configuration ID,Instance ID,Response Value (y),Censored?,Cutoff Time Used,Seed,Runtime,Run Length,Run Result Code,Run Quality,SMAC Iteration,SMAC Cumulative Runtime,Run Result,Additional Algorithm Run Data,Wall Clock Time,
1,1,518,900.0,0,900.0,-1,90000.0,0.0,-1,1.0E9,0,90000.0,CRASHED,,5.308,
2,1,202,900.0,0,900.0,-1,90000.0,0.0,-1,1.0E9,1,180000.0,CRASHED,,129.261,
3,2,202,900.0,0,900.0,-1,90000.0,0.0,0,0.0,1,270000.0,TIMEOUT,,1883.855,
4,2,518,900.0,0,900.0,-1,90000.0,0.0,0,0.0,1,360000.0,TIMEOUT,,1881.925,
5,1,9,900.0,0,900.0,-1,90000.0,0.0,-1,1.0E9,1,450000.0,CRASHED,,8.999,
6,3,518,900.0,0,900.0,-1,90000.0,0.0,0,0.0,1,540000.0,TIMEOUT,,1881.963,
7,3,9,288.208307981,0,900.0,-1,288.208307981,0.0,1,0.0,1,540288.208307981,SAT,,288.253,
8,3,202,595.595317125,0,900.0,-1,595.595317125,0.0,1,0.0,1,540883.803625106,SAT,,595.635,
