Run Number,Run History Configuration ID,Instance ID,Response Value (y),Censored?,Cutoff Time Used,Seed,Runtime,Run Length,Run Result Code,Run Quality,SMAC Iteration,SMAC Cumulative Runtime,Run Result,Additional Algorithm Run Data,Wall Clock Time,
1,1,125,1000.0,0,1000.0,-1,90000.0,0.0,0,0.0,0,90000.0,TIMEOUT,,1882.23,
2,1,121,1000.0,0,1000.0,-1,90000.0,0.0,-1,1.0E9,1,180000.0,CRASHED,,4.592,
3,2,121,3.47214007378,0,1000.0,-1,3.47214007378,0.0,1,0.0,1,180003.47214007378,SAT,,3.496,
4,2,125,1000.0,0,1000.0,-1,90000.0,0.0,0,0.0,1,270003.4721400738,TIMEOUT,,1881.805,
5,2,63,3.15485215187,0,1000.0,-1,3.15485215187,0.0,1,0.0,1,270006.62699222565,SAT,,3.202,
6,3,63,1000.0,0,5.10390846838355,-1,90000.0,0.0,-1,1.0E9,1,360006.62699222565,CRASHED,,3.623,
