Run Number,Run History Configuration ID,Instance ID,Response Value (y),Censored?,Cutoff Time Used,Seed,Runtime,Run Length,Run Result Code,Run Quality,SMAC Iteration,SMAC Cumulative Runtime,Run Result,Additional Algorithm Run Data,Wall Clock Time,
1,1,68,8.80655884743,0,1000.0,-1,8.80655884743,0.0,1,0.0,0,8.80655884743,SAT,,8.953,
2,1,67,1000.0,0,1000.0,-1,90000.0,0.0,-1,1.0E9,1,90008.80655884743,CRASHED,,12.694,
3,2,67,1000.0,0,1000.0,-1,90000.0,0.0,0,0.0,1,180008.80655884743,TIMEOUT,,1882.305,
4,2,68,5.75477004051,0,12.452427659529448,-1,5.75477004051,0.0,1,0.0,1,180014.56132888794,SAT,,5.784,
5,2,97,1000.0,0,1000.0,-1,90000.0,0.0,0,0.0,1,270014.56132888794,TIMEOUT,,1881.638,
6,3,67,1000.0,0,1000.0,-1,90000.0,0.0,0,0.0,1,360014.56132888794,TIMEOUT,,1881.95,
7,3,97,1000.0,0,1000.0,-1,90000.0,0.0,0,0.0,1,450014.56132888794,TIMEOUT,,1881.754,
8,3,68,5.67541503906,0,8.486401651400328,-1,5.67541503906,0.0,1,0.0,1,450020.236743927,SAT,,5.725,
