Run Number,Run History Configuration ID,Instance ID,Response Value (y),Censored?,Cutoff Time Used,Seed,Runtime,Run Length,Run Result Code,Run Quality,SMAC Iteration,SMAC Cumulative Runtime,Run Result,Additional Algorithm Run Data,Wall Clock Time,
1,1,97,1000.0,0,1000.0,-1,90000.0,0.0,0,0.0,0,90000.0,TIMEOUT,,1882.148,
2,1,96,1000.0,0,1000.0,-1,90000.0,0.0,-1,1.0E9,1,180000.0,CRASHED,,5.007,
3,2,96,881.744505167,0,1000.0,-1,881.744505167,0.0,1,0.0,1,180881.744505167,SAT,,881.939,
4,2,97,1000.0,0,1000.0,-1,90000.0,0.0,0,0.0,1,270881.744505167,TIMEOUT,,1881.755,
5,2,91,1000.0,0,1000.0,-1,90000.0,0.0,0,0.0,1,360881.744505167,TIMEOUT,,1881.659,
6,3,96,1000.0,0,1000.0,-1,90000.0,0.0,-1,1.0E9,1,450881.744505167,CRASHED,,5.133,
