Run Number,Run History Configuration ID,Instance ID,Response Value (y),Censored?,Cutoff Time Used,Seed,Runtime,Run Length,Run Result Code,Run Quality,SMAC Iteration,SMAC Cumulative Runtime,Run Result,Additional Algorithm Run Data,Wall Clock Time,
1,1,5,7.04732894897,0,2000.0,-1,7.04732894897,0.0,2,0.0,0,7.04732894897,UNSAT,,7.215,
2,1,117,4.07950901985,0,2000.0,-1,4.07950901985,0.0,1,0.0,1,11.126837968819999,SAT,,4.125,
3,2,5,5.59079098701,0,10.164128139960766,-1,5.59079098701,0.0,2,0.0,1,16.717628955829998,UNSAT,,5.63,
4,2,117,5.37235307693,0,8.200761478739977,-1,5.37235307693,0.0,1,0.0,1,22.08998203276,SAT,,5.395,
5,2,82,1810.6697619,0,2000.0,-1,1810.6697619,0.0,1,0.0,1,1832.7597439327599,SAT,,1810.699,
6,3,82,49.8400959969,0,2000.0,-1,49.8400959969,0.0,1,0.0,1,1882.5998399296598,SAT,,49.915,
7,3,117,6.16119408607,0,2000.0,-1,6.16119408607,0.0,1,0.0,1,1888.7610340157298,SAT,,6.207,
8,3,5,6.64721608162,0,2000.0,-1,6.64721608162,0.0,2,0.0,1,1895.4082500973498,UNSAT,,6.685,
