Run Number,Run History Configuration ID,Instance ID,Response Value (y),Censored?,Cutoff Time Used,Seed,Runtime,Run Length,Run Result Code,Run Quality,SMAC Iteration,SMAC Cumulative Runtime,Run Result,Additional Algorithm Run Data,Wall Clock Time,
1,1,19,2000.0,0,2000.0,-1,90000.0,0.0,-1,1.0E9,0,90000.0,CRASHED,,28.745,
2,1,194,2000.0,0,2000.0,-1,90000.0,0.0,-1,1.0E9,1,180000.0,CRASHED,,10.061,
3,2,19,633.698861122,0,2000.0,-1,633.698861122,0.0,1,0.0,1,180633.698861122,SAT,,633.757,
4,2,194,2000.0,0,2000.0,-1,90000.0,0.0,0,0.0,1,270633.698861122,TIMEOUT,,1883.021,
5,2,44,2000.0,0,2000.0,-1,90000.0,0.0,0,0.0,1,360633.698861122,TIMEOUT,,1882.152,
6,3,194,2000.0,0,2000.0,-1,90000.0,0.0,0,0.0,1,450633.698861122,TIMEOUT,,1882.313,
7,3,44,2000.0,0,2000.0,-1,90000.0,0.0,0,0.0,1,540633.698861122,TIMEOUT,,1882.218,
8,3,19,280.768885851,0,824.813720386821,-1,280.768885851,0.0,1,0.0,1,540914.467746973,SAT,,280.822,
