Run Number,Run History Configuration ID,Instance ID,Response Value (y),Censored?,Cutoff Time Used,Seed,Runtime,Run Length,Run Result Code,Run Quality,SMAC Iteration,SMAC Cumulative Runtime,Run Result,Additional Algorithm Run Data,Wall Clock Time,
1,1,1556,2360.65325403,0,2000.0,-1,2360.65325403,0.0,1,0.0,0,2360.65325403,SAT,,2363.649,
2,1,891,38.789935112,0,2000.0,-1,38.789935112,0.0,1,0.0,1,2399.443189142,SAT,,39.223,
3,2,1556,2540.97245002,0,2000.0,-1,2540.97245002,0.0,1,0.0,1,4940.415639162,SAT,,2541.92,
4,1,2433,1878.6033771,0,2000.0,-1,1878.6033771,0.0,1,0.0,1,6819.019016262,SAT,,1879.27,
5,3,891,35.1299111843,0,51.429516345608235,-1,35.1299111843,0.0,1,0.0,1,6854.1489274463,SAT,,36.537,
6,3,2433,1875.3752718,0,2000.0,-1,1875.3752718,0.0,1,0.0,1,8729.5241992463,SAT,,1875.589,
7,3,1556,2519.29665709,0,2000.0,-1,2519.29665709,0.0,1,0.0,1,11248.8208563363,SAT,,2519.74,
