Run Number,Run History Configuration ID,Instance ID,Response Value (y),Censored?,Cutoff Time Used,Seed,Runtime,Run Length,Run Result Code,Run Quality,SMAC Iteration,SMAC Cumulative Runtime,Run Result,Additional Algorithm Run Data,Wall Clock Time,
1,1,1556,490.91466713,0,2000.0,-1,490.91466713,0.0,1,0.0,0,490.91466713,SAT,,491.639,
2,1,891,8.17978715897,0,2000.0,-1,8.17978715897,0.0,1,0.0,1,499.09445428897,SAT,,8.36,
3,2,1556,300.973886967,0,639.1916674453497,-1,300.973886967,0.0,1,0.0,1,800.0683412559699,SAT,,301.04,
4,2,891,7.77419185638,0,258.560637746352,-1,7.77419185638,0.0,1,0.0,1,807.8425331123499,SAT,,7.851,
5,2,2433,342.640100956,0,2000.0,-1,342.640100956,0.0,1,0.0,1,1150.4826340683499,SAT,,342.768,
6,3,891,8.9152610302,0,11.109049793678523,-1,8.9152610302,0.0,1,0.0,1,1159.39789509855,SAT,,8.992,
