Run Number,Run History Configuration ID,Instance ID,Response Value (y),Censored?,Cutoff Time Used,Seed,Runtime,Run Length,Run Result Code,Run Quality,SMAC Iteration,SMAC Cumulative Runtime,Run Result,Additional Algorithm Run Data,Wall Clock Time,
1,1,9,1000.0,0,1000.0,-1,90000.0,0.0,-1,1.0E9,0,90000.0,CRASHED,,13.607,
2,1,63,1000.0,0,1000.0,-1,90000.0,0.0,-1,1.0E9,1,180000.0,CRASHED,,6.502,
3,2,63,1000.0,0,1000.0,-1,90000.0,0.0,0,0.0,1,270000.0,TIMEOUT,,1881.786,
4,2,9,1000.0,0,1000.0,-1,90000.0,0.0,0,0.0,1,360000.0,TIMEOUT,,1881.791,
5,1,30,1000.0,0,1000.0,-1,90000.0,0.0,-1,1.0E9,1,450000.0,CRASHED,,9.234,
6,3,30,1000.0,0,1000.0,-1,90000.0,0.0,0,0.0,1,540000.0,TIMEOUT,,1881.864,
7,3,63,6.88950109482,0,1000.0,-1,6.88950109482,0.0,1,0.0,1,540006.8895010948,SAT,,6.939,
8,3,9,5.07601690292,0,1000.0,-1,5.07601690292,0.0,1,0.0,1,540011.9655179977,SAT,,5.104,
