Run Number,Run History Configuration ID,Instance ID,Response Value (y),Censored?,Cutoff Time Used,Seed,Runtime,Run Length,Run Result Code,Run Quality,SMAC Iteration,SMAC Cumulative Runtime,Run Result,Additional Algorithm Run Data,Wall Clock Time,
1,1,2559,1347.08508396,0,2000.0,-1,1347.08508396,0.0,1,0.0,0,1347.08508396,SAT,,1347.437,
2,1,1471,673.792834044,0,2000.0,-1,673.792834044,0.0,1,0.0,1,2020.877918004,SAT,,673.887,
3,2,1471,653.198922873,0,876.9332850243628,-1,653.198922873,0.0,1,0.0,1,2674.076840877,SAT,,653.293,
4,2,2559,1048.13087511,0,1778.986594442624,-1,1048.13087511,0.0,1,0.0,1,3722.207715987,SAT,,1048.195,
5,2,1763,727.991434813,0,2000.0,-1,727.991434813,0.0,1,0.0,1,4450.1991508,SAT,,728.091,
6,3,1763,2251.63899088,0,947.3914654817164,-1,2251.63899088,0.0,1,0.0,1,6701.83814168,SAT,,2251.752,
