Run Number,Run History Configuration ID,Instance ID,Response Value (y),Censored?,Cutoff Time Used,Seed,Runtime,Run Length,Run Result Code,Run Quality,SMAC Iteration,SMAC Cumulative Runtime,Run Result,Additional Algorithm Run Data,Wall Clock Time,
1,1,82,1000.0,0,1000.0,-1,90000.0,0.0,-1,1.0E9,0,90000.0,CRASHED,,7.644,
2,1,90,1000.0,0,1000.0,-1,90000.0,0.0,-1,1.0E9,1,180000.0,CRASHED,,15.665,
3,2,82,4.24994802475,0,1000.0,-1,4.24994802475,0.0,1,0.0,1,180004.24994802475,SAT,,4.289,
4,2,90,4.45882606506,0,1000.0,-1,4.45882606506,0.0,1,0.0,1,180008.7087740898,SAT,,4.499,
5,2,128,1000.0,0,1000.0,-1,90000.0,0.0,0,0.0,1,270008.7087740898,TIMEOUT,,1881.782,
6,3,82,1000.0,0,6.527532812553645,-1,90000.0,0.0,-1,1.0E9,1,360008.7087740898,CRASHED,,68.704,
