Run Number,Run History Configuration ID,Instance ID,Response Value (y),Censored?,Cutoff Time Used,Seed,Runtime,Run Length,Run Result Code,Run Quality,SMAC Iteration,SMAC Cumulative Runtime,Run Result,Additional Algorithm Run Data,Wall Clock Time,
1,1,515,900.0,0,900.0,-1,90000.0,0.0,-1,1.0E9,0,90000.0,CRASHED,,5.154,
2,1,7,900.0,0,900.0,-1,90000.0,0.0,-1,1.0E9,1,180000.0,CRASHED,,11.008,
3,2,7,25.4400589466,0,900.0,-1,25.4400589466,0.0,1,0.0,1,180025.4400589466,SAT,,25.504,
4,2,515,900.0,0,900.0,-1,90000.0,0.0,0,0.0,1,270025.4400589466,TIMEOUT,,1882.077,
5,2,442,900.0,0,900.0,-1,90000.0,0.0,0,0.0,1,360025.4400589466,TIMEOUT,,1882.029,
6,3,442,900.0,0,900.0,-1,90000.0,0.0,-1,1.0E9,1,450025.4400589466,CRASHED,,6.133,
7,3,7,900.0,0,900.0,-1,90000.0,0.0,-1,1.0E9,1,540025.4400589466,CRASHED,,13.813,
8,3,515,900.0,0,34.077276967811585,-1,90000.0,0.0,-1,1.0E9,1,630025.4400589466,CRASHED,,5.456,
