Run Number,Run History Configuration ID,Instance ID,Response Value (y),Censored?,Cutoff Time Used,Seed,Runtime,Run Length,Run Result Code,Run Quality,SMAC Iteration,SMAC Cumulative Runtime,Run Result,Additional Algorithm Run Data,Wall Clock Time,
1,1,395,900.0,0,900.0,-1,90000.0,0.0,-1,1.0E9,0,90000.0,CRASHED,,5.18,
2,1,117,900.0,0,900.0,-1,90000.0,0.0,-1,1.0E9,1,180000.0,CRASHED,,103.769,
3,2,117,900.0,0,900.0,-1,90000.0,0.0,0,0.0,1,270000.0,TIMEOUT,,1883.025,
4,2,395,881.885904074,0,900.0,-1,881.885904074,0.0,1,0.0,1,270881.885904074,SAT,,881.916,
5,2,421,4.44991016388,0,900.0,-1,4.44991016388,0.0,1,0.0,1,270886.3358142379,SAT,,4.512,
6,3,117,900.0,0,900.0,-1,90000.0,0.0,-1,1.0E9,1,360886.3358142379,CRASHED,,210.322,
7,3,421,900.0,0,900.0,-1,90000.0,0.0,-1,1.0E9,1,450886.3358142379,CRASHED,,5.267,
