Run Number,Run History Configuration ID,Instance ID,Response Value (y),Censored?,Cutoff Time Used,Seed,Runtime,Run Length,Run Result Code,Run Quality,SMAC Iteration,SMAC Cumulative Runtime,Run Result,Additional Algorithm Run Data,Wall Clock Time,
1,1,2454,59.3681271076,0,2000.0,-1,59.3681271076,0.0,1,0.0,0,59.3681271076,SAT,,59.869,
2,1,1613,723.696072817,0,2000.0,-1,723.696072817,0.0,1,0.0,1,783.0641999246,SAT,,723.772,
3,2,1613,1816.70764303,0,941.8074946742237,-1,1816.70764303,0.0,1,0.0,1,2599.7718429546003,SAT,,1816.796,
4,1,1997,613.702247143,0,2000.0,-1,613.702247143,0.0,1,0.0,1,3213.4740900976003,SAT,,613.753,
5,3,1613,832.202173948,0,941.8074946742237,-1,832.202173948,0.0,1,0.0,1,4045.6762640456004,SAT,,832.285,
6,1,1193,134.234217882,0,2000.0,-1,134.234217882,0.0,1,0.0,2,4179.910481927601,SAT,,134.288,
7,4,1613,1817.804492,0,941.8074946742237,-1,1817.804492,0.0,1,0.0,2,5997.714973927601,SAT,,1817.864,
8,1,1110,5.59116411209,0,2000.0,-1,5.59116411209,0.0,1,0.0,2,6003.306138039691,SAT,,5.814,
9,5,1613,1851.16174698,0,941.8074946742237,-1,1851.16174698,0.0,1,0.0,2,7854.4678850196915,SAT,,1851.252,
