Run Number,Run History Configuration ID,Instance ID,Response Value (y),Censored?,Cutoff Time Used,Seed,Runtime,Run Length,Run Result Code,Run Quality,SMAC Iteration,SMAC Cumulative Runtime,Run Result,Additional Algorithm Run Data,Wall Clock Time,
1,1,381,900.0,0,900.0,-1,90000.0,0.0,-1,1.0E9,0,90000.0,CRASHED,,6.267,
2,1,406,900.0,0,900.0,-1,90000.0,0.0,-1,1.0E9,1,180000.0,CRASHED,,5.575,
3,2,381,4.14159107208,0,900.0,-1,4.14159107208,0.0,1,0.0,1,180004.14159107208,SAT,,4.174,
4,2,406,900.0,0,900.0,-1,90000.0,0.0,0,0.0,1,270004.1415910721,TIMEOUT,,1881.912,
5,2,444,900.0,0,900.0,-1,90000.0,0.0,0,0.0,1,360004.1415910721,TIMEOUT,,1881.927,
6,3,444,900.0,0,900.0,-1,90000.0,0.0,0,0.0,1,450004.1415910721,TIMEOUT,,1881.949,
7,3,406,900.0,0,900.0,-1,90000.0,0.0,0,0.0,1,540004.1415910721,TIMEOUT,,1882.021,
8,3,381,900.0,0,6.389268663126231,-1,64.85555000000001,0.0,-1,1.0E9,1,540068.9971410721,CRASHED,Run Exceeded Captime -- Treating as CRASHED;Killed Manually,68.269,
