Run Number,Run History Configuration ID,Instance ID,Response Value (y),Censored?,Cutoff Time Used,Seed,Runtime,Run Length,Run Result Code,Run Quality,SMAC Iteration,SMAC Cumulative Runtime,Run Result,Additional Algorithm Run Data,Wall Clock Time,
1,1,51,257.457942963,0,2000.0,-1,257.457942963,0.0,1,0.0,0,257.457942963,SAT,,257.685,
2,1,254,1803.62160516,0,2000.0,-1,1803.62160516,0.0,1,0.0,1,2061.0795481229998,SAT,,1803.764,
3,2,51,1801.78768301,0,335.697927035737,-1,1801.78768301,0.0,1,0.0,1,3862.8672311329997,SAT,,1801.871,
4,1,131,46.199409008,0,2000.0,-1,46.199409008,0.0,2,0.0,1,3909.066640141,UNSAT,,46.349,
5,3,51,340.003117085,0,335.697927035737,-1,340.003117085,0.0,1,0.0,1,4249.069757226,SAT,,340.057,
