Run Number,Run History Configuration ID,Instance ID,Response Value (y),Censored?,Cutoff Time Used,Seed,Runtime,Run Length,Run Result Code,Run Quality,SMAC Iteration,SMAC Cumulative Runtime,Run Result,Additional Algorithm Run Data,Wall Clock Time,
1,1,246,1804.23422313,0,2000.0,-1,1804.23422313,0.0,1,0.0,0,1804.23422313,SAT,,1804.514,
2,1,59,1802.95440102,0,2000.0,-1,1802.95440102,0.0,1,0.0,1,3607.1886241499997,SAT,,1803.055,
3,2,246,1803.23891497,0,2000.0,-1,1803.23891497,0.0,1,0.0,1,5410.42753912,SAT,,1803.284,
4,2,59,1802.04309893,0,2000.0,-1,1802.04309893,0.0,1,0.0,1,7212.47063805,SAT,,1802.112,
5,2,114,1801.93838406,0,2000.0,-1,1801.93838406,0.0,2,0.0,1,9014.40902211,UNSAT,,1801.969,
6,3,246,112.487259865,0,2000.0,-1,112.487259865,0.0,1,0.0,1,9126.896281975,SAT,,112.514,
7,3,114,1044.85081005,0,2000.0,-1,1044.85081005,0.0,2,0.0,1,10171.747092025,UNSAT,,1044.963,
8,3,59,1802.253093,0,2000.0,-1,1802.253093,0.0,1,0.0,1,11974.000185025,SAT,,1802.344,
