Run Number,Run History Configuration ID,Instance ID,Response Value (y),Censored?,Cutoff Time Used,Seed,Runtime,Run Length,Run Result Code,Run Quality,SMAC Iteration,SMAC Cumulative Runtime,Run Result,Additional Algorithm Run Data,Wall Clock Time,
1,1,1108,7.33129405975,0,2000.0,-1,7.33129405975,0.0,1,0.0,0,7.33129405975,SAT,,7.719,
2,1,501,117.280716896,0,2000.0,-1,117.280716896,0.0,1,0.0,1,124.61201095575001,SAT,,117.375,
3,2,1108,5.65972995758,0,10.533282522457839,-1,5.65972995758,0.0,1,0.0,1,130.27174091333,SAT,,5.72,
4,2,501,11.7575569153,0,155.6418657194555,-1,11.7575569153,0.0,1,0.0,1,142.02929782863,SAT,,11.793,
5,2,1390,1871.88537097,0,2000.0,-1,1871.88537097,0.0,1,0.0,1,2013.91466879863,SAT,,1871.992,
6,3,501,2000.0,0,16.287424777048827,-1,163.5691,0.0,-1,1.0E9,1,2177.48376879863,CRASHED,Run Exceeded Captime -- Treating as CRASHED;Killed Manually,172.178,
