Run Number,Run History Configuration ID,Instance ID,Response Value (y),Censored?,Cutoff Time Used,Seed,Runtime,Run Length,Run Result Code,Run Quality,SMAC Iteration,SMAC Cumulative Runtime,Run Result,Additional Algorithm Run Data,Wall Clock Time,
1,1,70,1000.0,0,1000.0,-1,90000.0,0.0,-1,1.0E9,0,90000.0,CRASHED,,7.751,
2,1,27,1000.0,0,1000.0,-1,90000.0,0.0,-1,1.0E9,1,180000.0,CRASHED,,5.985,
3,2,27,6.13767910004,0,1000.0,-1,6.13767910004,0.0,1,0.0,1,180006.13767910004,SAT,,6.164,
4,2,70,4.97231602669,0,1000.0,-1,4.97231602669,0.0,1,0.0,1,180011.10999512672,SAT,,5.018,
5,2,130,3.54964208603,0,1000.0,-1,3.54964208603,0.0,1,0.0,1,180014.65963721275,SAT,,3.572,
6,3,70,1000.0,0,7.466611534702778,-1,90000.0,0.0,-1,1.0E9,1,270014.65963721275,CRASHED,,10.659,
