Run Number,Run History Configuration ID,Instance ID,Response Value (y),Censored?,Cutoff Time Used,Seed,Runtime,Run Length,Run Result Code,Run Quality,SMAC Iteration,SMAC Cumulative Runtime,Run Result,Additional Algorithm Run Data,Wall Clock Time,
1,1,246,900.0,0,900.0,-1,90000.0,0.0,-1,1.0E9,0,90000.0,CRASHED,,177.818,
2,1,213,900.0,0,900.0,-1,90000.0,0.0,-1,1.0E9,1,180000.0,CRASHED,,174.323,
3,2,246,119.215123892,0,900.0,-1,119.215123892,0.0,1,0.0,1,180119.215123892,SAT,,119.263,
4,2,213,515.657518864,0,900.0,-1,515.657518864,0.0,1,0.0,1,180634.872642756,SAT,,515.694,
5,2,310,5.39574503899,0,900.0,-1,5.39574503899,0.0,1,0.0,1,180640.268387795,SAT,,5.433,
6,3,310,5.93070793152,0,8.017068960118294,-1,5.93070793152,0.0,1,0.0,1,180646.1990957265,SAT,,5.965,
