Run Number,Run History Configuration ID,Instance ID,Response Value (y),Censored?,Cutoff Time Used,Seed,Runtime,Run Length,Run Result Code,Run Quality,SMAC Iteration,SMAC Cumulative Runtime,Run Result,Additional Algorithm Run Data,Wall Clock Time,
1,1,7,268.959604025,0,2000.0,-1,268.959604025,0.0,2,0.0,0,268.959604025,UNSAT,,269.206,
2,1,5,468.241736174,0,2000.0,-1,468.241736174,0.0,2,0.0,1,737.201340199,UNSAT,,468.305,
3,2,5,1802.48522902,0,609.7168574932695,-1,1802.48522902,0.0,2,0.0,1,2539.686569219,UNSAT,,1802.593,
4,1,73,237.724215031,0,2000.0,-1,237.724215031,0.0,2,0.0,1,2777.41078425,UNSAT,,237.767,
5,3,7,92.3618860245,0,350.65008577738996,-1,92.3618860245,0.0,2,0.0,1,2869.7726702745,UNSAT,,92.413,
6,3,73,1802.08914495,0,1148.3379709426044,-1,1802.08914495,0.0,2,0.0,1,4671.8618152245,UNSAT,,1802.187,
