Run Number,Run History Configuration ID,Instance ID,Response Value (y),Censored?,Cutoff Time Used,Seed,Runtime,Run Length,Run Result Code,Run Quality,SMAC Iteration,SMAC Cumulative Runtime,Run Result,Additional Algorithm Run Data,Wall Clock Time,
1,1,485,900.0,0,900.0,-1,90000.0,0.0,-1,1.0E9,0,90000.0,CRASHED,,5.767,
2,1,460,900.0,0,900.0,-1,90000.0,0.0,-1,1.0E9,1,180000.0,CRASHED,,7.849,
3,2,460,900.0,0,900.0,-1,90000.0,0.0,0,0.0,1,270000.0,TIMEOUT,,1881.949,
4,2,485,4.88974285126,0,900.0,-1,4.88974285126,0.0,1,0.0,1,270004.88974285126,SAT,,4.929,
5,2,350,5.13188004494,0,900.0,-1,5.13188004494,0.0,1,0.0,1,270010.0216228962,SAT,,5.157,
6,3,460,882.032397032,0,900.0,-1,882.032397032,0.0,1,0.0,1,270892.0540199282,SAT,,882.075,
7,3,485,4.07566809654,0,900.0,-1,4.07566809654,0.0,1,0.0,1,270896.12968802475,SAT,,4.097,
8,3,350,5.48498296738,0,900.0,-1,5.48498296738,0.0,1,0.0,1,270901.61467099213,SAT,,5.505,
