Run Number,Run History Configuration ID,Instance ID,Response Value (y),Censored?,Cutoff Time Used,Seed,Runtime,Run Length,Run Result Code,Run Quality,SMAC Iteration,SMAC Cumulative Runtime,Run Result,Additional Algorithm Run Data,Wall Clock Time,
1,1,65,1000.0,0,1000.0,-1,90000.0,0.0,-1,1.0E9,0,90000.0,CRASHED,,6.136,
2,1,60,1000.0,0,1000.0,-1,90000.0,0.0,-1,1.0E9,1,180000.0,CRASHED,,5.009,
3,2,65,5.89551401138,0,1000.0,-1,5.89551401138,0.0,1,0.0,1,180005.89551401138,SAT,,5.941,
4,2,60,5.12577199936,0,1000.0,-1,5.12577199936,0.0,1,0.0,1,180011.02128601074,SAT,,5.149,
5,2,24,5.34697318077,0,1000.0,-1,5.34697318077,0.0,1,0.0,1,180016.3682591915,SAT,,5.389,
6,3,24,1000.0,0,7.9536657672107225,-1,80.36429999999999,0.0,-1,1.0E9,1,180096.7325591915,CRASHED,Run Exceeded Captime -- Treating as CRASHED;Killed Manually,84.594,
