Run Number,Run History Configuration ID,Instance ID,Response Value (y),Censored?,Cutoff Time Used,Seed,Runtime,Run Length,Run Result Code,Run Quality,SMAC Iteration,SMAC Cumulative Runtime,Run Result,Additional Algorithm Run Data,Wall Clock Time,
1,1,118,4.09939694405,0,2000.0,-1,4.09939694405,0.0,1,0.0,0,4.09939694405,SAT,,4.238,
2,1,38,4.12799692154,0,2000.0,-1,4.12799692154,0.0,1,0.0,1,8.22739386559,SAT,,4.153,
3,2,118,6.53216791153,0,6.331816397953034,-1,6.53216791153,0.0,1,0.0,1,14.759561777120002,SAT,,6.562,
4,1,126,3.68307995796,0,2000.0,-1,3.68307995796,0.0,1,0.0,1,18.442641735080002,SAT,,3.706,
5,3,126,11.6703829765,0,5.7906042676150795,-1,11.6703829765,0.0,1,0.0,1,30.113024711580003,SAT,,11.711,
6,1,42,10.7804460526,0,2000.0,-1,10.7804460526,0.0,1,0.0,2,40.89347076418,SAT,,10.812,
7,4,42,10.914110899,0,15.017180413353444,-1,10.914110899,0.0,1,0.0,2,51.80758166318,SAT,,10.934,
8,1,2,352.644237041,0,2000.0,-1,352.644237041,0.0,2,0.0,2,404.45181870418,UNSAT,,352.686,
9,5,38,4.2614428997,0,6.368996378380061,-1,4.2614428997,0.0,1,0.0,2,408.71326160388,SAT,,4.285,
