Run Number,Run History Configuration ID,Instance ID,Response Value (y),Censored?,Cutoff Time Used,Seed,Runtime,Run Length,Run Result Code,Run Quality,SMAC Iteration,SMAC Cumulative Runtime,Run Result,Additional Algorithm Run Data,Wall Clock Time,
1,1,35,1000.0,0,1000.0,-1,90000.0,0.0,-1,1.0E9,0,90000.0,CRASHED,,5.216,
2,1,48,1000.0,0,1000.0,-1,90000.0,0.0,-1,1.0E9,1,180000.0,CRASHED,,9.553,
3,2,48,7.98084807396,0,1000.0,-1,7.98084807396,0.0,1,0.0,1,180007.98084807396,SAT,,8.028,
4,2,35,5.40522289276,0,1000.0,-1,5.40522289276,0.0,1,0.0,1,180013.38607096672,SAT,,5.45,
5,2,3,5.38122797012,0,1000.0,-1,5.38122797012,0.0,1,0.0,1,180018.76729893684,SAT,,5.408,
6,3,3,1000.0,0,7.998197235512734,-1,90000.0,0.0,-1,1.0E9,1,270018.76729893684,CRASHED,,17.52,
