Run Number,Run History Configuration ID,Instance ID,Response Value (y),Censored?,Cutoff Time Used,Seed,Runtime,Run Length,Run Result Code,Run Quality,SMAC Iteration,SMAC Cumulative Runtime,Run Result,Additional Algorithm Run Data,Wall Clock Time,
1,1,24,1100.0,0,1100.0,-1,90000.0,0.0,-1,1.0E9,0,90000.0,CRASHED,,360.436,
2,1,80,1100.0,0,1100.0,-1,90000.0,0.0,-1,1.0E9,1,180000.0,CRASHED,,71.739,
3,2,24,46.1524209976,0,1100.0,-1,46.1524209976,0.0,1,0.0,1,180046.1524209976,SAT,,46.203,
4,2,80,1100.0,0,1100.0,-1,90000.0,0.0,0,0.0,1,270046.1524209976,TIMEOUT,,1882.03,
5,2,41,3.79720401764,0,1100.0,-1,3.79720401764,0.0,1,0.0,1,270049.94962501526,SAT,,3.824,
6,3,41,1100.0,0,5.93896545318067,-1,90000.0,0.0,-1,1.0E9,1,360049.94962501526,CRASHED,,7.688,
