Run Number,Run History Configuration ID,Instance ID,Response Value (y),Censored?,Cutoff Time Used,Seed,Runtime,Run Length,Run Result Code,Run Quality,SMAC Iteration,SMAC Cumulative Runtime,Run Result,Additional Algorithm Run Data,Wall Clock Time,
1,1,72,6.81519508362,0,1000.0,-1,6.81519508362,0.0,1,0.0,0,6.81519508362,SAT,,6.963,
2,1,135,1000.0,0,1000.0,-1,90000.0,0.0,-1,1.0E9,1,90006.81519508362,CRASHED,,6.679,
3,2,72,7.8336930275,0,9.862353921282292,-1,7.8336930275,0.0,1,0.0,1,90014.64888811111,SAT,,7.879,
4,1,36,4.13372588158,0,1000.0,-1,4.13372588158,0.0,1,0.0,1,90018.78261399269,SAT,,4.179,
5,3,135,881.528764009,0,1000.0,-1,881.528764009,0.0,1,0.0,1,90900.31137800169,SAT,,881.555,
6,3,36,3.2779738903,0,1000.0,-1,3.2779738903,0.0,1,0.0,1,90903.58935189199,SAT,,3.319,
7,3,72,12.2101790905,0,1000.0,-1,12.2101790905,0.0,1,0.0,1,90915.79953098249,SAT,,12.257,
