Run Number,Run History Configuration ID,Instance ID,Response Value (y),Censored?,Cutoff Time Used,Seed,Runtime,Run Length,Run Result Code,Run Quality,SMAC Iteration,SMAC Cumulative Runtime,Run Result,Additional Algorithm Run Data,Wall Clock Time,
1,1,123,56.5106480122,0,2000.0,-1,56.5106480122,0.0,1,0.0,0,56.5106480122,SAT,,56.634,
2,1,90,4.0919919014,0,2000.0,-1,4.0919919014,0.0,1,0.0,1,60.6026399136,SAT,,4.204,
3,2,123,41.7353518009,0,74.466443609792,-1,41.7353518009,0.0,1,0.0,1,102.33799171449999,SAT,,41.778,
4,2,90,4.50190997124,0,25.531374745416645,-1,4.50190997124,0.0,1,0.0,1,106.83990168573999,SAT,,4.537,
5,2,56,17.9200839996,0,2000.0,-1,17.9200839996,0.0,1,0.0,1,124.75998568533998,SAT,,17.966,
6,3,123,59.1306331158,0,55.25855793465972,-1,59.1306331158,0.0,1,0.0,1,183.89061880114,SAT,,59.177,
