Run Number,Run History Configuration ID,Instance ID,Response Value (y),Censored?,Cutoff Time Used,Seed,Runtime,Run Length,Run Result Code,Run Quality,SMAC Iteration,SMAC Cumulative Runtime,Run Result,Additional Algorithm Run Data,Wall Clock Time,
1,1,92,3.83484005928,0,2000.0,-1,3.83484005928,0.0,1,0.0,0,3.83484005928,SAT,,3.971,
2,1,55,5.00016212463,0,2000.0,-1,5.00016212463,0.0,1,0.0,1,8.83500218391,SAT,,5.029,
3,2,92,3.97175812721,0,5.987892195928096,-1,3.97175812721,0.0,1,0.0,1,12.80676031112,SAT,,4.011,
4,1,94,3.42658996582,0,2000.0,-1,3.42658996582,0.0,1,0.0,1,16.23335027694,SAT,,3.601,
5,3,55,8.19289302826,0,7.502810832458735,-1,8.19289302826,0.0,1,0.0,1,24.426243305200003,SAT,,8.224,
6,1,12,6.729845047,0,2000.0,-1,6.729845047,0.0,2,0.0,1,31.156088352200005,UNSAT,,6.852,
7,2,94,3.56106710434,0,5.280473724353313,-1,3.56106710434,0.0,1,0.0,1,34.717155456540006,SAT,,3.598,
