Run Number,Run History Configuration ID,Instance ID,Response Value (y),Censored?,Cutoff Time Used,Seed,Runtime,Run Length,Run Result Code,Run Quality,SMAC Iteration,SMAC Cumulative Runtime,Run Result,Additional Algorithm Run Data,Wall Clock Time,
1,1,33,1000.0,0,1000.0,-1,90000.0,0.0,-1,1.0E9,0,90000.0,CRASHED,,7.024,
2,1,116,8.30195522308,0,1000.0,-1,8.30195522308,0.0,1,0.0,1,90008.30195522308,SAT,,8.326,
3,2,33,13.8224980831,0,1000.0,-1,13.8224980831,0.0,1,0.0,1,90022.12445330618,SAT,,13.859,
4,2,116,6.83699202538,0,1000.0,-1,6.83699202538,0.0,1,0.0,1,90028.96144533156,SAT,,6.861,
5,2,69,41.1531059742,0,1000.0,-1,41.1531059742,0.0,1,0.0,1,90070.11455130576,SAT,,41.192,
6,3,69,1000.0,0,54.50163799186349,-1,90000.0,0.0,-1,1.0E9,1,180070.11455130577,CRASHED,,4.61,
