Run Number,Run History Configuration ID,Instance ID,Response Value (y),Censored?,Cutoff Time Used,Seed,Runtime,Run Length,Run Result Code,Run Quality,SMAC Iteration,SMAC Cumulative Runtime,Run Result,Additional Algorithm Run Data,Wall Clock Time,
1,1,137,3.40666294098,0,2000.0,-1,3.40666294098,0.0,1,0.0,0,3.40666294098,SAT,,3.524,
2,1,85,7.77072381973,0,2000.0,-1,7.77072381973,0.0,1,0.0,1,11.17738676071,SAT,,7.815,
3,2,85,6.59824585915,0,11.104541074830294,-1,6.59824585915,0.0,1,0.0,1,17.77563261986,SAT,,6.664,
4,2,137,3.17235207558,0,6.956783671277762,-1,3.17235207558,0.0,1,0.0,1,20.947984695440002,SAT,,3.22,
5,2,62,3.26314401627,0,2000.0,-1,3.26314401627,0.0,1,0.0,1,24.211128711710003,SAT,,3.3,
6,3,137,3.58049201965,0,5.126657884913683,-1,3.58049201965,0.0,1,0.0,1,27.791620731360002,SAT,,3.602,
