Run Number,Run History Configuration ID,Instance ID,Response Value (y),Censored?,Cutoff Time Used,Seed,Runtime,Run Length,Run Result Code,Run Quality,SMAC Iteration,SMAC Cumulative Runtime,Run Result,Additional Algorithm Run Data,Wall Clock Time,
1,1,345,900.0,0,900.0,-1,90000.0,0.0,-1,1.0E9,0,90000.0,CRASHED,,6.5,
2,1,384,900.0,0,900.0,-1,90000.0,0.0,-1,1.0E9,1,180000.0,CRASHED,,6.527,
3,2,345,18.6513500214,0,900.0,-1,18.6513500214,0.0,1,0.0,1,180018.6513500214,SAT,,18.754,
4,2,384,900.0,0,900.0,-1,90000.0,0.0,0,0.0,1,270018.65135002136,TIMEOUT,,1881.787,
5,2,199,900.0,0,900.0,-1,90000.0,0.0,0,0.0,1,360018.65135002136,TIMEOUT,,1882.551,
6,3,345,8.14352202415,0,25.249355713251237,-1,8.14352202415,0.0,1,0.0,1,360026.7948720455,SAT,,8.166,
7,3,199,83.5251998901,0,900.0,-1,83.5251998901,0.0,1,0.0,1,360110.3200719356,SAT,,83.568,
8,3,384,900.0,0,900.0,-1,90000.0,0.0,0,0.0,1,450110.3200719356,TIMEOUT,,1881.962,
