Run Number,Run History Configuration ID,Instance ID,Response Value (y),Censored?,Cutoff Time Used,Seed,Runtime,Run Length,Run Result Code,Run Quality,SMAC Iteration,SMAC Cumulative Runtime,Run Result,Additional Algorithm Run Data,Wall Clock Time,
1,1,67,110.850130081,0,2000.0,-1,110.850130081,0.0,2,0.0,0,110.850130081,UNSAT,,111.048,
2,1,160,141.897374868,0,2000.0,-1,141.897374868,0.0,2,0.0,1,252.74750494900002,UNSAT,,141.953,
3,2,67,18.6648049355,0,145.1077695827663,-1,18.6648049355,0.0,2,0.0,1,271.4123098845,UNSAT,,18.722,
4,2,160,1802.12475896,0,305.31141030450465,-1,1802.12475896,0.0,2,0.0,1,2073.5370688445,UNSAT,,1802.155,
5,1,140,26.2537240982,0,2000.0,-1,26.2537240982,0.0,2,0.0,1,2099.7907929427,UNSAT,,26.282,
6,3,67,158.70319891,0,145.1077695827663,-1,158.70319891,0.0,2,0.0,1,2258.4939918527,UNSAT,,158.733,
