Run Number,Run History Configuration ID,Instance ID,Response Value (y),Censored?,Cutoff Time Used,Seed,Runtime,Run Length,Run Result Code,Run Quality,SMAC Iteration,SMAC Cumulative Runtime,Run Result,Additional Algorithm Run Data,Wall Clock Time,
1,1,118,63.0362808704,0,1000.0,-1,63.0362808704,0.0,1,0.0,0,63.0362808704,SAT,,63.124,
2,1,107,9.60477113724,0,1000.0,-1,9.60477113724,0.0,1,0.0,1,72.64105200764,SAT,,9.665,
3,2,107,4.90763092041,0,13.488803420561553,-1,4.90763092041,0.0,1,0.0,1,77.54868292805,SAT,,4.952,
4,2,118,3.69839811325,0,89.05734791268708,-1,3.69839811325,0.0,1,0.0,1,81.24708104129999,SAT,,3.721,
5,2,21,4.59150004387,0,1000.0,-1,4.59150004387,0.0,1,0.0,1,85.83858108516999,SAT,,4.637,
6,3,118,4.67552804947,0,5.8105181794345375,-1,4.67552804947,0.0,1,0.0,1,90.51410913464,SAT,,4.726,
