Run Number,Run History Configuration ID,Instance ID,Response Value (y),Censored?,Cutoff Time Used,Seed,Runtime,Run Length,Run Result Code,Run Quality,SMAC Iteration,SMAC Cumulative Runtime,Run Result,Additional Algorithm Run Data,Wall Clock Time,
1,1,156,1911.25470614,0,2000.0,-1,1911.25470614,0.0,2,0.0,0,1911.25470614,UNSAT,,1911.48,
2,1,62,3.55290293694,0,2000.0,-1,3.55290293694,0.0,1,0.0,1,1914.80760907694,SAT,,3.595,
3,2,156,1159.77811193,0,2000.0,-1,1159.77811193,0.0,2,0.0,1,3074.58572100694,UNSAT,,1159.852,
4,2,62,4.37762999535,0,982.5422463830292,-1,4.37762999535,0.0,1,0.0,1,3078.96335100229,SAT,,4.406,
5,2,53,3.96889805794,0,2000.0,-1,3.96889805794,0.0,1,0.0,1,3082.93224906023,SAT,,4.005,
6,3,53,3.91902899742,0,6.162167981612682,-1,3.91902899742,0.0,1,0.0,1,3086.85127805765,SAT,,3.949,
7,3,62,4.22930192947,0,1514.4724949154736,-1,4.22930192947,0.0,1,0.0,1,3091.0805799871196,SAT,,4.277,
8,3,156,1916.04641318,0,1508.9744028527023,-1,1916.04641318,0.0,2,0.0,1,5007.1269931671195,UNSAT,,1916.084,
