Run Number,Run History Configuration ID,Instance ID,Response Value (y),Censored?,Cutoff Time Used,Seed,Runtime,Run Length,Run Result Code,Run Quality,SMAC Iteration,SMAC Cumulative Runtime,Run Result,Additional Algorithm Run Data,Wall Clock Time,
1,1,43,1000.0,0,1000.0,-1,90000.0,0.0,-1,1.0E9,0,90000.0,CRASHED,,7.16,
2,1,118,4.95343208313,0,1000.0,-1,4.95343208313,0.0,1,0.0,1,90004.95343208313,SAT,,4.99,
3,2,43,6.41479086876,0,1000.0,-1,6.41479086876,0.0,1,0.0,1,90011.36822295189,SAT,,6.459,
4,2,118,3.57076501846,0,1000.0,-1,3.57076501846,0.0,1,0.0,1,90014.93898797035,SAT,,3.605,
5,2,115,5.05764198303,0,1000.0,-1,5.05764198303,0.0,1,0.0,1,90019.99662995338,SAT,,5.079,
6,3,115,16.8199081421,0,7.577535219836236,-1,16.8199081421,0.0,1,0.0,1,90036.81653809549,SAT,,16.848,
