Run Number,Run History Configuration ID,Instance ID,Response Value (y),Censored?,Cutoff Time Used,Seed,Runtime,Run Length,Run Result Code,Run Quality,SMAC Iteration,SMAC Cumulative Runtime,Run Result,Additional Algorithm Run Data,Wall Clock Time,
1,1,7,1000.0,0,1000.0,-1,90000.0,0.0,-1,1.0E9,0,90000.0,CRASHED,,11.471,
2,1,100,1000.0,0,1000.0,-1,90000.0,0.0,-1,1.0E9,1,180000.0,CRASHED,,9.989,
3,2,7,4.65583276749,0,1000.0,-1,4.65583276749,0.0,1,0.0,1,180004.6558327675,SAT,,4.692,
4,2,100,4.45744490623,0,1000.0,-1,4.45744490623,0.0,1,0.0,1,180009.11327767372,SAT,,4.495,
5,2,53,4.58284091949,0,1000.0,-1,4.58284091949,0.0,1,0.0,1,180013.69611859322,SAT,,4.611,
6,3,100,1000.0,0,6.797278661626578,-1,68.4874,0.0,-1,1.0E9,1,180082.18351859323,CRASHED,Run Exceeded Captime -- Treating as CRASHED;Killed Manually,72.092,
