Run Number,Run History Configuration ID,Instance ID,Response Value (y),Censored?,Cutoff Time Used,Seed,Runtime,Run Length,Run Result Code,Run Quality,SMAC Iteration,SMAC Cumulative Runtime,Run Result,Additional Algorithm Run Data,Wall Clock Time,
1,1,122,1000.0,0,1000.0,-1,90000.0,0.0,-1,1.0E9,0,90000.0,CRASHED,,4.631,
2,1,70,1000.0,0,1000.0,-1,90000.0,0.0,-1,1.0E9,1,180000.0,CRASHED,,4.789,
3,2,70,1000.0,0,1000.0,-1,90000.0,0.0,0,0.0,1,270000.0,TIMEOUT,,1881.786,
4,2,122,441.513798952,0,1000.0,-1,441.513798952,0.0,1,0.0,1,270441.513798952,SAT,,441.556,
5,2,20,4.16411209106,0,1000.0,-1,4.16411209106,0.0,1,0.0,1,270445.67791104305,SAT,,4.238,
6,3,70,1000.0,0,1000.0,-1,90000.0,0.0,0,0.0,1,360445.67791104305,TIMEOUT,,1881.537,
7,3,20,3.62434697151,0,580.386485148567,-1,3.62434697151,0.0,1,0.0,1,360449.30225801456,SAT,,3.648,
8,3,122,184.447247028,0,575.6748339984298,-1,184.447247028,0.0,1,0.0,1,360633.74950504256,SAT,,184.469,
