Run Number,Run History Configuration ID,Instance ID,Response Value (y),Censored?,Cutoff Time Used,Seed,Runtime,Run Length,Run Result Code,Run Quality,SMAC Iteration,SMAC Cumulative Runtime,Run Result,Additional Algorithm Run Data,Wall Clock Time,
1,1,159,145.101759911,0,2000.0,-1,145.101759911,0.0,2,0.0,0,145.101759911,UNSAT,,145.275,
2,1,3,1803.09825706,0,2000.0,-1,1803.09825706,0.0,2,0.0,1,1948.200016971,UNSAT,,1803.166,
3,2,159,1801.93982506,0,189.63488898088337,-1,1801.93982506,0.0,2,0.0,1,3750.1398420309997,UNSAT,,1801.981,
4,1,132,57.426035881,0,2000.0,-1,57.426035881,0.0,2,0.0,1,3807.565877912,UNSAT,,57.457,
5,3,132,2000.0,0,75.65644754876494,-1,757.3865499999999,0.0,-1,1.0E9,1,4564.952427912,CRASHED,Run Exceeded Captime -- Treating as CRASHED;Killed Manually,797.249,
