Run Number,Run History Configuration ID,Instance ID,Response Value (y),Censored?,Cutoff Time Used,Seed,Runtime,Run Length,Run Result Code,Run Quality,SMAC Iteration,SMAC Cumulative Runtime,Run Result,Additional Algorithm Run Data,Wall Clock Time,
1,1,40,4.59916615486,0,2000.0,-1,4.59916615486,0.0,1,0.0,0,4.59916615486,SAT,,4.754,
2,1,110,7.10433912277,0,2000.0,-1,7.10433912277,0.0,1,0.0,1,11.70350527763,SAT,,7.144,
3,2,40,6.92192602158,0,6.9815162460982805,-1,6.92192602158,0.0,1,0.0,1,18.62543129921,SAT,,6.964,
4,1,50,3.11656117439,0,2000.0,-1,3.11656117439,0.0,1,0.0,1,21.7419924736,SAT,,3.146,
5,3,40,26.3251619339,0,6.9815162460982805,-1,26.3251619339,0.0,1,0.0,1,48.0671544075,SAT,,26.353,
