Run Number,Run History Configuration ID,Instance ID,Response Value (y),Censored?,Cutoff Time Used,Seed,Runtime,Run Length,Run Result Code,Run Quality,SMAC Iteration,SMAC Cumulative Runtime,Run Result,Additional Algorithm Run Data,Wall Clock Time,
1,1,118,4.09215903282,0,2000.0,-1,4.09215903282,0.0,1,0.0,0,4.09215903282,SAT,,4.235,
2,1,135,3.01246809959,0,2000.0,-1,3.01246809959,0.0,1,0.0,1,7.10462713241,SAT,,3.047,
3,2,118,5.55935287476,0,6.322407897907496,-1,5.55935287476,0.0,1,0.0,1,12.66398000717,SAT,,5.598,
4,1,112,4.94285702705,0,2000.0,-1,4.94285702705,0.0,1,0.0,1,17.60683703422,SAT,,5.072,
5,3,135,3.03337192535,0,4.9188088517367845,-1,3.03337192535,0.0,1,0.0,1,20.64020895957,SAT,,3.057,
