Run Number,Run History Configuration ID,Instance ID,Response Value (y),Censored?,Cutoff Time Used,Seed,Runtime,Run Length,Run Result Code,Run Quality,SMAC Iteration,SMAC Cumulative Runtime,Run Result,Additional Algorithm Run Data,Wall Clock Time,
1,1,20,247.932504892,0,2000.0,-1,247.932504892,0.0,2,0.0,0,247.932504892,UNSAT,,248.155,
2,1,174,89.2172670364,0,2000.0,-1,89.2172670364,0.0,2,0.0,1,337.1497719284,UNSAT,,89.357,
3,2,20,1802.89692092,0,323.3148566338897,-1,1802.89692092,0.0,2,0.0,1,2140.0466928484,UNSAT,,1802.957,
4,1,252,1360.87384391,0,2000.0,-1,1360.87384391,0.0,1,0.0,1,3500.9205367584,SAT,,1360.919,
5,3,20,788.919726849,0,323.3148566338897,-1,788.919726849,0.0,2,0.0,1,4289.8402636074,UNSAT,,788.959,
