Run Number,Run History Configuration ID,Instance ID,Response Value (y),Censored?,Cutoff Time Used,Seed,Runtime,Run Length,Run Result Code,Run Quality,SMAC Iteration,SMAC Cumulative Runtime,Run Result,Additional Algorithm Run Data,Wall Clock Time,
1,1,156,900.0,0,900.0,-1,90000.0,0.0,-1,1.0E9,0,90000.0,CRASHED,,125.181,
2,1,266,900.0,0,900.0,-1,90000.0,0.0,-1,1.0E9,1,180000.0,CRASHED,,142.658,
3,2,266,900.0,0,900.0,-1,90000.0,0.0,0,0.0,1,270000.0,TIMEOUT,,1882.637,
4,2,156,19.6633501053,0,900.0,-1,19.6633501053,0.0,1,0.0,1,270019.6633501053,SAT,,19.694,
5,2,145,19.0939221382,0,900.0,-1,19.0939221382,0.0,1,0.0,1,270038.7572722435,SAT,,19.133,
6,3,145,14.8449120522,0,25.824699353772406,-1,14.8449120522,0.0,1,0.0,1,270053.6021842957,SAT,,15.12,
7,3,156,17.7540869713,0,900.0,-1,17.7540869713,0.0,1,0.0,1,270071.356271267,SAT,,17.786,
8,3,266,146.648630857,0,900.0,-1,146.648630857,0.0,1,0.0,1,270218.004902124,SAT,,146.674,
