Run Number,Run History Configuration ID,Instance ID,Response Value (y),Censored?,Cutoff Time Used,Seed,Runtime,Run Length,Run Result Code,Run Quality,SMAC Iteration,SMAC Cumulative Runtime,Run Result,Additional Algorithm Run Data,Wall Clock Time,
1,1,14,1000.0,0,1000.0,-1,90000.0,0.0,-1,1.0E9,0,90000.0,CRASHED,,5.577,
2,1,105,1000.0,0,1000.0,-1,90000.0,0.0,-1,1.0E9,1,180000.0,CRASHED,,5.46,
3,2,105,1000.0,0,1000.0,-1,90000.0,0.0,0,0.0,1,270000.0,TIMEOUT,,1882.153,
4,2,14,5.5640809536,0,1000.0,-1,5.5640809536,0.0,1,0.0,1,270005.5640809536,SAT,,5.61,
5,2,91,5.69488811493,0,1000.0,-1,5.69488811493,0.0,1,0.0,1,270011.2589690685,SAT,,5.731,
6,3,91,9.52295207977,0,8.405955404388905,-1,9.52295207977,0.0,1,0.0,1,270020.7819211483,SAT,,9.551,
