Run Number,Run History Configuration ID,Instance ID,Response Value (y),Censored?,Cutoff Time Used,Seed,Runtime,Run Length,Run Result Code,Run Quality,SMAC Iteration,SMAC Cumulative Runtime,Run Result,Additional Algorithm Run Data,Wall Clock Time,
1,1,409,900.0,0,900.0,-1,90000.0,0.0,-1,1.0E9,0,90000.0,CRASHED,,6.349,
2,1,195,900.0,0,900.0,-1,90000.0,0.0,-1,1.0E9,1,180000.0,CRASHED,,364.38,
3,2,195,900.0,0,900.0,-1,90000.0,0.0,0,0.0,1,270000.0,TIMEOUT,,1882.946,
4,2,409,4.60640096664,0,900.0,-1,4.60640096664,0.0,1,0.0,1,270004.60640096664,SAT,,4.629,
5,2,365,8.86318898201,0,900.0,-1,8.86318898201,0.0,1,0.0,1,270013.46958994865,SAT,,8.9,
6,3,195,900.0,0,900.0,-1,90000.0,0.0,-1,1.0E9,1,360013.46958994865,CRASHED,,34.624,
7,3,365,900.0,0,18.515667047697306,-1,90000.0,0.0,-1,1.0E9,1,450013.46958994865,CRASHED,,8.721,
