Run Number,Run History Configuration ID,Instance ID,Response Value (y),Censored?,Cutoff Time Used,Seed,Runtime,Run Length,Run Result Code,Run Quality,SMAC Iteration,SMAC Cumulative Runtime,Run Result,Additional Algorithm Run Data,Wall Clock Time,
1,1,80,25.7214989662,0,2000.0,-1,25.7214989662,0.0,2,0.0,0,25.7214989662,UNSAT,,25.862,
2,1,136,24.8390419483,0,2000.0,-1,24.8390419483,0.0,2,0.0,1,50.560540914499995,UNSAT,,24.99,
3,2,136,28.5040149689,0,33.29335459356308,-1,28.5040149689,0.0,2,0.0,1,79.0645558834,UNSAT,,28.529,
4,1,62,117.025490046,0,2000.0,-1,117.025490046,0.0,1,0.0,1,196.0900459294,SAT,,117.225,
5,3,136,156.319190979,0,33.29335459356308,-1,156.319190979,0.0,2,0.0,1,352.4092369084,UNSAT,,156.383,
