Run Number,Run History Configuration ID,Instance ID,Response Value (y),Censored?,Cutoff Time Used,Seed,Runtime,Run Length,Run Result Code,Run Quality,SMAC Iteration,SMAC Cumulative Runtime,Run Result,Additional Algorithm Run Data,Wall Clock Time,
1,1,155,269.136756182,0,2000.0,-1,269.136756182,0.0,2,0.0,0,269.136756182,UNSAT,,269.341,
2,1,35,1466.54605603,0,2000.0,-1,1466.54605603,0.0,2,0.0,1,1735.682812212,UNSAT,,1466.594,
3,2,155,1803.22578812,0,350.88038396869894,-1,1803.22578812,0.0,2,0.0,1,3538.908600332,UNSAT,,1803.352,
4,1,264,15.4198279381,0,2000.0,-1,15.4198279381,0.0,1,0.0,1,3554.3284282700997,SAT,,15.471,
5,3,35,230.791627884,0,1907.5124729316415,-1,230.791627884,0.0,2,0.0,1,3785.1200561540995,UNSAT,,230.839,
6,3,264,21.8115530014,0,1977.4095164503635,-1,21.8115530014,0.0,1,0.0,1,3806.9316091554997,SAT,,21.884,
7,3,155,331.202506781,0,1949.0544971901656,-1,331.202506781,0.0,2,0.0,1,4138.1341159365,UNSAT,,331.241,
