Run Number,Run History Configuration ID,Instance ID,Response Value (y),Censored?,Cutoff Time Used,Seed,Runtime,Run Length,Run Result Code,Run Quality,SMAC Iteration,SMAC Cumulative Runtime,Run Result,Additional Algorithm Run Data,Wall Clock Time,
1,1,1108,6.09559893608,0,2000.0,-1,6.09559893608,0.0,1,0.0,0,6.09559893608,SAT,,6.361,
2,1,2736,659.208633184,0,2000.0,-1,659.208633184,0.0,2,0.0,1,665.30423212008,UNSAT,,659.543,
3,2,1108,4.54104709625,0,8.926879510629178,-1,4.54104709625,0.0,1,0.0,1,669.84527921633,SAT,,4.604,
4,2,2736,1829.46326518,0,859.9960417378426,-1,1829.46326518,0.0,2,0.0,1,2499.30854439633,UNSAT,,1829.509,
5,1,987,10.1472511292,0,2000.0,-1,10.1472511292,0.0,1,0.0,1,2509.45579552553,SAT,,10.203,
6,3,987,11.6865940094,0,14.194026857960225,-1,11.6865940094,0.0,1,0.0,1,2521.14238953493,SAT,,11.763,
