Run Number,Run History Configuration ID,Instance ID,Response Value (y),Censored?,Cutoff Time Used,Seed,Runtime,Run Length,Run Result Code,Run Quality,SMAC Iteration,SMAC Cumulative Runtime,Run Result,Additional Algorithm Run Data,Wall Clock Time,
1,1,8,1000.0,0,1000.0,-1,90000.0,0.0,-1,1.0E9,0,90000.0,CRASHED,,14.232,
2,1,125,1000.0,0,1000.0,-1,90000.0,0.0,0,0.0,1,180000.0,TIMEOUT,,1882.23,
3,2,8,56.3820950985,0,1000.0,-1,56.3820950985,0.0,1,0.0,1,180056.3820950985,SAT,,56.418,
4,2,125,1000.0,0,1000.0,-1,90000.0,0.0,0,0.0,1,270056.3820950985,TIMEOUT,,1881.736,
5,2,105,1000.0,0,1000.0,-1,90000.0,0.0,0,0.0,1,360056.3820950985,TIMEOUT,,1881.695,
6,3,105,1000.0,0,1000.0,-1,90000.0,0.0,-1,1.0E9,1,450056.3820950985,CRASHED,,11.358,
7,3,8,1000.0,0,1000.0,-1,90000.0,0.0,-1,1.0E9,1,540056.3820950985,CRASHED,,13.613,
8,3,125,1000.0,0,74.30192380060554,-1,743.7122499999999,0.0,-1,1.0E9,1,540800.0943450985,CRASHED,Run Exceeded Captime -- Treating as CRASHED;Killed Manually,782.855,
