Run Number,Run History Configuration ID,Instance ID,Response Value (y),Censored?,Cutoff Time Used,Seed,Runtime,Run Length,Run Result Code,Run Quality,SMAC Iteration,SMAC Cumulative Runtime,Run Result,Additional Algorithm Run Data,Wall Clock Time,
1,1,112,4.34737801552,0,1000.0,-1,4.34737801552,0.0,1,0.0,0,4.34737801552,SAT,,4.466,
2,1,53,1000.0,0,1000.0,-1,90000.0,0.0,-1,1.0E9,1,90004.34737801552,CRASHED,,5.765,
3,2,112,5.23693299294,0,6.6541922170400625,-1,5.23693299294,0.0,1,0.0,1,90009.58431100845,SAT,,5.303,
4,1,88,1000.0,0,1000.0,-1,90000.0,0.0,-1,1.0E9,1,180009.58431100845,CRASHED,,8.468,
5,3,112,3.57463502884,0,6.6541922170400625,-1,3.57463502884,0.0,1,0.0,1,180013.1589460373,SAT,,3.598,
6,3,53,4.8304810524,0,1000.0,-1,4.8304810524,0.0,1,0.0,1,180017.9894270897,SAT,,4.859,
7,3,88,4.92378902435,0,1000.0,-1,4.92378902435,0.0,1,0.0,1,180022.91321611404,SAT,,4.956,
