Run Number,Run History Configuration ID,Instance ID,Response Value (y),Censored?,Cutoff Time Used,Seed,Runtime,Run Length,Run Result Code,Run Quality,SMAC Iteration,SMAC Cumulative Runtime,Run Result,Additional Algorithm Run Data,Wall Clock Time,
1,1,35,113.810431004,0,2000.0,-1,113.810431004,0.0,1,0.0,0,113.810431004,SAT,,113.932,
2,1,65,1772.85620999,0,2000.0,-1,1772.85620999,0.0,2,0.0,1,1886.666640994,UNSAT,,1772.965,
3,2,65,11.0291161537,0,2000.0,-1,11.0291161537,0.0,2,0.0,1,1897.6957571477,UNSAT,,11.066,
4,2,35,1801.76712799,0,2000.0,-1,1801.76712799,0.0,1,0.0,1,3699.4628851377,SAT,,1801.791,
5,2,117,5.37179207802,0,2000.0,-1,5.37179207802,0.0,1,0.0,1,3704.83467721572,SAT,,5.419,
6,3,65,2000.0,0,15.340452164757252,-1,154.0026,0.0,-1,1.0E9,1,3858.83727721572,CRASHED,Run Exceeded Captime -- Treating as CRASHED;Killed Manually,162.108,
