Run Number,Run History Configuration ID,Instance ID,Response Value (y),Censored?,Cutoff Time Used,Seed,Runtime,Run Length,Run Result Code,Run Quality,SMAC Iteration,SMAC Cumulative Runtime,Run Result,Additional Algorithm Run Data,Wall Clock Time,
1,1,68,8.52332997322,0,2000.0,-1,8.52332997322,0.0,2,0.0,0,8.52332997322,UNSAT,,8.645,
2,1,67,76.6306519508,0,2000.0,-1,76.6306519508,0.0,2,0.0,1,85.15398192402,UNSAT,,76.679,
3,2,67,2000.0,0,100.62244784866573,-1,1007.0104499999999,0.0,-1,1.0E9,1,1092.16443192402,CRASHED,Run Exceeded Captime -- Treating as CRASHED;Killed Manually,1060.011,
4,1,97,3.90110898018,0,2000.0,-1,3.90110898018,0.0,1,0.0,1,1096.0655409042,SAT,,4.013,
5,3,67,2000.0,0,100.62244784866573,-1,1007.1766999999999,0.0,-1,1.0E9,1,2103.2422409041997,CRASHED,Run Exceeded Captime -- Treating as CRASHED;Killed Manually,1060.186,
