Run Number,Run History Configuration ID,Instance ID,Response Value (y),Censored?,Cutoff Time Used,Seed,Runtime,Run Length,Run Result Code,Run Quality,SMAC Iteration,SMAC Cumulative Runtime,Run Result,Additional Algorithm Run Data,Wall Clock Time,
1,1,111,1000.0,0,1000.0,-1,90000.0,0.0,-1,1.0E9,0,90000.0,CRASHED,,7.572,
2,1,77,1000.0,0,1000.0,-1,90000.0,0.0,-1,1.0E9,1,180000.0,CRASHED,,4.032,
3,2,111,3.49946904182,0,1000.0,-1,3.49946904182,0.0,1,0.0,1,180003.49946904182,SAT,,3.527,
4,2,77,4.04766392708,0,1000.0,-1,4.04766392708,0.0,1,0.0,1,180007.5471329689,SAT,,4.077,
5,2,92,1000.0,0,1000.0,-1,90000.0,0.0,0,0.0,1,270007.5471329689,TIMEOUT,,1881.615,
6,3,92,1000.0,0,1000.0,-1,90000.0,0.0,0,0.0,1,360007.5471329689,TIMEOUT,,1881.67,
7,3,111,1000.0,0,10.816473409879208,-1,90000.0,0.0,-1,1.0E9,1,450007.5471329689,CRASHED,,5.224,
