Run Number,Run History Configuration ID,Instance ID,Response Value (y),Censored?,Cutoff Time Used,Seed,Runtime,Run Length,Run Result Code,Run Quality,SMAC Iteration,SMAC Cumulative Runtime,Run Result,Additional Algorithm Run Data,Wall Clock Time,
1,1,255,1802.34795594,0,2000.0,-1,1802.34795594,0.0,2,0.0,0,1802.34795594,UNSAT,,1802.614,
2,1,20,330.189728975,0,2000.0,-1,330.189728975,0.0,2,0.0,1,2132.5376849149998,UNSAT,,330.29,
3,2,20,1802.29170918,0,430.24924815480705,-1,1802.29170918,0.0,2,0.0,1,3934.8293940949998,UNSAT,,1802.381,
4,1,263,16.2663719654,0,2000.0,-1,16.2663719654,0.0,1,0.0,1,3951.0957660604,SAT,,16.388,
5,3,263,18.0338821411,0,22.148883983838562,-1,18.0338821411,0.0,1,0.0,1,3969.1296482015,SAT,,18.081,
