Run Number,Run History Configuration ID,Instance ID,Response Value (y),Censored?,Cutoff Time Used,Seed,Runtime,Run Length,Run Result Code,Run Quality,SMAC Iteration,SMAC Cumulative Runtime,Run Result,Additional Algorithm Run Data,Wall Clock Time,
1,1,9,1000.0,0,1000.0,-1,90000.0,0.0,-1,1.0E9,0,90000.0,CRASHED,,13.305,
2,1,4,1000.0,0,1000.0,-1,90000.0,0.0,0,0.0,1,180000.0,TIMEOUT,,1881.63,
3,2,4,1000.0,0,1000.0,-1,90000.0,0.0,0,0.0,1,270000.0,TIMEOUT,,1881.761,
4,2,9,4.92292094231,0,1000.0,-1,4.92292094231,0.0,1,0.0,1,270004.9229209423,SAT,,5.004,
5,2,79,4.45370388031,0,1000.0,-1,4.45370388031,0.0,1,0.0,1,270009.3766248226,SAT,,4.502,
6,3,9,5.18896985054,0,7.402397401976586,-1,5.18896985054,0.0,1,0.0,1,270014.56559467316,SAT,,5.235,
