Run Number,Run History Configuration ID,Instance ID,Response Value (y),Censored?,Cutoff Time Used,Seed,Runtime,Run Length,Run Result Code,Run Quality,SMAC Iteration,SMAC Cumulative Runtime,Run Result,Additional Algorithm Run Data,Wall Clock Time,
1,1,422,529.778581142,0,2000.0,-1,529.778581142,0.0,1,0.0,0,529.778581142,SAT,,530.225,
2,1,1280,1306.06380105,0,2000.0,-1,1306.06380105,0.0,2,0.0,1,1835.842382192,UNSAT,,1306.242,
3,2,422,24.8820919991,0,689.7147557589889,-1,24.8820919991,0.0,1,0.0,1,1860.7244741911,SAT,,24.942,
4,2,1280,794.298212051,0,2000.0,-1,794.298212051,0.0,2,0.0,1,2655.0226862421,UNSAT,,794.354,
5,2,2028,33.0534520149,0,2000.0,-1,33.0534520149,0.0,1,0.0,1,2688.076138257,SAT,,33.098,
6,3,422,2000.0,0,33.34932009537816,-1,334.64034999999996,0.0,-1,1.0E9,1,3022.716488257,CRASHED,Run Exceeded Captime -- Treating as CRASHED;Killed Manually,352.253,
