Run Number,Run History Configuration ID,Instance ID,Response Value (y),Censored?,Cutoff Time Used,Seed,Runtime,Run Length,Run Result Code,Run Quality,SMAC Iteration,SMAC Cumulative Runtime,Run Result,Additional Algorithm Run Data,Wall Clock Time,
1,1,55,959.885334969,0,2000.0,-1,959.885334969,0.0,1,0.0,0,959.885334969,SAT,,960.101,
2,1,159,145.101759911,0,2000.0,-1,145.101759911,0.0,2,0.0,1,1104.98709488,UNSAT,,145.275,
3,2,159,1802.3955121,0,189.63488898088337,-1,1802.3955121,0.0,2,0.0,1,2907.3826069799998,UNSAT,,1802.477,
4,1,39,213.570878029,0,2000.0,-1,213.570878029,0.0,1,0.0,1,3120.953485009,SAT,,213.601,
5,3,39,1802.31410599,0,278.64474159513713,-1,1802.31410599,0.0,1,0.0,1,4923.267590998999,SAT,,1802.386,
