Run Number,Run History Configuration ID,Instance ID,Response Value (y),Censored?,Cutoff Time Used,Seed,Runtime,Run Length,Run Result Code,Run Quality,SMAC Iteration,SMAC Cumulative Runtime,Run Result,Additional Algorithm Run Data,Wall Clock Time,
1,1,55,959.885334969,0,2000.0,-1,959.885334969,0.0,1,0.0,0,959.885334969,SAT,,960.101,
2,1,159,145.101759911,0,2000.0,-1,145.101759911,0.0,2,0.0,1,1104.98709488,UNSAT,,145.275,
3,2,159,1802.3955121,0,189.63488898088337,-1,1802.3955121,0.0,2,0.0,1,2907.3826069799998,UNSAT,,1802.477,
4,1,39,213.570878029,0,2000.0,-1,213.570878029,0.0,1,0.0,1,3120.953485009,SAT,,213.601,
5,3,39,1802.31410599,0,278.64474159513713,-1,1802.31410599,0.0,1,0.0,1,4923.267590998999,SAT,,1802.386,
6,1,143,28.8694489002,0,2000.0,-1,28.8694489002,0.0,2,0.0,2,4952.137039899199,UNSAT,,28.991,
7,4,39,262.931382895,0,278.64474159513713,-1,262.931382895,0.0,1,0.0,2,5215.068422794199,SAT,,262.97,
8,1,157,155.073992014,0,2000.0,-1,155.073992014,0.0,2,0.0,2,5370.1424148082,UNSAT,,155.142,
9,5,55,1802.27111602,0,1248.8535364981472,-1,1802.27111602,0.0,1,0.0,2,7172.413530828199,SAT,,1802.335,
