Run Number,Run History Configuration ID,Instance ID,Response Value (y),Censored?,Cutoff Time Used,Seed,Runtime,Run Length,Run Result Code,Run Quality,SMAC Iteration,SMAC Cumulative Runtime,Run Result,Additional Algorithm Run Data,Wall Clock Time,
1,1,37,59.9232740402,0,2000.0,-1,59.9232740402,0.0,1,0.0,0,59.9232740402,SAT,,60.184,
2,1,2064,649.355730057,0,2000.0,-1,649.355730057,0.0,1,0.0,1,709.2790040972,SAT,,649.552,
3,2,2064,818.957773209,0,845.1650493669987,-1,818.957773209,0.0,1,0.0,1,1528.2367773062,SAT,,819.026,
4,1,943,11.7529129982,0,2000.0,-1,11.7529129982,0.0,1,0.0,1,1539.9896903044,SAT,,11.82,
5,3,943,2000.0,0,16.281386919665337,-1,163.62419999999997,0.0,-1,1.0E9,1,1703.6138903044,CRASHED,Run Exceeded Captime -- Treating as CRASHED;Killed Manually,172.236,
