Run Number,Run History Configuration ID,Instance ID,Response Value (y),Censored?,Cutoff Time Used,Seed,Runtime,Run Length,Run Result Code,Run Quality,SMAC Iteration,SMAC Cumulative Runtime,Run Result,Additional Algorithm Run Data,Wall Clock Time,
1,1,37,59.9232740402,0,2000.0,-1,59.9232740402,0.0,1,0.0,0,59.9232740402,SAT,,60.184,
2,1,2064,649.355730057,0,2000.0,-1,649.355730057,0.0,1,0.0,1,709.2790040972,SAT,,649.552,
3,2,2064,818.957773209,0,845.1650493669987,-1,818.957773209,0.0,1,0.0,1,1528.2367773062,SAT,,819.026,
4,1,943,11.7529129982,0,2000.0,-1,11.7529129982,0.0,1,0.0,1,1539.9896903044,SAT,,11.82,
5,3,943,2000.0,0,16.281386919665337,-1,163.62419999999997,0.0,-1,1.0E9,1,1703.6138903044,CRASHED,Run Exceeded Captime -- Treating as CRASHED;Killed Manually,172.236,
6,1,1896,845.646738052,0,2000.0,-1,845.646738052,0.0,1,0.0,2,2549.2606283564,SAT,,845.751,
7,4,943,12.3329570293,0,16.281386919665337,-1,12.3329570293,0.0,1,0.0,2,2561.5935853857,SAT,,12.422,
8,1,2323,1718.59074187,0,2000.0,-1,1718.59074187,0.0,1,0.0,2,4280.1843272557,SAT,,1718.633,
9,5,943,2000.0,0,16.281386919665337,-1,163.4646,0.0,-1,1.0E9,2,4443.6489272557,CRASHED,Run Exceeded Captime -- Treating as CRASHED;Killed Manually,172.068,
