Run Number,Run History Configuration ID,Instance ID,Response Value (y),Censored?,Cutoff Time Used,Seed,Runtime,Run Length,Run Result Code,Run Quality,SMAC Iteration,SMAC Cumulative Runtime,Run Result,Additional Algorithm Run Data,Wall Clock Time,
1,1,23,1100.0,0,1100.0,-1,90000.0,0.0,-1,1.0E9,0,90000.0,CRASHED,,105.818,
2,1,4,11.9057610035,0,1100.0,-1,11.9057610035,0.0,1,0.0,1,90011.9057610035,SAT,,11.944,
3,2,4,50.7641751766,0,16.48008945246339,-1,50.7641751766,0.0,1,0.0,1,90062.6699361801,SAT,,50.798,
4,1,64,1100.0,0,1100.0,-1,90000.0,0.0,-1,1.0E9,1,180062.66993618011,CRASHED,,114.322,
5,3,23,1100.0,0,1100.0,-1,90000.0,0.0,0,0.0,1,270062.6699361801,TIMEOUT,,1881.957,
6,3,4,10.842911005,0,1100.0,-1,10.842911005,0.0,1,0.0,1,270073.51284718513,SAT,,10.887,
7,3,64,1100.0,0,1100.0,-1,90000.0,0.0,-1,1.0E9,1,360073.51284718513,CRASHED,,670.093,
