Run Number,Run History Configuration ID,Instance ID,Response Value (y),Censored?,Cutoff Time Used,Seed,Runtime,Run Length,Run Result Code,Run Quality,SMAC Iteration,SMAC Cumulative Runtime,Run Result,Additional Algorithm Run Data,Wall Clock Time,
1,1,114,5.13439488411,0,2000.0,-1,5.13439488411,0.0,1,0.0,0,5.13439488411,SAT,,5.244,
2,1,45,7.78892612457,0,2000.0,-1,7.78892612457,0.0,1,0.0,1,12.923321008679999,SAT,,7.928,
3,2,114,2000.0,0,7.677314233380557,-1,77.52569999999999,0.0,-1,1.0E9,1,90.44902100867998,CRASHED,Run Exceeded Captime -- Treating as CRASHED;Killed Manually,81.606,
4,1,11,1802.55394912,0,2000.0,-1,1802.55394912,0.0,2,0.0,1,1893.0029701286799,UNSAT,,1802.594,
5,3,45,2000.0,0,11.128204584467412,-1,112.25675,0.0,-1,1.0E9,1,2005.2597201286799,CRASHED,Run Exceeded Captime -- Treating as CRASHED;Killed Manually,118.165,
