Run Number,Run History Configuration ID,Instance ID,Response Value (y),Censored?,Cutoff Time Used,Seed,Runtime,Run Length,Run Result Code,Run Quality,SMAC Iteration,SMAC Cumulative Runtime,Run Result,Additional Algorithm Run Data,Wall Clock Time,
1,1,26,5.99367022514,0,2000.0,-1,5.99367022514,0.0,2,0.0,0,5.99367022514,UNSAT,,6.11,
2,1,96,3.91965889931,0,2000.0,-1,3.91965889931,0.0,1,0.0,1,9.91332912445,SAT,,4.081,
3,2,26,4.2599670887,0,8.79437233169675,-1,4.2599670887,0.0,2,0.0,1,14.17329621315,UNSAT,,4.305,
4,2,96,6.74396300316,0,8.353270952004195,-1,6.74396300316,0.0,1,0.0,1,20.91725921631,SAT,,6.767,
5,1,100,7.15137696266,0,2000.0,-1,7.15137696266,0.0,2,0.0,1,28.06863617897,UNSAT,,7.286,
6,3,96,3.69505095482,0,6.0981572497367855,-1,3.69505095482,0.0,1,0.0,1,31.76368713379,SAT,,3.722,
7,3,100,6.10553407669,0,18.385752745318413,-1,6.10553407669,0.0,2,0.0,1,37.86922121048,UNSAT,,6.131,
8,3,26,4.73687505722,0,10.448557593274117,-1,4.73687505722,0.0,2,0.0,1,42.606096267699996,UNSAT,,4.778,
