Run Number,Run History Configuration ID,Instance ID,Response Value (y),Censored?,Cutoff Time Used,Seed,Runtime,Run Length,Run Result Code,Run Quality,SMAC Iteration,SMAC Cumulative Runtime,Run Result,Additional Algorithm Run Data,Wall Clock Time,
1,1,6,8.25449204445,0,2000.0,-1,8.25449204445,0.0,2,0.0,0,8.25449204445,UNSAT,,8.376,
2,1,104,9.46910905838,0,2000.0,-1,9.46910905838,0.0,1,0.0,1,17.723601102830003,SAT,,9.525,
3,2,6,2000.0,0,11.733440764594079,-1,117.98334999999999,0.0,-1,1.0E9,1,135.70695110282998,CRASHED,Run Exceeded Captime -- Treating as CRASHED;Killed Manually,124.193,
4,1,136,4.07293915749,0,2000.0,-1,4.07293915749,0.0,1,0.0,1,139.77989026031997,SAT,,4.195,
5,3,136,4.64400601387,0,6.2974210720241075,-1,4.64400601387,0.0,1,0.0,1,144.42389627418999,SAT,,4.68,
