Run Number,Run History Configuration ID,Instance ID,Response Value (y),Censored?,Cutoff Time Used,Seed,Runtime,Run Length,Run Result Code,Run Quality,SMAC Iteration,SMAC Cumulative Runtime,Run Result,Additional Algorithm Run Data,Wall Clock Time,
1,1,88,1100.0,0,1100.0,-1,90000.0,0.0,-1,1.0E9,0,90000.0,CRASHED,,123.863,
2,1,70,1100.0,0,1100.0,-1,90000.0,0.0,-1,1.0E9,1,180000.0,CRASHED,,170.791,
3,2,70,1100.0,0,1100.0,-1,90000.0,0.0,0,0.0,1,270000.0,TIMEOUT,,1882.182,
4,2,88,1100.0,0,1100.0,-1,90000.0,0.0,0,0.0,1,360000.0,TIMEOUT,,1881.732,
5,1,11,1100.0,0,1100.0,-1,90000.0,0.0,-1,1.0E9,1,450000.0,CRASHED,,40.568,
6,3,88,1100.0,0,1100.0,-1,90000.0,0.0,0,0.0,1,540000.0,TIMEOUT,,1882.126,
7,3,11,12.3672850132,0,1100.0,-1,12.3672850132,0.0,1,0.0,1,540012.3672850132,SAT,,12.408,
8,3,70,1100.0,0,1100.0,-1,90000.0,0.0,0,0.0,1,630012.3672850132,TIMEOUT,,1881.94,
