Run Number,Run History Configuration ID,Instance ID,Response Value (y),Censored?,Cutoff Time Used,Seed,Runtime,Run Length,Run Result Code,Run Quality,SMAC Iteration,SMAC Cumulative Runtime,Run Result,Additional Algorithm Run Data,Wall Clock Time,
1,1,38,1000.0,0,1000.0,-1,90000.0,0.0,-1,1.0E9,0,90000.0,CRASHED,,4.13,
2,1,106,1000.0,0,1000.0,-1,90000.0,0.0,-1,1.0E9,1,180000.0,CRASHED,,5.375,
3,2,38,4.29819107056,0,1000.0,-1,4.29819107056,0.0,1,0.0,1,180004.29819107056,SAT,,4.359,
4,2,106,1000.0,0,1000.0,-1,90000.0,0.0,0,0.0,1,270004.29819107056,TIMEOUT,,1881.634,
5,2,95,3.71324896812,0,1000.0,-1,3.71324896812,0.0,1,0.0,1,270008.0114400387,SAT,,3.774,
6,3,95,1000.0,0,5.8298243101418015,-1,90000.0,0.0,-1,1.0E9,1,360008.0114400387,CRASHED,,3.947,
