Run Number,Run History Configuration ID,Instance ID,Response Value (y),Censored?,Cutoff Time Used,Seed,Runtime,Run Length,Run Result Code,Run Quality,SMAC Iteration,SMAC Cumulative Runtime,Run Result,Additional Algorithm Run Data,Wall Clock Time,
1,1,114,1000.0,0,1000.0,-1,90000.0,0.0,-1,1.0E9,0,90000.0,CRASHED,,6.996,
2,1,79,5.74650597572,0,1000.0,-1,5.74650597572,0.0,1,0.0,1,90005.74650597572,SAT,,5.856,
3,2,79,3.95290112495,0,8.47305831347704,-1,3.95290112495,0.0,1,0.0,1,90009.69940710068,SAT,,3.991,
4,2,114,1000.0,0,1000.0,-1,90000.0,0.0,0,0.0,1,180009.69940710068,TIMEOUT,,1881.564,
5,2,23,4.06712412834,0,1000.0,-1,4.06712412834,0.0,1,0.0,1,180013.76653122902,SAT,,4.121,
6,3,23,1000.0,0,6.289862551140786,-1,90000.0,0.0,-1,1.0E9,1,270013.766531229,CRASHED,,5.829,
