Run Number,Run History Configuration ID,Instance ID,Response Value (y),Censored?,Cutoff Time Used,Seed,Runtime,Run Length,Run Result Code,Run Quality,SMAC Iteration,SMAC Cumulative Runtime,Run Result,Additional Algorithm Run Data,Wall Clock Time,
1,1,448,41.4588940144,0,2000.0,-1,41.4588940144,0.0,1,0.0,0,41.4588940144,SAT,,42.114,
2,1,1927,1431.95242405,0,2000.0,-1,1431.95242405,0.0,1,0.0,1,1473.4113180644,SAT,,1432.204,
3,2,1927,1128.14906907,0,1862.5407519641997,-1,1128.14906907,0.0,1,0.0,1,2601.5603871344,SAT,,1128.57,
4,2,448,8.51252293587,0,449.84482432563897,-1,8.51252293587,0.0,1,0.0,1,2610.07291007027,SAT,,8.624,
5,2,1733,1936.49367499,0,2000.0,-1,1936.49367499,0.0,1,0.0,1,4546.56658506027,SAT,,1936.582,
6,3,448,2000.0,0,12.068880245435238,-1,121.34445,0.0,-1,1.0E9,1,4667.91103506027,CRASHED,Run Exceeded Captime -- Treating as CRASHED;Killed Manually,127.731,
