Run Number,Run History Configuration ID,Instance ID,Response Value (y),Censored?,Cutoff Time Used,Seed,Runtime,Run Length,Run Result Code,Run Quality,SMAC Iteration,SMAC Cumulative Runtime,Run Result,Additional Algorithm Run Data,Wall Clock Time,
1,1,448,146.769713879,0,2000.0,-1,146.769713879,0.0,1,0.0,0,146.769713879,SAT,,147.544,
2,1,1927,4500.006881,0,2000.0,-1,4500.006881,0.0,1,0.0,1,4646.776594879,SAT,,4504.018,
3,2,1927,4409.65683389,0,2000.0,-1,4409.65683389,0.0,1,0.0,1,9056.433428769,SAT,,4410.815,
4,2,448,41.44069314,0,1366.3551409620525,-1,41.44069314,0.0,1,0.0,1,9097.874121909,SAT,,42.209,
5,2,1733,2588.5432961,0,2000.0,-1,2588.5432961,0.0,1,0.0,1,11686.417418009001,SAT,,2589.173,
6,3,448,2000.0,0,54.87550207262039,-1,554.7753,0.0,-1,1.0E9,1,12241.192718009,CRASHED,Run Exceeded Captime -- Treating as CRASHED;Killed Manually,583.974,
