Run Number,Run History Configuration ID,Instance ID,Response Value (y),Censored?,Cutoff Time Used,Seed,Runtime,Run Length,Run Result Code,Run Quality,SMAC Iteration,SMAC Cumulative Runtime,Run Result,Additional Algorithm Run Data,Wall Clock Time,
1,1,1897,240.615064144,0,2000.0,-1,240.615064144,0.0,1,0.0,0,240.615064144,SAT,,240.747,
2,1,403,5.75779604912,0,2000.0,-1,5.75779604912,0.0,1,0.0,1,246.37286019312,SAT,,5.833,
3,2,1897,1179.44894004,0,313.80218387429716,-1,1179.44894004,0.0,1,0.0,1,1425.82180023312,SAT,,1179.489,
4,1,1045,99.4084308147,0,2000.0,-1,99.4084308147,0.0,1,0.0,1,1525.23023104782,SAT,,99.467,
5,3,1045,2000.0,0,130.23356058483125,-1,1406.52345,0.0,-1,1.0E9,1,2931.75368104782,CRASHED,Run Exceeded Captime -- Treating as CRASHED;Killed Manually,1480.551,
