Run Number,Run History Configuration ID,Instance ID,Response Value (y),Censored?,Cutoff Time Used,Seed,Runtime,Run Length,Run Result Code,Run Quality,SMAC Iteration,SMAC Cumulative Runtime,Run Result,Additional Algorithm Run Data,Wall Clock Time,
1,1,266,8.65447592735,0,2000.0,-1,8.65447592735,0.0,1,0.0,0,8.65447592735,SAT,,8.814,
2,1,156,96.5046031475,0,2000.0,-1,96.5046031475,0.0,2,0.0,1,105.15907907485001,UNSAT,,96.61,
3,2,156,184.073588848,0,126.4585848789394,-1,184.073588848,0.0,2,0.0,1,289.23266792285006,UNSAT,,184.16,
4,1,213,23.3142790794,0,2000.0,-1,23.3142790794,0.0,1,0.0,1,312.5469470022501,SAT,,23.494,
5,3,266,2000.0,0,12.253419299024344,-1,123.1998,0.0,-1,1.0E9,1,435.74674700225006,CRASHED,Run Exceeded Captime -- Treating as CRASHED;Killed Manually,129.684,
6,1,190,149.093494892,0,2000.0,-1,149.093494892,0.0,1,0.0,2,584.8402418942501,SAT,,149.382,
7,4,190,1801.95604491,0,194.82414348830582,-1,1801.95604491,0.0,1,0.0,2,2386.79628680425,SAT,,1802.059,
8,1,131,46.199409008,0,2000.0,-1,46.199409008,0.0,2,0.0,2,2432.9956958122502,UNSAT,,46.349,
9,5,213,2000.0,0,31.311163667935137,-1,313.8838,0.0,-1,1.0E9,2,2746.8794958122503,CRASHED,Run Exceeded Captime -- Treating as CRASHED;Killed Manually,330.404,
