Run Number,Run History Configuration ID,Instance ID,Response Value (y),Censored?,Cutoff Time Used,Seed,Runtime,Run Length,Run Result Code,Run Quality,SMAC Iteration,SMAC Cumulative Runtime,Run Result,Additional Algorithm Run Data,Wall Clock Time,
1,1,151,103.670321226,0,2000.0,-1,103.670321226,0.0,1,0.0,0,103.670321226,SAT,,103.796,
2,1,19,5.39783620834,0,2000.0,-1,5.39783620834,0.0,2,0.0,1,109.06815743434,UNSAT,,5.44,
3,2,151,27.7138922215,0,135.7740181389928,-1,27.7138922215,0.0,1,0.0,1,136.78204965583998,SAT,,27.757,
4,2,19,9.24742007256,0,106.76444525678755,-1,9.24742007256,0.0,2,0.0,1,146.0294697284,UNSAT,,9.275,
5,2,73,7.47090601921,0,2000.0,-1,7.47090601921,0.0,2,0.0,1,153.50037574760998,UNSAT,,7.514,
6,3,73,4.33008599281,0,10.714777827608586,-1,4.33008599281,0.0,2,0.0,1,157.83046174042,UNSAT,,4.377,
7,3,19,6.41245388985,0,53.13797210191488,-1,6.41245388985,0.0,2,0.0,1,164.24291563027,UNSAT,,6.438,
8,3,151,119.413928986,0,44.801781967628,-1,119.413928986,0.0,1,0.0,1,283.65684461627,SAT,,119.439,
