Run Number,Run History Configuration ID,Instance ID,Response Value (y),Censored?,Cutoff Time Used,Seed,Runtime,Run Length,Run Result Code,Run Quality,SMAC Iteration,SMAC Cumulative Runtime,Run Result,Additional Algorithm Run Data,Wall Clock Time,
1,1,85,1000.0,0,1000.0,-1,90000.0,0.0,-1,1.0E9,0,90000.0,CRASHED,,6.1,
2,1,124,5.7830529213,0,1000.0,-1,5.7830529213,0.0,1,0.0,1,90005.7830529213,SAT,,5.846,
3,2,85,3.58175110817,0,1000.0,-1,3.58175110817,0.0,1,0.0,1,90009.36480402946,SAT,,3.629,
4,2,124,3.25604510307,0,1000.0,-1,3.25604510307,0.0,1,0.0,1,90012.62084913254,SAT,,3.299,
5,2,1,6.69422292709,0,1000.0,-1,6.69422292709,0.0,1,0.0,1,90019.31507205963,SAT,,6.741,
6,3,85,1000.0,0,5.658876791942119,-1,90000.0,0.0,-1,1.0E9,1,180019.31507205963,CRASHED,,22.415,
