Run Number,Run History Configuration ID,Instance ID,Response Value (y),Censored?,Cutoff Time Used,Seed,Runtime,Run Length,Run Result Code,Run Quality,SMAC Iteration,SMAC Cumulative Runtime,Run Result,Additional Algorithm Run Data,Wall Clock Time,
1,1,445,4.75068092346,0,2000.0,-1,4.75068092346,0.0,1,0.0,0,4.75068092346,SAT,,5.035,
2,1,2388,26.1505110264,0,2000.0,-1,26.1505110264,0.0,1,0.0,1,30.90119194986,SAT,,26.245,
3,2,445,5.9537320137,0,7.178485755223036,-1,5.9537320137,0.0,1,0.0,1,36.85492396356,SAT,,6.264,
4,1,2122,126.528286934,0,2000.0,-1,126.528286934,0.0,1,0.0,1,163.38321089756,SAT,,126.596,
5,3,2122,117.44232893,0,165.48937381093504,-1,117.44232893,0.0,1,0.0,1,280.82553982755996,SAT,,117.547,
6,3,445,3.69870781898,0,52.9884954806149,-1,3.69870781898,0.0,1,0.0,1,284.52424764653995,SAT,,3.766,
7,3,2388,19.1915099621,0,48.18017565493584,-1,19.1915099621,0.0,1,0.0,1,303.71575760863993,SAT,,19.258,
