Run Number,Run History Configuration ID,Instance ID,Response Value (y),Censored?,Cutoff Time Used,Seed,Runtime,Run Length,Run Result Code,Run Quality,SMAC Iteration,SMAC Cumulative Runtime,Run Result,Additional Algorithm Run Data,Wall Clock Time,
1,1,1082,67.7782959938,0,2000.0,-1,67.7782959938,0.0,1,0.0,0,67.7782959938,SAT,,67.988,
2,1,294,3.77964091301,0,2000.0,-1,3.77964091301,0.0,1,0.0,1,71.55793690681,SAT,,3.806,
3,2,294,39.5438199043,0,5.916134070950746,-1,39.5438199043,0.0,1,0.0,1,111.10175681111,SAT,,39.565,
4,1,1053,31.760789156,0,2000.0,-1,31.760789156,0.0,1,0.0,1,142.86254596711,SAT,,31.792,
5,3,294,3.70035600662,0,5.916134070950746,-1,3.70035600662,0.0,1,0.0,1,146.56290197373002,SAT,,3.746,
6,3,1082,70.0014679432,0,130.50908156518938,-1,70.0014679432,0.0,1,0.0,1,216.56436991693002,SAT,,70.032,
7,3,1053,47.8757760525,0,39.5071730840683,-1,47.8757760525,0.0,1,0.0,1,264.44014596943003,SAT,,47.909,
