Run Number,Run History Configuration ID,Instance ID,Response Value (y),Censored?,Cutoff Time Used,Seed,Runtime,Run Length,Run Result Code,Run Quality,SMAC Iteration,SMAC Cumulative Runtime,Run Result,Additional Algorithm Run Data,Wall Clock Time,
1,1,149,1000.0,0,1000.0,-1,90000.0,0.0,-1,1.0E9,0,90000.0,CRASHED,,481.756,
2,1,94,1000.0,0,1000.0,-1,90000.0,0.0,0,0.0,1,180000.0,TIMEOUT,,1881.74,
3,2,94,1000.0,0,1000.0,-1,90000.0,0.0,0,0.0,1,270000.0,TIMEOUT,,1881.882,
4,2,149,1000.0,0,1000.0,-1,90000.0,0.0,0,0.0,1,360000.0,TIMEOUT,,1881.823,
5,1,30,1000.0,0,1000.0,-1,90000.0,0.0,-1,1.0E9,1,450000.0,CRASHED,,19.531,
6,3,149,14.3610630035,0,1000.0,-1,14.3610630035,0.0,1,0.0,1,450014.3610630035,SAT,,14.384,
7,3,94,1000.0,0,1000.0,-1,90000.0,0.0,0,0.0,1,540014.3610630035,TIMEOUT,,1881.6,
8,3,30,1000.0,0,1000.0,-1,90000.0,0.0,0,0.0,1,630014.3610630035,TIMEOUT,,1881.886,
