Run Number,Run History Configuration ID,Instance ID,Response Value (y),Censored?,Cutoff Time Used,Seed,Runtime,Run Length,Run Result Code,Run Quality,SMAC Iteration,SMAC Cumulative Runtime,Run Result,Additional Algorithm Run Data,Wall Clock Time,
1,1,24,1000.0,0,1000.0,-1,90000.0,0.0,-1,1.0E9,0,90000.0,CRASHED,,5.433,
2,1,50,1000.0,0,1000.0,-1,90000.0,0.0,-1,1.0E9,1,180000.0,CRASHED,,5.846,
3,2,24,4.61535310745,0,1000.0,-1,4.61535310745,0.0,1,0.0,1,180004.61535310745,SAT,,4.656,
4,2,50,4.98669219017,0,1000.0,-1,4.98669219017,0.0,1,0.0,1,180009.60204529762,SAT,,5.027,
5,2,21,4.84886717796,0,1000.0,-1,4.84886717796,0.0,1,0.0,1,180014.4509124756,SAT,,4.885,
6,3,21,1000.0,0,7.306128263819218,-1,90000.0,0.0,-1,1.0E9,1,270014.4509124756,CRASHED,,5.164,
