Run Number,Run History Configuration ID,Instance ID,Response Value (y),Censored?,Cutoff Time Used,Seed,Runtime,Run Length,Run Result Code,Run Quality,SMAC Iteration,SMAC Cumulative Runtime,Run Result,Additional Algorithm Run Data,Wall Clock Time,
1,1,80,1000.0,0,1000.0,-1,90000.0,0.0,0,0.0,0,90000.0,TIMEOUT,,1929.496,
2,1,2,1000.0,0,1000.0,-1,90000.0,0.0,-1,1.0E9,1,180000.0,CRASHED,,13.339,
3,2,2,5.43831014633,0,1000.0,-1,5.43831014633,0.0,1,0.0,1,180005.43831014633,SAT,,5.481,
4,2,80,1000.0,0,1000.0,-1,90000.0,0.0,0,0.0,1,270005.43831014633,TIMEOUT,,1917.875,
5,2,48,5.91255307198,0,1000.0,-1,5.91255307198,0.0,1,0.0,1,270011.3508632183,SAT,,5.985,
6,3,80,1000.0,0,1000.0,-1,90000.0,0.0,0,0.0,1,360011.3508632183,TIMEOUT,,1920.656,
7,3,48,17.4068579674,0,15.761322424161435,-1,17.4068579674,0.0,1,0.0,1,360028.7577211857,SAT,,17.433,
