Run Number,Run History Configuration ID,Instance ID,Response Value (y),Censored?,Cutoff Time Used,Seed,Runtime,Run Length,Run Result Code,Run Quality,SMAC Iteration,SMAC Cumulative Runtime,Run Result,Additional Algorithm Run Data,Wall Clock Time,
1,1,32,4.32349300385,0,1000.0,-1,4.32349300385,0.0,1,0.0,0,4.32349300385,SAT,,4.428,
2,1,146,1000.0,0,1000.0,-1,90000.0,0.0,-1,1.0E9,1,90004.32349300385,CRASHED,,21.131,
3,2,146,881.974164963,0,1000.0,-1,881.974164963,0.0,1,0.0,1,90886.29765796685,SAT,,882.003,
4,2,32,3.36277604103,0,1000.0,-1,3.36277604103,0.0,1,0.0,1,90889.66043400788,SAT,,3.41,
5,2,114,881.589394093,0,1000.0,-1,881.589394093,0.0,1,0.0,1,91771.24982810087,SAT,,881.684,
6,3,114,881.560458183,0,1000.0,-1,881.560458183,0.0,1,0.0,1,92652.81028628387,SAT,,881.603,
7,3,32,1000.0,0,1000.0,-1,90000.0,0.0,0,0.0,1,182652.81028628387,TIMEOUT,,1881.542,
