Run Number,Run History Configuration ID,Instance ID,Response Value (y),Censored?,Cutoff Time Used,Seed,Runtime,Run Length,Run Result Code,Run Quality,SMAC Iteration,SMAC Cumulative Runtime,Run Result,Additional Algorithm Run Data,Wall Clock Time,
1,1,210,11.7440071106,0,2000.0,-1,11.7440071106,0.0,1,0.0,0,11.7440071106,SAT,,11.876,
2,1,32,1802.30236697,0,2000.0,-1,1802.30236697,0.0,2,0.0,1,1814.0463740806001,UNSAT,,1802.351,
3,2,32,1802.30761194,0,2000.0,-1,1802.30761194,0.0,2,0.0,1,3616.3539860206,UNSAT,,1802.352,
4,1,144,23.8049080372,0,2000.0,-1,23.8049080372,0.0,2,0.0,1,3640.1588940578004,UNSAT,,23.845,
5,3,32,1802.73381305,0,2000.0,-1,1802.73381305,0.0,2,0.0,1,5442.892707107801,UNSAT,,1802.821,
