Run Number,Run History Configuration ID,Instance ID,Response Value (y),Censored?,Cutoff Time Used,Seed,Runtime,Run Length,Run Result Code,Run Quality,SMAC Iteration,SMAC Cumulative Runtime,Run Result,Additional Algorithm Run Data,Wall Clock Time,
1,1,99,1000.0,0,1000.0,-1,90000.0,0.0,-1,1.0E9,0,90000.0,CRASHED,,5.159,
2,1,94,1000.0,0,1000.0,-1,90000.0,0.0,-1,1.0E9,1,180000.0,CRASHED,,11.082,
3,2,94,13.7121598721,0,1000.0,-1,13.7121598721,0.0,1,0.0,1,180013.7121598721,SAT,,13.789,
4,2,99,4.7953350544,0,1000.0,-1,4.7953350544,0.0,1,0.0,1,180018.5074949265,SAT,,4.827,
5,2,48,5.95309710503,0,1000.0,-1,5.95309710503,0.0,1,0.0,1,180024.46059203154,SAT,,5.99,
6,3,48,1000.0,0,8.741627343344689,-1,90000.0,0.0,-1,1.0E9,1,270024.46059203154,CRASHED,,12.415,
