Run Number,Run History Configuration ID,Instance ID,Response Value (y),Censored?,Cutoff Time Used,Seed,Runtime,Run Length,Run Result Code,Run Quality,SMAC Iteration,SMAC Cumulative Runtime,Run Result,Additional Algorithm Run Data,Wall Clock Time,
1,1,263,16.2663719654,0,2000.0,-1,16.2663719654,0.0,1,0.0,0,16.2663719654,SAT,,16.388,
2,1,106,20.614828825,0,2000.0,-1,20.614828825,0.0,2,0.0,1,36.8812007904,UNSAT,,20.655,
3,2,106,20.7000889778,0,27.801877901303772,-1,20.7000889778,0.0,2,0.0,1,57.5812897682,UNSAT,,20.733,
4,1,142,25.4802660942,0,2000.0,-1,25.4802660942,0.0,2,0.0,1,83.0615558624,UNSAT,,25.523,
5,3,142,2000.0,0,34.126946971166134,-1,341.8309,0.0,-1,1.0E9,1,424.89245586239997,CRASHED,Run Exceeded Captime -- Treating as CRASHED;Killed Manually,359.822,
