Run Number,Run History Configuration ID,Instance ID,Response Value (y),Censored?,Cutoff Time Used,Seed,Runtime,Run Length,Run Result Code,Run Quality,SMAC Iteration,SMAC Cumulative Runtime,Run Result,Additional Algorithm Run Data,Wall Clock Time,
1,1,90,70.4500300884,0,2000.0,-1,70.4500300884,0.0,2,0.0,0,70.4500300884,UNSAT,,70.605,
2,1,56,1592.6952498,0,2000.0,-1,1592.6952498,0.0,1,0.0,1,1663.1452798884,SAT,,1592.742,
3,2,90,562.036026001,0,92.5876396599889,-1,562.036026001,0.0,2,0.0,1,2225.1813058894,UNSAT,,562.107,
4,1,197,1802.74860501,0,2000.0,-1,1802.74860501,0.0,1,0.0,1,4027.9299108994,SAT,,1802.797,
5,3,56,1802.01689911,0,2000.0,-1,1802.01689911,0.0,1,0.0,1,5829.9468100094,SAT,,1802.049,
6,1,91,120.180500031,0,2000.0,-1,120.180500031,0.0,2,0.0,2,5950.1273100404,UNSAT,,120.224,
7,4,56,1801.901299,0,2000.0,-1,1801.901299,0.0,1,0.0,2,7752.0286090404,SAT,,1801.942,
8,1,204,43.7955880165,0,2000.0,-1,43.7955880165,0.0,1,0.0,2,7795.8241970569,SAT,,43.852,
9,5,91,456.678879023,0,157.23725118522646,-1,456.678879023,0.0,2,0.0,2,8252.5030760799,UNSAT,,456.714,
