Run Number,Run History Configuration ID,Instance ID,Response Value (y),Censored?,Cutoff Time Used,Seed,Runtime,Run Length,Run Result Code,Run Quality,SMAC Iteration,SMAC Cumulative Runtime,Run Result,Additional Algorithm Run Data,Wall Clock Time,
1,1,817,332.964581013,0,2000.0,-1,332.964581013,0.0,1,0.0,0,332.964581013,SAT,,333.295,
2,1,1535,8557.94303608,0,2000.0,-1,8557.94303608,0.0,1,0.0,1,8890.907617093,SAT,,8558.016,
3,2,1535,7474.01468086,0,2000.0,-1,7474.01468086,0.0,1,0.0,1,16364.922297953,SAT,,7474.138,
4,2,817,5.61543703079,0,2000.0,-1,5.61543703079,0.0,1,0.0,1,16370.53773498379,SAT,,5.648,
5,2,2395,1993.86095595,0,2000.0,-1,1993.86095595,0.0,1,0.0,1,18364.39869093379,SAT,,1993.971,
6,3,2395,374.433278084,0,2000.0,-1,374.433278084,0.0,1,0.0,1,18738.831969017792,SAT,,374.486,
7,3,817,5.28220200539,0,2000.0,-1,5.28220200539,0.0,1,0.0,1,18744.114171023182,SAT,,5.313,
8,3,1535,9585.81171107,0,2000.0,-1,9585.81171107,0.0,1,0.0,1,28329.925882093183,SAT,,9585.856,
