Run Number,Run History Configuration ID,Instance ID,Response Value (y),Censored?,Cutoff Time Used,Seed,Runtime,Run Length,Run Result Code,Run Quality,SMAC Iteration,SMAC Cumulative Runtime,Run Result,Additional Algorithm Run Data,Wall Clock Time,
1,1,108,1000.0,0,1000.0,-1,90000.0,0.0,-1,1.0E9,0,90000.0,CRASHED,,6.105,
2,1,20,5.95881485939,0,1000.0,-1,5.95881485939,0.0,1,0.0,1,90005.95881485939,SAT,,6.003,
3,2,20,4.15605998039,0,8.749059949415923,-1,4.15605998039,0.0,1,0.0,1,90010.11487483978,SAT,,4.187,
4,2,108,1000.0,0,1000.0,-1,90000.0,0.0,0,0.0,1,180010.11487483978,TIMEOUT,,1881.651,
5,2,122,455.834825993,0,1000.0,-1,455.834825993,0.0,1,0.0,1,180465.94970083277,SAT,,455.88,
6,3,20,3.94918704033,0,6.405478984463215,-1,3.94918704033,0.0,1,0.0,1,180469.8988878731,SAT,,3.999,
7,3,108,1000.0,0,1000.0,-1,90000.0,0.0,0,0.0,1,270469.8988878731,TIMEOUT,,1881.745,
8,3,122,464.773832798,0,593.8594087850034,-1,464.773832798,0.0,1,0.0,1,270934.6727206711,SAT,,464.797,
