Run Number,Run History Configuration ID,Instance ID,Response Value (y),Censored?,Cutoff Time Used,Seed,Runtime,Run Length,Run Result Code,Run Quality,SMAC Iteration,SMAC Cumulative Runtime,Run Result,Additional Algorithm Run Data,Wall Clock Time,
1,1,3,1000.0,0,1000.0,-1,90000.0,0.0,-1,1.0E9,0,90000.0,CRASHED,,18.75,
2,1,76,1000.0,0,1000.0,-1,90000.0,0.0,-1,1.0E9,1,180000.0,CRASHED,,5.608,
3,2,3,1000.0,0,1000.0,-1,90000.0,0.0,-1,1.0E9,1,270000.0,CRASHED,,106.876,
4,2,76,1000.0,0,1000.0,-1,90000.0,0.0,-1,1.0E9,1,360000.0,CRASHED,,13.965,
5,1,134,8.18624210358,0,1000.0,-1,8.18624210358,0.0,1,0.0,1,360008.1862421036,SAT,,8.222,
6,3,76,1000.0,0,1000.0,-1,90000.0,0.0,-1,1.0E9,1,450008.1862421036,CRASHED,,12.719,
7,3,3,1000.0,0,1000.0,-1,90000.0,0.0,-1,1.0E9,1,540008.1862421036,CRASHED,,112.604,
8,3,134,44.0554120541,0,11.647315033125878,-1,44.0554120541,0.0,1,0.0,1,540052.2416541576,SAT,,44.084,
