Run Number,Run History Configuration ID,Instance ID,Response Value (y),Censored?,Cutoff Time Used,Seed,Runtime,Run Length,Run Result Code,Run Quality,SMAC Iteration,SMAC Cumulative Runtime,Run Result,Additional Algorithm Run Data,Wall Clock Time,
1,1,64,114.977119923,0,2000.0,-1,114.977119923,0.0,2,0.0,0,114.977119923,UNSAT,,115.248,
2,1,121,15.1035470963,0,2000.0,-1,15.1035470963,0.0,2,0.0,1,130.0806670193,UNSAT,,15.163,
3,2,64,11.179461956,0,150.47285686095358,-1,11.179461956,0.0,2,0.0,1,141.2601289753,UNSAT,,11.216,
4,2,121,25.2969760895,0,155.57546744902731,-1,25.2969760895,0.0,2,0.0,1,166.5571050648,UNSAT,,25.627,
5,2,258,1802.00889587,0,2000.0,-1,1802.00889587,0.0,2,0.0,1,1968.5660009348,UNSAT,,1802.038,
6,3,121,2000.0,0,33.88866892864108,-1,339.8207,0.0,-1,1.0E9,1,2308.3867009348,CRASHED,Run Exceeded Captime -- Treating as CRASHED;Killed Manually,357.706,
