Run Number,Run History Configuration ID,Instance ID,Response Value (y),Censored?,Cutoff Time Used,Seed,Runtime,Run Length,Run Result Code,Run Quality,SMAC Iteration,SMAC Cumulative Runtime,Run Result,Additional Algorithm Run Data,Wall Clock Time,
1,1,34,3.86757612228,0,2000.0,-1,3.86757612228,0.0,1,0.0,0,3.86757612228,SAT,,4.019,
2,1,119,3.76249694824,0,2000.0,-1,3.76249694824,0.0,1,0.0,1,7.63007307052,SAT,,3.78,
3,2,119,5.21221423149,0,5.893847149211168,-1,5.21221423149,0.0,1,0.0,1,12.84228730201,SAT,,5.28,
4,1,136,3.82719492912,0,2000.0,-1,3.82719492912,0.0,1,0.0,1,16.66948223113,SAT,,3.942,
5,3,136,4.00873684883,0,5.977954611527919,-1,4.00873684883,0.0,1,0.0,1,20.67821907996,SAT,,4.049,
6,1,142,4.15128993988,0,2000.0,-1,4.15128993988,0.0,1,0.0,2,24.829509019840003,SAT,,4.172,
7,4,142,2000.0,0,6.399277679967881,-1,64.66935,0.0,-1,1.0E9,2,89.49885901984,CRASHED,Run Exceeded Captime -- Treating as CRASHED;Killed Manually,68.073,
8,1,16,5.23059988022,0,2000.0,-1,5.23059988022,0.0,2,0.0,2,94.72945890006,UNSAT,,5.256,
9,5,136,7.33758997917,0,5.977954611527919,-1,7.33758997917,0.0,1,0.0,2,102.06704887923,SAT,,7.362,
