Run Number,Run History Configuration ID,Instance ID,Response Value (y),Censored?,Cutoff Time Used,Seed,Runtime,Run Length,Run Result Code,Run Quality,SMAC Iteration,SMAC Cumulative Runtime,Run Result,Additional Algorithm Run Data,Wall Clock Time,
1,1,34,3.86757612228,0,2000.0,-1,3.86757612228,0.0,1,0.0,0,3.86757612228,SAT,,4.019,
2,1,119,3.76249694824,0,2000.0,-1,3.76249694824,0.0,1,0.0,1,7.63007307052,SAT,,3.78,
3,2,119,5.21221423149,0,5.893847149211168,-1,5.21221423149,0.0,1,0.0,1,12.84228730201,SAT,,5.28,
4,1,136,3.82719492912,0,2000.0,-1,3.82719492912,0.0,1,0.0,1,16.66948223113,SAT,,3.942,
5,3,136,4.00873684883,0,5.977954611527919,-1,4.00873684883,0.0,1,0.0,1,20.67821907996,SAT,,4.049,
