Run Number,Run History Configuration ID,Instance ID,Response Value (y),Censored?,Cutoff Time Used,Seed,Runtime,Run Length,Run Result Code,Run Quality,SMAC Iteration,SMAC Cumulative Runtime,Run Result,Additional Algorithm Run Data,Wall Clock Time,
1,1,345,900.0,0,900.0,-1,90000.0,0.0,-1,1.0E9,0,90000.0,CRASHED,,8.757,
2,1,545,900.0,0,900.0,-1,90000.0,0.0,-1,1.0E9,1,180000.0,CRASHED,,6.608,
3,2,345,14.2940101624,0,900.0,-1,14.2940101624,0.0,1,0.0,1,180014.2940101624,SAT,,14.371,
4,2,545,881.730770111,0,900.0,-1,881.730770111,0.0,1,0.0,1,180896.0247802734,SAT,,881.76,
5,2,565,881.894630194,0,900.0,-1,881.894630194,0.0,1,0.0,1,181777.9194104674,SAT,,881.926,
6,3,545,4.37435507774,0,900.0,-1,4.37435507774,0.0,1,0.0,1,181782.29376554515,SAT,,4.4,
7,3,345,5.32210898399,0,900.0,-1,5.32210898399,0.0,1,0.0,1,181787.61587452915,SAT,,5.355,
8,3,565,900.0,0,900.0,-1,90000.0,0.0,0,0.0,1,271787.6158745291,TIMEOUT,,1882.11,
