Run Number,Run History Configuration ID,Instance ID,Response Value (y),Censored?,Cutoff Time Used,Seed,Runtime,Run Length,Run Result Code,Run Quality,SMAC Iteration,SMAC Cumulative Runtime,Run Result,Additional Algorithm Run Data,Wall Clock Time,
1,1,62,1000.0,0,1000.0,-1,90000.0,0.0,-1,1.0E9,0,90000.0,CRASHED,,5.341,
2,1,71,1000.0,0,1000.0,-1,90000.0,0.0,-1,1.0E9,1,180000.0,CRASHED,,6.52,
3,2,62,4.56080293655,0,1000.0,-1,4.56080293655,0.0,1,0.0,1,180004.56080293655,SAT,,4.601,
4,2,71,4.24679398537,0,1000.0,-1,4.24679398537,0.0,1,0.0,1,180008.80759692192,SAT,,4.279,
5,2,76,20.9637191296,0,1000.0,-1,20.9637191296,0.0,1,0.0,1,180029.7713160515,SAT,,20.992,
6,3,71,1000.0,0,6.523433316844702,-1,90000.0,0.0,-1,1.0E9,1,270029.7713160515,CRASHED,,5.742,
