Run Number,Run History Configuration ID,Instance ID,Response Value (y),Censored?,Cutoff Time Used,Seed,Runtime,Run Length,Run Result Code,Run Quality,SMAC Iteration,SMAC Cumulative Runtime,Run Result,Additional Algorithm Run Data,Wall Clock Time,
1,1,561,900.0,0,900.0,-1,90000.0,0.0,-1,1.0E9,0,90000.0,CRASHED,,6.38,
2,1,399,900.0,0,900.0,-1,90000.0,0.0,-1,1.0E9,1,180000.0,CRASHED,,5.471,
3,2,561,4.35226917267,0,900.0,-1,4.35226917267,0.0,1,0.0,1,180004.35226917267,SAT,,4.38,
4,2,399,900.0,0,900.0,-1,90000.0,0.0,0,0.0,1,270004.35226917267,TIMEOUT,,1881.88,
5,2,136,23.9770538807,0,900.0,-1,23.9770538807,0.0,1,0.0,1,270028.32932305336,SAT,,24.01,
6,3,136,900.0,0,32.17277051729262,-1,90000.0,0.0,-1,1.0E9,1,360028.32932305336,CRASHED,,44.238,
