Run Number,Run History Configuration ID,Instance ID,Response Value (y),Censored?,Cutoff Time Used,Seed,Runtime,Run Length,Run Result Code,Run Quality,SMAC Iteration,SMAC Cumulative Runtime,Run Result,Additional Algorithm Run Data,Wall Clock Time,
1,1,33,1802.58393097,0,2000.0,-1,1802.58393097,0.0,2,0.0,0,1802.58393097,UNSAT,,1802.802,
2,1,28,707.769812822,0,2000.0,-1,707.769812822,0.0,2,0.0,1,2510.353743792,UNSAT,,707.969,
3,2,28,874.231533051,0,921.1033572334528,-1,874.231533051,0.0,2,0.0,1,3384.585276843,UNSAT,,874.274,
4,1,180,506.675779104,0,2000.0,-1,506.675779104,0.0,2,0.0,1,3891.261055947,UNSAT,,506.93,
5,3,33,1802.30716801,0,2000.0,-1,1802.30716801,0.0,2,0.0,1,5693.568223957,UNSAT,,1802.377,
6,3,180,1804.5454309,0,1580.1442623030127,-1,1804.5454309,0.0,2,0.0,1,7498.113654856999,UNSAT,,1804.574,
