Run Number,Run History Configuration ID,Instance ID,Response Value (y),Censored?,Cutoff Time Used,Seed,Runtime,Run Length,Run Result Code,Run Quality,SMAC Iteration,SMAC Cumulative Runtime,Run Result,Additional Algorithm Run Data,Wall Clock Time,
1,1,128,1000.0,0,1000.0,-1,90000.0,0.0,-1,1.0E9,0,90000.0,CRASHED,,375.963,
2,1,1,6.67894601822,0,1000.0,-1,6.67894601822,0.0,1,0.0,1,90006.67894601822,SAT,,6.795,
3,2,128,1000.0,0,1000.0,-1,90000.0,0.0,0,0.0,1,180006.67894601822,TIMEOUT,,1882.055,
4,2,1,4.23144197464,0,9.68653083627224,-1,4.23144197464,0.0,1,0.0,1,180010.91038799286,SAT,,4.332,
5,2,110,1000.0,0,1000.0,-1,90000.0,0.0,0,0.0,1,270010.91038799286,TIMEOUT,,1881.716,
6,3,128,1000.0,0,1000.0,-1,90000.0,0.0,-1,1.0E9,1,360010.91038799286,CRASHED,,423.177,
7,3,110,1000.0,0,1000.0,-1,90000.0,0.0,-1,1.0E9,1,450010.91038799286,CRASHED,,287.316,
8,3,1,1000.0,0,6.5060752335667615,-1,65.6279,0.0,-1,1.0E9,1,450076.5382879929,CRASHED,Run Exceeded Captime -- Treating as CRASHED;Killed Manually,69.082,
