Run Number,Run History Configuration ID,Instance ID,Response Value (y),Censored?,Cutoff Time Used,Seed,Runtime,Run Length,Run Result Code,Run Quality,SMAC Iteration,SMAC Cumulative Runtime,Run Result,Additional Algorithm Run Data,Wall Clock Time,
1,1,74,1000.0,0,1000.0,-1,90000.0,0.0,-1,1.0E9,0,90000.0,CRASHED,,11.554,
2,1,27,1000.0,0,1000.0,-1,90000.0,0.0,-1,1.0E9,1,180000.0,CRASHED,,5.985,
3,2,27,6.70498800278,0,1000.0,-1,6.70498800278,0.0,1,0.0,1,180006.70498800278,SAT,,6.738,
4,2,74,4.34303689003,0,1000.0,-1,4.34303689003,0.0,1,0.0,1,180011.0480248928,SAT,,4.371,
5,2,93,71.0283908844,0,1000.0,-1,71.0283908844,0.0,1,0.0,1,180082.0764157772,SAT,,71.068,
6,3,27,5.11350011826,0,9.71908465807438,-1,5.11350011826,0.0,1,0.0,1,180087.18991589546,SAT,,5.155,
7,3,74,4.48811101913,0,101.05699076165558,-1,4.48811101913,0.0,1,0.0,1,180091.6780269146,SAT,,4.512,
8,3,93,7.06044411659,0,95.22244705666901,-1,7.06044411659,0.0,1,0.0,1,180098.7384710312,SAT,,7.087,
