Run Number,Run History Configuration ID,Instance ID,Response Value (y),Censored?,Cutoff Time Used,Seed,Runtime,Run Length,Run Result Code,Run Quality,SMAC Iteration,SMAC Cumulative Runtime,Run Result,Additional Algorithm Run Data,Wall Clock Time,
1,1,135,3.30349206924,0,2000.0,-1,3.30349206924,0.0,1,0.0,0,3.30349206924,SAT,,3.415,
2,1,20,4.43707299232,0,2000.0,-1,4.43707299232,0.0,2,0.0,1,7.74056506156,UNSAT,,4.503,
3,2,20,5.09263396263,0,6.770795386630297,-1,5.09263396263,0.0,2,0.0,1,12.83319902419,UNSAT,,5.168,
4,1,17,5.62660598755,0,2000.0,-1,5.62660598755,0.0,2,0.0,1,18.45980501174,UNSAT,,5.748,
5,3,20,4.10577893257,0,6.770795386630297,-1,4.10577893257,0.0,2,0.0,1,22.56558394431,UNSAT,,4.125,
6,3,17,4.72648310661,0,13.045010611760617,-1,4.72648310661,0.0,2,0.0,1,27.29206705092,UNSAT,,4.761,
7,3,135,5.16172099113,0,6.900582079190016,-1,5.16172099113,0.0,1,0.0,1,32.45378804205,SAT,,5.182,
