Run Number,Run History Configuration ID,Instance ID,Response Value (y),Censored?,Cutoff Time Used,Seed,Runtime,Run Length,Run Result Code,Run Quality,SMAC Iteration,SMAC Cumulative Runtime,Run Result,Additional Algorithm Run Data,Wall Clock Time,
1,1,192,84.1471619606,0,2000.0,-1,84.1471619606,0.0,1,0.0,0,84.1471619606,SAT,,84.813,
2,1,251,243.450523138,0,2000.0,-1,243.450523138,0.0,1,0.0,1,327.5976850986,SAT,,243.532,
3,2,192,121.281007051,0,110.39391065796019,-1,121.281007051,0.0,1,0.0,1,448.8786921496,SAT,,121.352,
4,1,30,1802.64060593,0,2000.0,-1,1802.64060593,0.0,2,0.0,1,2251.5192980796,UNSAT,,1802.715,
5,3,192,2000.0,0,110.39391065796019,-1,1104.82815,0.0,-1,1.0E9,1,3356.3474480796003,CRASHED,Run Exceeded Captime -- Treating as CRASHED;Killed Manually,1162.977,
