Run Number,Run History Configuration ID,Instance ID,Response Value (y),Censored?,Cutoff Time Used,Seed,Runtime,Run Length,Run Result Code,Run Quality,SMAC Iteration,SMAC Cumulative Runtime,Run Result,Additional Algorithm Run Data,Wall Clock Time,
1,1,72,144.039059162,0,2000.0,-1,144.039059162,0.0,2,0.0,0,144.039059162,UNSAT,,144.255,
2,1,135,144.647428036,0,2000.0,-1,144.647428036,0.0,2,0.0,1,288.686487198,UNSAT,,144.689,
3,2,72,20.23624897,0,188.25337708776,-1,20.23624897,0.0,2,0.0,1,308.92273616800003,UNSAT,,20.273,
4,2,135,1801.85060382,0,349.98920977895256,-1,1801.85060382,0.0,2,0.0,1,2110.773339988,UNSAT,,1801.898,
5,1,126,17.2191259861,0,2000.0,-1,17.2191259861,0.0,2,0.0,1,2127.9924659741,UNSAT,,17.243,
6,3,126,176.093074799,0,23.38746440445185,-1,176.093074799,0.0,2,0.0,1,2304.0855407731,UNSAT,,176.128,
