Run Number,Run History Configuration ID,Instance ID,Response Value (y),Censored?,Cutoff Time Used,Seed,Runtime,Run Length,Run Result Code,Run Quality,SMAC Iteration,SMAC Cumulative Runtime,Run Result,Additional Algorithm Run Data,Wall Clock Time,
1,1,19,332.120646,0,2000.0,-1,332.120646,0.0,2,0.0,0,332.120646,UNSAT,,332.397,
2,1,160,141.897374868,0,2000.0,-1,141.897374868,0.0,2,0.0,1,474.018020868,UNSAT,,141.953,
3,2,19,1802.17305398,0,432.7594398412585,-1,1802.17305398,0.0,2,0.0,1,2276.191074848,UNSAT,,1802.223,
4,1,100,1802.6836009,0,2000.0,-1,1802.6836009,0.0,2,0.0,1,4078.8746757480003,UNSAT,,1802.717,
5,3,100,1802.00934386,0,2000.0,-1,1802.00934386,0.0,2,0.0,1,5880.884019608,UNSAT,,1802.051,
6,3,19,1802.4522481,0,618.1051618311286,-1,1802.4522481,0.0,2,0.0,1,7683.336267708,UNSAT,,1802.542,
