Run Number,Run History Configuration ID,Instance ID,Response Value (y),Censored?,Cutoff Time Used,Seed,Runtime,Run Length,Run Result Code,Run Quality,SMAC Iteration,SMAC Cumulative Runtime,Run Result,Additional Algorithm Run Data,Wall Clock Time,
1,1,4,1000.0,0,1000.0,-1,90000.0,0.0,0,0.0,0,90000.0,TIMEOUT,,1882.082,
2,1,120,14.3181600571,0,1000.0,-1,14.3181600571,0.0,1,0.0,1,90014.3181600571,SAT,,14.416,
3,2,120,6.58465003967,0,19.61620923911333,-1,6.58465003967,0.0,1,0.0,1,90020.90281009677,SAT,,6.617,
4,2,4,1000.0,0,1000.0,-1,90000.0,0.0,0,0.0,1,180020.90281009677,TIMEOUT,,1881.757,
5,2,75,4.88973593712,0,1000.0,-1,4.88973593712,0.0,1,0.0,1,180025.7925460339,SAT,,4.932,
6,3,4,1000.0,0,1000.0,-1,90000.0,0.0,0,0.0,1,270025.79254603386,TIMEOUT,,1881.872,
7,3,75,1000.0,0,15.921902552592755,-1,90000.0,0.0,-1,1.0E9,1,360025.79254603386,CRASHED,,9.149,
