Run Number,Run History Configuration ID,Instance ID,Response Value (y),Censored?,Cutoff Time Used,Seed,Runtime,Run Length,Run Result Code,Run Quality,SMAC Iteration,SMAC Cumulative Runtime,Run Result,Additional Algorithm Run Data,Wall Clock Time,
1,1,90,3.95002007484,0,2000.0,-1,3.95002007484,0.0,1,0.0,0,3.95002007484,SAT,,4.066,
2,1,16,5.23059988022,0,2000.0,-1,5.23059988022,0.0,2,0.0,1,9.18061995506,UNSAT,,5.256,
3,2,16,4.79050087929,0,7.802380331206322,-1,4.79050087929,0.0,2,0.0,1,13.97112083435,UNSAT,,4.83,
4,2,90,3.54355597496,0,6.71105486189127,-1,3.54355597496,0.0,1,0.0,1,17.51467680931,SAT,,3.569,
5,2,37,3.96609687805,0,2000.0,-1,3.96609687805,0.0,1,0.0,1,21.48077368736,SAT,,4.009,
6,3,37,3.80692791939,0,6.158526137816906,-1,3.80692791939,0.0,1,0.0,1,25.287701606749998,SAT,,3.867,
7,3,16,5.12781691551,0,12.046394765722752,-1,5.12781691551,0.0,2,0.0,1,30.415518522259998,UNSAT,,5.157,
8,3,90,3.67274308205,0,5.380232155668735,-1,3.67274308205,0.0,1,0.0,1,34.08826160431,SAT,,3.698,
