Run Number,Run History Configuration ID,Instance ID,Response Value (y),Censored?,Cutoff Time Used,Seed,Runtime,Run Length,Run Result Code,Run Quality,SMAC Iteration,SMAC Cumulative Runtime,Run Result,Additional Algorithm Run Data,Wall Clock Time,
1,1,28,1000.0,0,1000.0,-1,90000.0,0.0,-1,1.0E9,0,90000.0,CRASHED,,4.862,
2,1,143,1000.0,0,1000.0,-1,90000.0,0.0,0,0.0,1,180000.0,TIMEOUT,,1881.586,
3,2,28,4.56087303162,0,1000.0,-1,4.56087303162,0.0,1,0.0,1,180004.56087303162,SAT,,4.597,
4,2,143,1000.0,0,1000.0,-1,90000.0,0.0,0,0.0,1,270004.5608730316,TIMEOUT,,1881.814,
5,2,80,3.61343383789,0,1000.0,-1,3.61343383789,0.0,1,0.0,1,270008.1743068695,SAT,,3.645,
6,3,143,1000.0,0,1000.0,-1,90000.0,0.0,0,0.0,1,360008.1743068695,TIMEOUT,,1881.811,
7,3,28,4.36891317368,0,11.631799664694071,-1,4.36891317368,0.0,1,0.0,1,360012.5432200432,SAT,,4.418,
8,3,80,4.05098581314,0,5.952212296772003,-1,4.05098581314,0.0,1,0.0,1,360016.5942058563,SAT,,4.073,
