Run Number,Run History Configuration ID,Instance ID,Response Value (y),Censored?,Cutoff Time Used,Seed,Runtime,Run Length,Run Result Code,Run Quality,SMAC Iteration,SMAC Cumulative Runtime,Run Result,Additional Algorithm Run Data,Wall Clock Time,
1,1,280,900.0,0,900.0,-1,90000.0,0.0,-1,1.0E9,0,90000.0,CRASHED,,6.595,
2,1,375,900.0,0,900.0,-1,90000.0,0.0,-1,1.0E9,1,180000.0,CRASHED,,6.637,
3,2,280,5.6192150116,0,900.0,-1,5.6192150116,0.0,1,0.0,1,180005.6192150116,SAT,,5.669,
4,2,375,881.940450907,0,900.0,-1,881.940450907,0.0,1,0.0,1,180887.55966591858,SAT,,881.974,
5,2,86,502.563454866,0,900.0,-1,502.563454866,0.0,1,0.0,1,181390.12312078458,SAT,,502.61,
6,3,280,900.0,0,8.307579856711627,-1,90000.0,0.0,-1,1.0E9,1,271390.1231207846,CRASHED,,6.429,
