Run Number,Run History Configuration ID,Instance ID,Response Value (y),Censored?,Cutoff Time Used,Seed,Runtime,Run Length,Run Result Code,Run Quality,SMAC Iteration,SMAC Cumulative Runtime,Run Result,Additional Algorithm Run Data,Wall Clock Time,
1,1,306,900.0,0,900.0,-1,90000.0,0.0,-1,1.0E9,0,90000.0,CRASHED,,5.866,
2,1,562,900.0,0,900.0,-1,90000.0,0.0,-1,1.0E9,1,180000.0,CRASHED,,6.349,
3,2,562,4.27681112289,0,900.0,-1,4.27681112289,0.0,1,0.0,1,180004.2768111229,SAT,,4.303,
4,2,306,5.42910909653,0,900.0,-1,5.42910909653,0.0,1,0.0,1,180009.70592021942,SAT,,5.46,
5,2,465,5.10854697227,0,900.0,-1,5.10854697227,0.0,1,0.0,1,180014.8144671917,SAT,,5.132,
6,3,306,900.0,0,8.0604423753649,-1,90000.0,0.0,-1,1.0E9,1,270014.8144671917,CRASHED,,6.713,
