Run Number,Run History Configuration ID,Instance ID,Response Value (y),Censored?,Cutoff Time Used,Seed,Runtime,Run Length,Run Result Code,Run Quality,SMAC Iteration,SMAC Cumulative Runtime,Run Result,Additional Algorithm Run Data,Wall Clock Time,
1,1,75,1000.0,0,1000.0,-1,90000.0,0.0,-1,1.0E9,0,90000.0,CRASHED,,6.554,
2,1,29,1000.0,0,1000.0,-1,90000.0,0.0,-1,1.0E9,1,180000.0,CRASHED,,19.022,
3,2,29,7.71646094322,0,1000.0,-1,7.71646094322,0.0,1,0.0,1,180007.71646094322,SAT,,7.749,
4,2,75,5.07876086235,0,1000.0,-1,5.07876086235,0.0,1,0.0,1,180012.79522180557,SAT,,5.1,
5,2,77,10.493678093,0,1000.0,-1,10.493678093,0.0,1,0.0,1,180023.28889989856,SAT,,10.517,
6,3,75,1000.0,0,7.60498949174881,-1,90000.0,0.0,-1,1.0E9,1,270023.2888998985,CRASHED,,8.171,
