Run Number,Run History Configuration ID,Instance ID,Response Value (y),Censored?,Cutoff Time Used,Seed,Runtime,Run Length,Run Result Code,Run Quality,SMAC Iteration,SMAC Cumulative Runtime,Run Result,Additional Algorithm Run Data,Wall Clock Time,
1,1,9,1000.0,0,1000.0,-1,90000.0,0.0,-1,1.0E9,0,90000.0,CRASHED,,12.812,
2,1,24,1000.0,0,1000.0,-1,90000.0,0.0,-1,1.0E9,1,180000.0,CRASHED,,5.291,
3,2,9,5.11826586723,0,1000.0,-1,5.11826586723,0.0,1,0.0,1,180005.11826586723,SAT,,5.161,
4,2,24,4.9359588623,0,1000.0,-1,4.9359588623,0.0,1,0.0,1,180010.05422472954,SAT,,4.959,
5,2,26,4.95832800865,0,1000.0,-1,4.95832800865,0.0,1,0.0,1,180015.0125527382,SAT,,5.002,
6,3,24,1000.0,0,7.419347472834588,-1,90000.0,0.0,-1,1.0E9,1,270015.0125527382,CRASHED,,6.546,
