Run Number,Run History Configuration ID,Instance ID,Response Value (y),Censored?,Cutoff Time Used,Seed,Runtime,Run Length,Run Result Code,Run Quality,SMAC Iteration,SMAC Cumulative Runtime,Run Result,Additional Algorithm Run Data,Wall Clock Time,
1,1,237,159.089833021,0,2000.0,-1,159.089833021,0.0,1,0.0,0,159.089833021,SAT,,159.334,
2,1,22,253.378908873,0,2000.0,-1,253.378908873,0.0,2,0.0,1,412.468741894,UNSAT,,253.434,
3,2,237,1802.91662002,0,207.81938385998012,-1,1802.91662002,0.0,1,0.0,1,2215.385361914,SAT,,1803.029,
4,1,203,23.2551641464,0,2000.0,-1,23.2551641464,0.0,1,0.0,1,2238.6405260604,SAT,,23.303,
5,3,22,358.39760685,0,330.3951821181655,-1,358.39760685,0.0,2,0.0,1,2597.0381329104002,UNSAT,,358.443,
6,1,260,198.937122107,0,2000.0,-1,198.937122107,0.0,2,0.0,2,2795.9752550174003,UNSAT,,198.981,
7,4,203,35.3588688374,0,31.23431446810365,-1,35.3588688374,0.0,1,0.0,2,2831.3341238548005,SAT,,35.398,
8,1,125,22.6041128635,0,2000.0,-1,22.6041128635,0.0,2,0.0,2,2853.9382367183007,UNSAT,,22.709,
9,5,237,1802.40293002,0,207.81938385998012,-1,1802.40293002,0.0,1,0.0,2,4656.341166738301,SAT,,1802.496,
