Run Number,Run History Configuration ID,Instance ID,Response Value (y),Censored?,Cutoff Time Used,Seed,Runtime,Run Length,Run Result Code,Run Quality,SMAC Iteration,SMAC Cumulative Runtime,Run Result,Additional Algorithm Run Data,Wall Clock Time,
1,1,1703,859.393779993,0,2000.0,-1,859.393779993,0.0,2,0.0,0,859.393779993,UNSAT,,859.633,
2,1,955,573.58300209,0,2000.0,-1,573.58300209,0.0,1,0.0,1,1432.976782083,SAT,,573.69,
3,2,955,9.27085900307,0,746.6605031754553,-1,9.27085900307,0.0,1,0.0,1,1442.24764108607,SAT,,9.344,
4,2,1703,1826.15013409,0,1851.8216010074796,-1,1826.15013409,0.0,2,0.0,1,3268.39777517607,UNSAT,,1826.188,
5,1,1294,1045.25682902,0,2000.0,-1,1045.25682902,0.0,1,0.0,1,4313.65460419607,SAT,,1045.35,
6,3,1294,1803.68725801,0,1359.8364778686048,-1,1803.68725801,0.0,1,0.0,1,6117.34186220607,SAT,,1803.761,
