Run Number,Run History Configuration ID,Instance ID,Response Value (y),Censored?,Cutoff Time Used,Seed,Runtime,Run Length,Run Result Code,Run Quality,SMAC Iteration,SMAC Cumulative Runtime,Run Result,Additional Algorithm Run Data,Wall Clock Time,
1,1,11,1802.52324605,0,2000.0,-1,1802.52324605,0.0,2,0.0,0,1802.52324605,UNSAT,,1802.733,
2,1,87,4.40654397011,0,2000.0,-1,4.40654397011,0.0,1,0.0,1,1806.92979002011,SAT,,4.455,
3,2,11,1804.50537801,0,2000.0,-1,1804.50537801,0.0,2,0.0,1,3611.4351680301097,UNSAT,,1804.567,
4,1,98,3.60300779343,0,2000.0,-1,3.60300779343,0.0,1,0.0,1,3615.03817582354,SAT,,3.726,
5,3,87,6.30894207954,0,6.731108006435633,-1,6.30894207954,0.0,1,0.0,1,3621.34711790308,SAT,,6.342,
