Run Number,Run History Configuration ID,Instance ID,Response Value (y),Censored?,Cutoff Time Used,Seed,Runtime,Run Length,Run Result Code,Run Quality,SMAC Iteration,SMAC Cumulative Runtime,Run Result,Additional Algorithm Run Data,Wall Clock Time,
1,1,2654,1160.78047204,0,2000.0,-1,1160.78047204,0.0,1,0.0,0,1160.78047204,SAT,,1160.994,
2,1,2449,2277.21357203,0,2000.0,-1,2277.21357203,0.0,1,0.0,1,3437.9940440699997,SAT,,2277.275,
3,2,2449,1374.70590615,0,2000.0,-1,1374.70590615,0.0,1,0.0,1,4812.69995022,SAT,,1374.797,
4,2,2654,1053.53488612,0,2000.0,-1,1053.53488612,0.0,1,0.0,1,5866.23483634,SAT,,1053.575,
5,2,2397,847.999531031,0,2000.0,-1,847.999531031,0.0,1,0.0,1,6714.234367370999,SAT,,848.202,
6,3,2654,2575.39217305,0,1370.5979531522573,-1,2575.39217305,0.0,1,0.0,1,9289.626540420999,SAT,,2575.498,
