Run Number,Run History Configuration ID,Instance ID,Response Value (y),Censored?,Cutoff Time Used,Seed,Runtime,Run Length,Run Result Code,Run Quality,SMAC Iteration,SMAC Cumulative Runtime,Run Result,Additional Algorithm Run Data,Wall Clock Time,
1,1,2465,299.594117165,0,2000.0,-1,299.594117165,0.0,1,0.0,0,299.594117165,SAT,,299.9,
2,1,484,50.2368760109,0,2000.0,-1,50.2368760109,0.0,1,0.0,1,349.8309931759,SAT,,50.265,
3,2,2465,1810.55854797,0,390.4749528396606,-1,1810.55854797,0.0,1,0.0,1,2160.3895411459002,SAT,,1810.614,
4,1,2780,363.209749937,0,2000.0,-1,363.209749937,0.0,1,0.0,1,2523.5992910829004,SAT,,363.269,
5,3,484,50.2339091301,0,66.31053927202821,-1,50.2339091301,0.0,1,0.0,1,2573.8332002130005,SAT,,50.33,
6,3,2780,1810.58880687,0,862.6540852602303,-1,1810.58880687,0.0,1,0.0,1,4384.422007083001,SAT,,1810.628,
