Run Number,Run History Configuration ID,Instance ID,Response Value (y),Censored?,Cutoff Time Used,Seed,Runtime,Run Length,Run Result Code,Run Quality,SMAC Iteration,SMAC Cumulative Runtime,Run Result,Additional Algorithm Run Data,Wall Clock Time,
1,1,55,1000.0,0,1000.0,-1,90000.0,0.0,-1,1.0E9,0,90000.0,CRASHED,,5.278,
2,1,97,1000.0,0,1000.0,-1,90000.0,0.0,-1,1.0E9,1,180000.0,CRASHED,,5.878,
3,2,97,4.75030303001,0,1000.0,-1,4.75030303001,0.0,1,0.0,1,180004.75030303,SAT,,4.789,
4,2,55,4.17466402054,0,1000.0,-1,4.17466402054,0.0,1,0.0,1,180008.92496705055,SAT,,4.204,
5,2,96,1000.0,0,1000.0,-1,90000.0,0.0,0,0.0,1,270008.92496705055,TIMEOUT,,1881.623,
6,3,97,6.14383912086,0,7.177994203168154,-1,6.14383912086,0.0,1,0.0,1,270015.0688061714,SAT,,6.186,
