Run Number,Run History Configuration ID,Instance ID,Response Value (y),Censored?,Cutoff Time Used,Seed,Runtime,Run Length,Run Result Code,Run Quality,SMAC Iteration,SMAC Cumulative Runtime,Run Result,Additional Algorithm Run Data,Wall Clock Time,
1,1,88,1000.0,0,1000.0,-1,90000.0,0.0,-1,1.0E9,0,90000.0,CRASHED,,8.468,
2,1,46,1000.0,0,1000.0,-1,90000.0,0.0,-1,1.0E9,1,180000.0,CRASHED,,11.215,
3,2,46,12.5038127899,0,1000.0,-1,12.5038127899,0.0,1,0.0,1,180012.5038127899,SAT,,12.538,
4,2,88,7.61549592018,0,1000.0,-1,7.61549592018,0.0,1,0.0,1,180020.11930871007,SAT,,7.662,
5,2,23,5.38870000839,0,1000.0,-1,5.38870000839,0.0,1,0.0,1,180025.50800871846,SAT,,5.432,
6,3,46,1000.0,0,17.257557239729167,-1,90000.0,0.0,-1,1.0E9,1,270025.5080087185,CRASHED,,9.676,
