Run Number,Run History Configuration ID,Instance ID,Response Value (y),Censored?,Cutoff Time Used,Seed,Runtime,Run Length,Run Result Code,Run Quality,SMAC Iteration,SMAC Cumulative Runtime,Run Result,Additional Algorithm Run Data,Wall Clock Time,
1,1,24,1000.0,0,1000.0,-1,90000.0,0.0,-1,1.0E9,0,90000.0,CRASHED,,4.37,
2,1,156,1000.0,0,1000.0,-1,90000.0,0.0,0,0.0,1,180000.0,TIMEOUT,,1964.88,
3,2,156,1000.0,0,1000.0,-1,90000.0,0.0,0,0.0,1,270000.0,TIMEOUT,,1985.367,
4,2,24,4.07961916924,0,1000.0,-1,4.07961916924,0.0,1,0.0,1,270004.07961916924,SAT,,4.121,
5,2,37,3.52544188499,0,1000.0,-1,3.52544188499,0.0,1,0.0,1,270007.60506105423,SAT,,3.593,
6,3,37,3.86556506157,0,5.585675489503145,-1,3.86556506157,0.0,1,0.0,1,270011.4706261158,SAT,,3.903,
