Run Number,Run History Configuration ID,Instance ID,Response Value (y),Censored?,Cutoff Time Used,Seed,Runtime,Run Length,Run Result Code,Run Quality,SMAC Iteration,SMAC Cumulative Runtime,Run Result,Additional Algorithm Run Data,Wall Clock Time,
1,1,237,900.0,0,900.0,-1,90000.0,0.0,-1,1.0E9,0,90000.0,CRASHED,,109.98,
2,1,214,900.0,0,900.0,-1,90000.0,0.0,-1,1.0E9,1,180000.0,CRASHED,,361.624,
3,2,214,38.6679182053,0,900.0,-1,38.6679182053,0.0,1,0.0,1,180038.6679182053,SAT,,38.703,
4,2,237,11.153840065,0,900.0,-1,11.153840065,0.0,1,0.0,1,180049.8217582703,SAT,,11.176,
5,2,242,62.0595538616,0,900.0,-1,62.0595538616,0.0,1,0.0,1,180111.88131213188,SAT,,62.107,
6,3,242,72.616230011,0,81.68002026003897,-1,72.616230011,0.0,1,0.0,1,180184.49754214287,SAT,,72.641,
