Run Number,Run History Configuration ID,Instance ID,Response Value (y),Censored?,Cutoff Time Used,Seed,Runtime,Run Length,Run Result Code,Run Quality,SMAC Iteration,SMAC Cumulative Runtime,Run Result,Additional Algorithm Run Data,Wall Clock Time,
1,1,265,900.0,0,900.0,-1,90000.0,0.0,-1,1.0E9,0,90000.0,CRASHED,,348.297,
2,1,519,900.0,0,900.0,-1,90000.0,0.0,-1,1.0E9,1,180000.0,CRASHED,,5.657,
3,2,519,900.0,0,900.0,-1,90000.0,0.0,0,0.0,1,270000.0,TIMEOUT,,1881.867,
4,2,265,25.3125760555,0,900.0,-1,25.3125760555,0.0,1,0.0,1,270025.3125760555,SAT,,25.336,
5,2,396,900.0,0,900.0,-1,90000.0,0.0,0,0.0,1,360025.3125760555,TIMEOUT,,1882.247,
6,3,396,900.0,0,900.0,-1,90000.0,0.0,0,0.0,1,450025.3125760555,TIMEOUT,,1882.19,
7,3,265,900.0,0,900.0,-1,90000.0,0.0,0,0.0,1,540025.3125760555,TIMEOUT,,1882.602,
8,3,519,900.0,0,33.911549223932624,-1,339.8701,0.0,-1,1.0E9,1,540365.1826760555,CRASHED,Run Exceeded Captime -- Treating as CRASHED;Killed Manually,357.758,
