Run Number,Run History Configuration ID,Instance ID,Response Value (y),Censored?,Cutoff Time Used,Seed,Runtime,Run Length,Run Result Code,Run Quality,SMAC Iteration,SMAC Cumulative Runtime,Run Result,Additional Algorithm Run Data,Wall Clock Time,
1,1,535,5.05538415909,0,2000.0,-1,5.05538415909,0.0,1,0.0,0,5.05538415909,SAT,,5.288,
2,1,1389,21.0206241608,0,2000.0,-1,21.0206241608,0.0,1,0.0,1,26.07600831989,SAT,,23.011,
3,2,1389,23.4246418476,0,28.329412535178665,-1,23.4246418476,0.0,1,0.0,1,49.50065016749,SAT,,23.496,
4,1,1081,5.51304006577,0,2000.0,-1,5.51304006577,0.0,1,0.0,1,55.01369023326,SAT,,5.601,
5,3,535,3.39665699005,0,7.574600436139107,-1,3.39665699005,0.0,1,0.0,1,58.41034722331,SAT,,3.46,
6,3,1389,22.4264669418,0,37.65530883182883,-1,22.4264669418,0.0,1,0.0,1,80.83681416511,SAT,,22.488,
7,3,1081,5.29587316513,0,8.500902437019349,-1,5.29587316513,0.0,1,0.0,1,86.13268733024,SAT,,5.338,
