Run Number,Run History Configuration ID,Instance ID,Response Value (y),Censored?,Cutoff Time Used,Seed,Runtime,Run Length,Run Result Code,Run Quality,SMAC Iteration,SMAC Cumulative Runtime,Run Result,Additional Algorithm Run Data,Wall Clock Time,
1,1,535,6.02255010605,0,2000.0,-1,6.02255010605,0.0,1,0.0,0,6.02255010605,SAT,,6.294,
2,1,1389,443.037546873,0,2000.0,-1,443.037546873,0.0,1,0.0,1,449.06009697905,SAT,,443.098,
3,2,1389,1810.33872986,0,576.9514116350293,-1,1810.33872986,0.0,1,0.0,1,2259.39882683905,SAT,,1810.407,
4,1,1081,57.9982540607,0,2000.0,-1,57.9982540607,0.0,1,0.0,1,2317.39708089975,SAT,,58.181,
5,3,535,4.01051402092,0,8.831915527927876,-1,4.01051402092,0.0,1,0.0,1,2321.40759492067,SAT,,4.077,
6,3,1389,24.2708940506,0,654.9673889655352,-1,24.2708940506,0.0,1,0.0,1,2345.67848897127,SAT,,24.302,
7,3,1081,5.51245188713,0,623.4152267578721,-1,5.51245188713,0.0,1,0.0,1,2351.1909408583997,SAT,,5.555,
