Run Number,Run History Configuration ID,Instance ID,Response Value (y),Censored?,Cutoff Time Used,Seed,Runtime,Run Length,Run Result Code,Run Quality,SMAC Iteration,SMAC Cumulative Runtime,Run Result,Additional Algorithm Run Data,Wall Clock Time,
1,1,535,12.353497982,0,2000.0,-1,12.353497982,0.0,1,0.0,0,12.353497982,SAT,,12.817,
2,1,1389,983.832520008,0,2000.0,-1,983.832520008,0.0,1,0.0,1,996.18601799,SAT,,984.178,
3,2,1389,548.379704952,0,1279.98487687518,-1,548.379704952,0.0,1,0.0,1,1544.5657229419999,SAT,,556.176,
4,2,535,133.603782892,0,583.1521071385324,-1,133.603782892,0.0,1,0.0,1,1678.169505834,SAT,,136.076,
