Run Number,Run History Configuration ID,Instance ID,Response Value (y),Censored?,Cutoff Time Used,Seed,Runtime,Run Length,Run Result Code,Run Quality,SMAC Iteration,SMAC Cumulative Runtime,Run Result,Additional Algorithm Run Data,Wall Clock Time,
1,1,30,1272.9089911,0,2000.0,-1,1272.9089911,0.0,2,0.0,0,1272.9089911,UNSAT,,1273.139,
2,1,116,58.5456521511,0,2000.0,-1,58.5456521511,0.0,2,0.0,1,1331.4546432511002,UNSAT,,58.623,
3,2,116,347.163292885,0,77.1119489226222,-1,347.163292885,0.0,2,0.0,1,1678.6179361361,UNSAT,,347.207,
4,1,257,13.8651440144,0,2000.0,-1,13.8651440144,0.0,2,0.0,1,1692.4830801505,UNSAT,,13.997,
5,3,116,2000.0,0,77.1119489226222,-1,771.8512499999999,0.0,-1,1.0E9,1,2464.3343301505,CRASHED,Run Exceeded Captime -- Treating as CRASHED;Killed Manually,812.475,
