Run Number,Run History Configuration ID,Instance ID,Response Value (y),Censored?,Cutoff Time Used,Seed,Runtime,Run Length,Run Result Code,Run Quality,SMAC Iteration,SMAC Cumulative Runtime,Run Result,Additional Algorithm Run Data,Wall Clock Time,
1,1,437,900.0,0,900.0,-1,90000.0,0.0,-1,1.0E9,0,90000.0,CRASHED,,5.835,
2,1,239,900.0,0,900.0,-1,90000.0,0.0,-1,1.0E9,1,180000.0,CRASHED,,116.021,
3,2,239,82.1464819908,0,900.0,-1,82.1464819908,0.0,1,0.0,1,180082.1464819908,SAT,,82.19,
4,2,437,900.0,0,900.0,-1,90000.0,0.0,0,0.0,1,270082.1464819908,TIMEOUT,,1881.938,
5,2,572,900.0,0,900.0,-1,90000.0,0.0,0,0.0,1,360082.1464819908,TIMEOUT,,1882.009,
6,3,437,881.926052094,0,900.0,-1,881.926052094,0.0,1,0.0,1,360964.0725340848,SAT,,881.953,
7,3,572,882.095446825,0,900.0,-1,882.095446825,0.0,1,0.0,1,361846.1679809098,SAT,,882.151,
8,3,239,7.77446913719,0,900.0,-1,7.77446913719,0.0,1,0.0,1,361853.942450047,SAT,,7.812,
