Run Number,Run History Configuration ID,Instance ID,Response Value (y),Censored?,Cutoff Time Used,Seed,Runtime,Run Length,Run Result Code,Run Quality,SMAC Iteration,SMAC Cumulative Runtime,Run Result,Additional Algorithm Run Data,Wall Clock Time,
1,1,136,24.8390419483,0,2000.0,-1,24.8390419483,0.0,2,0.0,0,24.8390419483,UNSAT,,24.99,
2,1,18,126.199111938,0,2000.0,-1,126.199111938,0.0,2,0.0,1,151.0381538863,UNSAT,,126.246,
3,2,18,412.819100857,0,165.0614462684572,-1,412.819100857,0.0,2,0.0,1,563.8572547433,UNSAT,,412.894,
4,1,35,409.436205864,0,2000.0,-1,409.436205864,0.0,2,0.0,1,973.2934606073,UNSAT,,409.501,
5,3,18,332.740800142,0,165.0614462684572,-1,332.740800142,0.0,2,0.0,1,1306.0342607492998,UNSAT,,332.803,
