Run Number,Run History Configuration ID,Instance ID,Response Value (y),Censored?,Cutoff Time Used,Seed,Runtime,Run Length,Run Result Code,Run Quality,SMAC Iteration,SMAC Cumulative Runtime,Run Result,Additional Algorithm Run Data,Wall Clock Time,
1,1,99,1000.0,0,1000.0,-1,90000.0,0.0,-1,1.0E9,0,90000.0,CRASHED,,5.876,
2,1,39,4.78424596786,0,1000.0,-1,4.78424596786,0.0,1,0.0,1,90004.78424596786,SAT,,4.834,
3,2,99,9.8976559639,0,1000.0,-1,9.8976559639,0.0,1,0.0,1,90014.68190193176,SAT,,9.926,
4,2,39,8.60392904282,0,1000.0,-1,8.60392904282,0.0,1,0.0,1,90023.28583097458,SAT,,8.645,
5,2,15,6.26758909225,0,1000.0,-1,6.26758909225,0.0,1,0.0,1,90029.55342006683,SAT,,6.311,
6,3,15,1000.0,0,9.150466684597731,-1,92.2697,0.0,-1,1.0E9,1,90121.82312006684,CRASHED,Run Exceeded Captime -- Treating as CRASHED;Killed Manually,97.126,
