Run Number,Run History Configuration ID,Instance ID,Response Value (y),Censored?,Cutoff Time Used,Seed,Runtime,Run Length,Run Result Code,Run Quality,SMAC Iteration,SMAC Cumulative Runtime,Run Result,Additional Algorithm Run Data,Wall Clock Time,
1,1,520,1803.96519303,0,2000.0,-1,1803.96519303,0.0,1,0.0,0,1803.96519303,SAT,,1804.413,
2,1,1142,231.707974911,0,2000.0,-1,231.707974911,0.0,1,0.0,1,2035.673167941,SAT,,231.767,
3,2,520,1804.54113817,0,2000.0,-1,1804.54113817,0.0,1,0.0,1,3840.214306111,SAT,,1804.647,
4,1,1659,2203.54592586,0,2000.0,-1,2203.54592586,0.0,2,0.0,1,6043.760231971,UNSAT,,2203.637,
5,3,520,584.860295057,0,2000.0,-1,584.860295057,0.0,1,0.0,1,6628.620527028001,SAT,,584.953,
6,3,1659,2044.15052509,0,2000.0,-1,2044.15052509,0.0,2,0.0,1,8672.771052118002,UNSAT,,2044.204,
7,3,1142,374.95153594,0,2000.0,-1,374.95153594,0.0,1,0.0,1,9047.722588058,SAT,,375.008,
