Run Number,Run History Configuration ID,Instance ID,Response Value (y),Censored?,Cutoff Time Used,Seed,Runtime,Run Length,Run Result Code,Run Quality,SMAC Iteration,SMAC Cumulative Runtime,Run Result,Additional Algorithm Run Data,Wall Clock Time,
1,1,162,53.482530117,0,2000.0,-1,53.482530117,0.0,1,0.0,0,53.482530117,SAT,,53.704,
2,1,1319,2474.01183319,0,2000.0,-1,2474.01183319,0.0,1,0.0,1,2527.4943633069997,SAT,,2474.079,
3,2,1319,3171.43859982,0,2000.0,-1,3171.43859982,0.0,1,0.0,1,5698.932963126999,SAT,,3171.565,
4,1,841,4.18912291527,0,2000.0,-1,4.18912291527,0.0,1,0.0,1,5703.122086042269,SAT,,4.235,
5,3,1319,2753.6527822,0,2000.0,-1,2753.6527822,0.0,1,0.0,1,8456.774868242268,SAT,,2753.701,
