Run Number,Run History Configuration ID,Instance ID,Response Value (y),Censored?,Cutoff Time Used,Seed,Runtime,Run Length,Run Result Code,Run Quality,SMAC Iteration,SMAC Cumulative Runtime,Run Result,Additional Algorithm Run Data,Wall Clock Time,
1,1,162,53.482530117,0,2000.0,-1,53.482530117,0.0,1,0.0,0,53.482530117,SAT,,53.704,
2,1,1319,2474.01183319,0,2000.0,-1,2474.01183319,0.0,1,0.0,1,2527.4943633069997,SAT,,2474.079,
3,2,1319,3171.43859982,0,2000.0,-1,3171.43859982,0.0,1,0.0,1,5698.932963126999,SAT,,3171.565,
4,1,841,4.18912291527,0,2000.0,-1,4.18912291527,0.0,1,0.0,1,5703.122086042269,SAT,,4.235,
5,3,1319,2753.6527822,0,2000.0,-1,2753.6527822,0.0,1,0.0,1,8456.774868242268,SAT,,2753.701,
6,1,2662,888.874444008,0,2000.0,-1,888.874444008,0.0,1,0.0,2,9345.649312250269,SAT,,889.007,
7,4,1319,3089.13699293,0,2000.0,-1,3089.13699293,0.0,1,0.0,2,12434.786305180269,SAT,,3089.211,
8,1,1393,1162.62460589,0,2000.0,-1,1162.62460589,0.0,1,0.0,2,13597.410911070268,SAT,,1162.696,
9,5,1319,4009.30735898,0,2000.0,-1,4009.30735898,0.0,1,0.0,2,17606.718270050267,SAT,,4009.434,
