Run Number,Run History Configuration ID,Instance ID,Response Value (y),Censored?,Cutoff Time Used,Seed,Runtime,Run Length,Run Result Code,Run Quality,SMAC Iteration,SMAC Cumulative Runtime,Run Result,Additional Algorithm Run Data,Wall Clock Time,
1,1,76,5.48918318748,0,2000.0,-1,5.48918318748,0.0,2,0.0,0,5.48918318748,UNSAT,,5.632,
2,1,153,64.5964620113,0,2000.0,-1,64.5964620113,0.0,1,0.0,1,70.08564519878,SAT,,64.635,
3,2,76,5.15052008629,0,8.1385389793396,-1,5.15052008629,0.0,2,0.0,1,75.23616528507,UNSAT,,5.197,
4,2,153,126.829007864,0,85.4195636588812,-1,126.829007864,0.0,1,0.0,1,202.06517314907,SAT,,126.85,
5,1,26,5.99367022514,0,2000.0,-1,5.99367022514,0.0,2,0.0,1,208.05884337421,UNSAT,,6.11,
6,3,153,2000.0,0,84.97800099511744,-1,850.7221499999999,0.0,-1,1.0E9,1,1058.7809933742099,CRASHED,Run Exceeded Captime -- Treating as CRASHED;Killed Manually,895.497,
