Run Number,Run History Configuration ID,Instance ID,Response Value (y),Censored?,Cutoff Time Used,Seed,Runtime,Run Length,Run Result Code,Run Quality,SMAC Iteration,SMAC Cumulative Runtime,Run Result,Additional Algorithm Run Data,Wall Clock Time,
1,1,144,1000.0,0,1000.0,-1,90000.0,0.0,0,0.0,0,90000.0,TIMEOUT,,1882.048,
2,1,55,1000.0,0,1000.0,-1,90000.0,0.0,-1,1.0E9,1,180000.0,CRASHED,,3.926,
3,2,144,1000.0,0,1000.0,-1,90000.0,0.0,0,0.0,1,270000.0,TIMEOUT,,1881.778,
4,2,55,4.79146790504,0,1000.0,-1,4.79146790504,0.0,1,0.0,1,270004.79146790504,SAT,,4.827,
5,2,127,881.767220974,0,1000.0,-1,881.767220974,0.0,1,0.0,1,270886.5586888791,SAT,,881.814,
6,3,55,3.53173303604,0,7.231509209024907,-1,3.53173303604,0.0,1,0.0,1,270890.0904219151,SAT,,3.571,
7,3,127,881.636962175,0,1000.0,-1,881.636962175,0.0,1,0.0,1,271771.72738409013,SAT,,881.663,
8,3,144,1000.0,0,1000.0,-1,90000.0,0.0,0,0.0,1,361771.72738409013,TIMEOUT,,1881.607,
