Run Number,Run History Configuration ID,Instance ID,Response Value (y),Censored?,Cutoff Time Used,Seed,Runtime,Run Length,Run Result Code,Run Quality,SMAC Iteration,SMAC Cumulative Runtime,Run Result,Additional Algorithm Run Data,Wall Clock Time,
1,1,275,900.0,0,900.0,-1,90000.0,0.0,-1,1.0E9,0,90000.0,CRASHED,,5.535,
2,1,384,900.0,0,900.0,-1,90000.0,0.0,-1,1.0E9,1,180000.0,CRASHED,,6.527,
3,2,384,900.0,0,900.0,-1,90000.0,0.0,0,0.0,1,270000.0,TIMEOUT,,1882.832,
4,2,275,5.38159394264,0,900.0,-1,5.38159394264,0.0,1,0.0,1,270005.38159394264,SAT,,5.412,
5,2,295,6.29105901718,0,900.0,-1,6.29105901718,0.0,1,0.0,1,270011.6726529598,SAT,,6.333,
6,3,275,5.43455600739,0,7.9986724428564315,-1,5.43455600739,0.0,1,0.0,1,270017.1072089672,SAT,,5.483,
