Run Number,Run History Configuration ID,Instance ID,Response Value (y),Censored?,Cutoff Time Used,Seed,Runtime,Run Length,Run Result Code,Run Quality,SMAC Iteration,SMAC Cumulative Runtime,Run Result,Additional Algorithm Run Data,Wall Clock Time,
1,1,566,10.4504170418,0,2000.0,-1,10.4504170418,0.0,1,0.0,0,10.4504170418,SAT,,10.654,
2,1,1075,259.127861023,0,2000.0,-1,259.127861023,0.0,1,0.0,1,269.5782780648,SAT,,259.215,
3,2,566,17.5895998478,0,14.588142641234398,-1,17.5895998478,0.0,1,0.0,1,287.1678779126,SAT,,17.678,
4,1,207,11.6417050362,0,2000.0,-1,11.6417050362,0.0,1,0.0,1,298.80958294879997,SAT,,11.683,
5,3,1075,1803.73890209,0,337.86881946806903,-1,1803.73890209,0.0,1,0.0,1,2102.5484850388,SAT,,1803.823,
