Run Number,Run History Configuration ID,Instance ID,Response Value (y),Censored?,Cutoff Time Used,Seed,Runtime,Run Length,Run Result Code,Run Quality,SMAC Iteration,SMAC Cumulative Runtime,Run Result,Additional Algorithm Run Data,Wall Clock Time,
1,1,95,100.164179802,0,2000.0,-1,100.164179802,0.0,2,0.0,0,100.164179802,UNSAT,,100.369,
2,1,220,30.5984349251,0,2000.0,-1,30.5984349251,0.0,1,0.0,1,130.76261472710001,SAT,,30.658,
3,2,220,2000.0,0,40.78056652878523,-1,408.5798,0.0,-1,1.0E9,1,539.3424147271,CRASHED,Run Exceeded Captime -- Treating as CRASHED;Killed Manually,430.084,
4,1,74,90.9425239563,0,2000.0,-1,90.9425239563,0.0,2,0.0,1,630.2849386834,UNSAT,,90.982,
5,3,74,17.1775920391,0,119.22788199816944,-1,17.1775920391,0.0,2,0.0,1,647.4625307225,UNSAT,,17.209,
6,3,220,297.199037075,0,266.89101158489586,-1,297.199037075,0.0,1,0.0,1,944.6615677975,SAT,,297.245,
