Run Number,Run History Configuration ID,Instance ID,Response Value (y),Censored?,Cutoff Time Used,Seed,Runtime,Run Length,Run Result Code,Run Quality,SMAC Iteration,SMAC Cumulative Runtime,Run Result,Additional Algorithm Run Data,Wall Clock Time,
1,1,29,1000.0,0,1000.0,-1,90000.0,0.0,-1,1.0E9,0,90000.0,CRASHED,,19.022,
2,1,71,1000.0,0,1000.0,-1,90000.0,0.0,-1,1.0E9,1,180000.0,CRASHED,,6.52,
3,2,29,6.38407993317,0,1000.0,-1,6.38407993317,0.0,1,0.0,1,180006.38407993317,SAT,,6.416,
4,2,71,4.6915500164,0,1000.0,-1,4.6915500164,0.0,1,0.0,1,180011.07562994957,SAT,,4.724,
5,2,81,3.72517490387,0,1000.0,-1,3.72517490387,0.0,1,0.0,1,180014.80080485344,SAT,,3.75,
6,3,29,1000.0,0,9.301904671239853,-1,93.69945,0.0,-1,1.0E9,1,180108.50025485342,CRASHED,Run Exceeded Captime -- Treating as CRASHED;Killed Manually,98.631,
