Run Number,Run History Configuration ID,Instance ID,Response Value (y),Censored?,Cutoff Time Used,Seed,Runtime,Run Length,Run Result Code,Run Quality,SMAC Iteration,SMAC Cumulative Runtime,Run Result,Additional Algorithm Run Data,Wall Clock Time,
1,1,57,900.0,0,900.0,-1,90000.0,0.0,-1,1.0E9,0,90000.0,CRASHED,,9.705,
2,1,553,900.0,0,900.0,-1,90000.0,0.0,-1,1.0E9,1,180000.0,CRASHED,,5.181,
3,2,553,4.32854819298,0,900.0,-1,4.32854819298,0.0,1,0.0,1,180004.32854819298,SAT,,4.353,
4,2,57,194.012830973,0,900.0,-1,194.012830973,0.0,1,0.0,1,180198.34137916597,SAT,,194.031,
5,2,4,50.8154029846,0,900.0,-1,50.8154029846,0.0,1,0.0,1,180249.15678215056,SAT,,50.848,
6,3,4,900.0,0,67.06262469139993,-1,90000.0,0.0,-1,1.0E9,1,270249.15678215056,CRASHED,,8.927,
