Run Number,Run History Configuration ID,Instance ID,Response Value (y),Censored?,Cutoff Time Used,Seed,Runtime,Run Length,Run Result Code,Run Quality,SMAC Iteration,SMAC Cumulative Runtime,Run Result,Additional Algorithm Run Data,Wall Clock Time,
1,1,90,4.0919919014,0,2000.0,-1,4.0919919014,0.0,1,0.0,0,4.0919919014,SAT,,4.204,
2,1,146,10.3865840435,0,2000.0,-1,10.3865840435,0.0,1,0.0,1,14.4785759449,SAT,,10.506,
3,2,90,4.01839089394,0,6.322189968425036,-1,4.01839089394,0.0,1,0.0,1,18.49696683884,SAT,,4.103,
4,2,146,2000.0,0,14.602140978324414,-1,146.9118,0.0,-1,1.0E9,1,165.40876683884,CRASHED,Run Exceeded Captime -- Treating as CRASHED;Killed Manually,154.644,
5,1,71,5.96631193161,0,2000.0,-1,5.96631193161,0.0,2,0.0,1,171.37507877045,UNSAT,,6.107,
6,3,146,2000.0,0,14.50515993719101,-1,145.93615,0.0,-1,1.0E9,1,317.31122877045,CRASHED,Run Exceeded Captime -- Treating as CRASHED;Killed Manually,153.617,
