Run Number,Run History Configuration ID,Instance ID,Response Value (y),Censored?,Cutoff Time Used,Seed,Runtime,Run Length,Run Result Code,Run Quality,SMAC Iteration,SMAC Cumulative Runtime,Run Result,Additional Algorithm Run Data,Wall Clock Time,
1,1,127,1000.0,0,1000.0,-1,90000.0,0.0,0,0.0,0,90000.0,TIMEOUT,,1882.679,
2,1,64,1000.0,0,1000.0,-1,90000.0,0.0,-1,1.0E9,1,180000.0,CRASHED,,4.708,
3,2,64,5.282736063,0,1000.0,-1,5.282736063,0.0,1,0.0,1,180005.282736063,SAT,,5.329,
4,2,127,1000.0,0,1000.0,-1,90000.0,0.0,0,0.0,1,270005.282736063,TIMEOUT,,1881.792,
5,2,131,3.44468903542,0,1000.0,-1,3.44468903542,0.0,1,0.0,1,270008.7274250984,SAT,,3.498,
6,3,64,1000.0,0,7.870157610970736,-1,90000.0,0.0,-1,1.0E9,1,360008.7274250984,CRASHED,,5.807,
