Run Number,Run History Configuration ID,Instance ID,Response Value (y),Censored?,Cutoff Time Used,Seed,Runtime,Run Length,Run Result Code,Run Quality,SMAC Iteration,SMAC Cumulative Runtime,Run Result,Additional Algorithm Run Data,Wall Clock Time,
1,1,155,108.009100199,0,2000.0,-1,108.009100199,0.0,2,0.0,0,108.009100199,UNSAT,,108.126,
2,1,100,7.15137696266,0,2000.0,-1,7.15137696266,0.0,2,0.0,1,115.16047716166,UNSAT,,7.286,
3,2,155,139.928524017,0,141.414430261004,-1,139.928524017,0.0,2,0.0,1,255.08900117866,UNSAT,,139.955,
4,1,115,5.01605010033,0,2000.0,-1,5.01605010033,0.0,1,0.0,1,260.10505127899,SAT,,5.162,
5,3,100,5.51291489601,0,10.299390916126967,-1,5.51291489601,0.0,2,0.0,1,265.617966175,UNSAT,,5.543,
6,3,155,74.4627699852,0,150.06789666448833,-1,74.4627699852,0.0,2,0.0,1,340.0807361602,UNSAT,,74.498,
7,3,115,10.158932209,0,53.266296245503426,-1,10.158932209,0.0,1,0.0,1,350.2396683692,SAT,,10.191,
