Run Number,Run History Configuration ID,Instance ID,Response Value (y),Censored?,Cutoff Time Used,Seed,Runtime,Run Length,Run Result Code,Run Quality,SMAC Iteration,SMAC Cumulative Runtime,Run Result,Additional Algorithm Run Data,Wall Clock Time,
1,1,1682,252.040982962,0,2000.0,-1,252.040982962,0.0,2,0.0,0,252.040982962,UNSAT,,252.414,
2,1,812,381.195964098,0,2000.0,-1,381.195964098,0.0,1,0.0,1,633.2369470599999,SAT,,381.244,
3,2,1682,1804.06774116,0,328.65587844361664,-1,1804.06774116,0.0,2,0.0,1,2437.3046882199997,UNSAT,,1804.139,
4,1,99,6.18541407585,0,2000.0,-1,6.18541407585,0.0,1,0.0,1,2443.4901022958497,SAT,,6.289,
5,3,99,2000.0,0,9.043638863015175,-1,91.0081,0.0,-1,1.0E9,1,2534.4982022958498,CRASHED,Run Exceeded Captime -- Treating as CRASHED;Killed Manually,95.798,
