Run Number,Run History Configuration ID,Instance ID,Response Value (y),Censored?,Cutoff Time Used,Seed,Runtime,Run Length,Run Result Code,Run Quality,SMAC Iteration,SMAC Cumulative Runtime,Run Result,Additional Algorithm Run Data,Wall Clock Time,
1,1,66,1812.19259501,0,2000.0,-1,1812.19259501,0.0,2,0.0,0,1812.19259501,UNSAT,,1812.331,
2,1,104,9.46910905838,0,2000.0,-1,9.46910905838,0.0,1,0.0,1,1821.66170406838,SAT,,9.525,
3,2,66,1820.19974089,0,2000.0,-1,1820.19974089,0.0,2,0.0,1,3641.86144495838,UNSAT,,1820.249,
4,1,132,4.90069890022,0,2000.0,-1,4.90069890022,0.0,1,0.0,1,3646.7621438586,SAT,,4.936,
5,3,104,2000.0,0,13.312442776161433,-1,134.05355,0.0,-1,1.0E9,1,3780.8156938586003,CRASHED,Run Exceeded Captime -- Treating as CRASHED;Killed Manually,141.109,
6,1,43,4.52327203751,0,2000.0,-1,4.52327203751,0.0,1,0.0,2,3785.3389658961105,SAT,,4.559,
7,4,43,5.32521486282,0,6.8828547265112405,-1,5.32521486282,0.0,1,0.0,2,3790.6641807589303,SAT,,5.356,
8,1,78,3.91260290146,0,2000.0,-1,3.91260290146,0.0,2,0.0,2,3794.5767836603904,UNSAT,,3.947,
9,5,78,4.95141196251,0,6.088984839963913,-1,4.95141196251,0.0,2,0.0,2,3799.5281956229005,UNSAT,,4.981,
