Run Number,Run History Configuration ID,Instance ID,Response Value (y),Censored?,Cutoff Time Used,Seed,Runtime,Run Length,Run Result Code,Run Quality,SMAC Iteration,SMAC Cumulative Runtime,Run Result,Additional Algorithm Run Data,Wall Clock Time,
1,1,58,1000.0,0,1000.0,-1,90000.0,0.0,-1,1.0E9,0,90000.0,CRASHED,,5.52,
2,1,31,1000.0,0,1000.0,-1,90000.0,0.0,-1,1.0E9,1,180000.0,CRASHED,,13.799,
3,2,31,1000.0,0,1000.0,-1,90000.0,0.0,0,0.0,1,270000.0,TIMEOUT,,1882.191,
4,2,58,4.33810997009,0,1000.0,-1,4.33810997009,0.0,1,0.0,1,270004.3381099701,SAT,,4.375,
5,2,94,9.03902316093,0,1000.0,-1,9.03902316093,0.0,1,0.0,1,270013.377133131,SAT,,9.075,
6,3,31,1000.0,0,1000.0,-1,90000.0,0.0,-1,1.0E9,1,360013.377133131,CRASHED,,51.462,
7,3,58,1000.0,0,18.395473610955477,-1,90000.0,0.0,-1,1.0E9,1,450013.377133131,CRASHED,,7.091,
