Run Number,Run History Configuration ID,Instance ID,Response Value (y),Censored?,Cutoff Time Used,Seed,Runtime,Run Length,Run Result Code,Run Quality,SMAC Iteration,SMAC Cumulative Runtime,Run Result,Additional Algorithm Run Data,Wall Clock Time,
1,1,7,9.281468153,0,2000.0,-1,9.281468153,0.0,2,0.0,0,9.281468153,UNSAT,,9.396,
2,1,142,4.15128993988,0,2000.0,-1,4.15128993988,0.0,1,0.0,1,13.43275809288,SAT,,4.172,
3,2,142,4.38526582718,0,6.399277679967881,-1,4.38526582718,0.0,1,0.0,1,17.81802392006,SAT,,4.451,
4,1,111,4.33766007423,0,2000.0,-1,4.33766007423,0.0,1,0.0,1,22.15568399429,SAT,,4.377,
5,3,142,2000.0,0,6.399277679967881,-1,64.68645,0.0,-1,1.0E9,1,86.84213399429,CRASHED,Run Exceeded Captime -- Treating as CRASHED;Killed Manually,68.091,
