Run Number,Run History Configuration ID,Instance ID,Response Value (y),Censored?,Cutoff Time Used,Seed,Runtime,Run Length,Run Result Code,Run Quality,SMAC Iteration,SMAC Cumulative Runtime,Run Result,Additional Algorithm Run Data,Wall Clock Time,
1,1,125,4.8791270256,0,2000.0,-1,4.8791270256,0.0,1,0.0,0,4.8791270256,SAT,,5.042,
2,1,121,3.94475793839,0,2000.0,-1,3.94475793839,0.0,1,0.0,1,8.82388496399,SAT,,4.063,
3,2,121,4.28415894508,0,6.130786136138439,-1,4.28415894508,0.0,1,0.0,1,13.10804390907,SAT,,4.318,
4,1,63,3.5883769989,0,2000.0,-1,3.5883769989,0.0,1,0.0,1,16.69642090797,SAT,,3.623,
5,3,63,3.37647199631,0,5.667491060096025,-1,3.37647199631,0.0,1,0.0,1,20.07289290428,SAT,,3.403,
6,3,125,4.34596610069,0,12.751727167862654,-1,4.34596610069,0.0,1,0.0,1,24.41885900497,SAT,,4.377,
7,3,121,3.59301114082,0,7.10197192465067,-1,3.59301114082,0.0,1,0.0,1,28.01187014579,SAT,,3.626,
