Run Number,Run History Configuration ID,Instance ID,Response Value (y),Censored?,Cutoff Time Used,Seed,Runtime,Run Length,Run Result Code,Run Quality,SMAC Iteration,SMAC Cumulative Runtime,Run Result,Additional Algorithm Run Data,Wall Clock Time,
1,1,2559,908.183389187,0,2000.0,-1,908.183389187,0.0,1,0.0,0,908.183389187,SAT,,908.548,
2,1,1471,311.313714981,0,2000.0,-1,311.313714981,0.0,1,0.0,1,1219.497104168,SAT,,311.363,
3,2,1471,1805.12723517,0,405.7104295942664,-1,1805.12723517,0.0,1,0.0,1,3024.624339338,SAT,,1805.197,
4,1,1763,578.567118883,0,2000.0,-1,578.567118883,0.0,1,0.0,1,3603.191458221,SAT,,578.619,
5,3,1763,2189.897578,0,753.1398554224253,-1,2189.897578,0.0,1,0.0,1,5793.089036221,SAT,,2189.962,
