Run Number,Run History Configuration ID,Instance ID,Response Value (y),Censored?,Cutoff Time Used,Seed,Runtime,Run Length,Run Result Code,Run Quality,SMAC Iteration,SMAC Cumulative Runtime,Run Result,Additional Algorithm Run Data,Wall Clock Time,
1,1,134,81.4093921185,0,2000.0,-1,81.4093921185,0.0,2,0.0,0,81.4093921185,UNSAT,,81.535,
2,1,130,44.9020731449,0,2000.0,-1,44.9020731449,0.0,2,0.0,1,126.3114652634,UNSAT,,45.089,
3,2,134,2000.0,0,106.8348098437965,-1,1068.89535,0.0,-1,1.0E9,1,1195.2068152634,CRASHED,Run Exceeded Captime -- Treating as CRASHED;Killed Manually,1125.153,
4,1,73,237.724215031,0,2000.0,-1,237.724215031,0.0,2,0.0,1,1432.9310302944,UNSAT,,237.767,
5,3,73,225.682394981,0,310.04407954250576,-1,225.682394981,0.0,2,0.0,1,1658.6134252754,UNSAT,,225.723,
6,3,130,1802.30840302,0,180.8644719313562,-1,1802.30840302,0.0,2,0.0,1,3460.9218282954,UNSAT,,1802.366,
