Run Number,Run History Configuration ID,Instance ID,Response Value (y),Censored?,Cutoff Time Used,Seed,Runtime,Run Length,Run Result Code,Run Quality,SMAC Iteration,SMAC Cumulative Runtime,Run Result,Additional Algorithm Run Data,Wall Clock Time,
1,1,505,900.0,0,900.0,-1,90000.0,0.0,-1,1.0E9,0,90000.0,CRASHED,,8.599,
2,1,145,900.0,0,900.0,-1,90000.0,0.0,-1,1.0E9,1,180000.0,CRASHED,,110.887,
3,2,505,900.0,0,900.0,-1,90000.0,0.0,-1,1.0E9,1,270000.0,CRASHED,,5.62,
4,2,145,900.0,0,900.0,-1,90000.0,0.0,-1,1.0E9,1,360000.0,CRASHED,,114.298,
5,1,18,900.0,0,900.0,-1,90000.0,0.0,-1,1.0E9,1,450000.0,CRASHED,,9.565,
6,3,18,900.0,0,900.0,-1,90000.0,0.0,0,0.0,1,540000.0,TIMEOUT,,1882.653,
7,3,145,27.0069279671,0,900.0,-1,27.0069279671,0.0,1,0.0,1,540027.0069279671,SAT,,27.085,
8,3,505,900.0,0,900.0,-1,90000.0,0.0,0,0.0,1,630027.0069279671,TIMEOUT,,1882.014,
