Run Number,Run History Configuration ID,Instance ID,Response Value (y),Censored?,Cutoff Time Used,Seed,Runtime,Run Length,Run Result Code,Run Quality,SMAC Iteration,SMAC Cumulative Runtime,Run Result,Additional Algorithm Run Data,Wall Clock Time,
1,1,564,900.0,0,900.0,-1,90000.0,0.0,-1,1.0E9,0,90000.0,CRASHED,,5.962,
2,1,309,900.0,0,900.0,-1,90000.0,0.0,-1,1.0E9,1,180000.0,CRASHED,,6.037,
3,2,564,4.64749598503,0,900.0,-1,4.64749598503,0.0,1,0.0,1,180004.64749598503,SAT,,4.676,
4,2,309,5.0425901413,0,900.0,-1,5.0425901413,0.0,1,0.0,1,180009.69008612633,SAT,,5.075,
5,2,274,5.41417002678,0,900.0,-1,5.41417002678,0.0,1,0.0,1,180015.1042561531,SAT,,5.467,
6,3,564,4.43018388748,0,7.044345073747635,-1,4.43018388748,0.0,1,0.0,1,180019.5344400406,SAT,,4.475,
7,3,274,5.05703902245,0,14.881494611847401,-1,5.05703902245,0.0,1,0.0,1,180024.59147906303,SAT,,5.076,
8,3,309,5.04151701927,0,8.307343403223157,-1,5.04151701927,0.0,1,0.0,1,180029.6329960823,SAT,,5.08,
