Run Number,Run History Configuration ID,Instance ID,Response Value (y),Censored?,Cutoff Time Used,Seed,Runtime,Run Length,Run Result Code,Run Quality,SMAC Iteration,SMAC Cumulative Runtime,Run Result,Additional Algorithm Run Data,Wall Clock Time,
1,1,1108,5.29565405846,0,2000.0,-1,5.29565405846,0.0,1,0.0,0,5.29565405846,SAT,,5.518,
2,1,2604,691.671468019,0,2000.0,-1,691.671468019,0.0,1,0.0,1,696.96712207746,SAT,,691.745,
3,2,2604,1813.25396299,0,900.17550912534,-1,1813.25396299,0.0,1,0.0,1,2510.22108506746,SAT,,1813.309,
4,1,2135,1067.35300493,0,2000.0,-1,1067.35300493,0.0,1,0.0,1,3577.57408999746,SAT,,1067.41,
5,3,2604,1821.23933196,0,900.17550912534,-1,1821.23933196,0.0,1,0.0,1,5398.81342195746,SAT,,1821.465,
6,1,1240,594.392295122,0,2000.0,-1,594.392295122,0.0,1,0.0,2,5993.205717079461,SAT,,594.432,
7,4,2135,2253.39013982,0,1388.561507489878,-1,2253.39013982,0.0,1,0.0,2,8246.595856899461,SAT,,2253.46,
8,1,1303,561.059982061,0,2000.0,-1,561.059982061,0.0,1,0.0,2,8807.655838960462,SAT,,561.125,
9,5,1240,1847.75563002,0,773.7125838067115,-1,1847.75563002,0.0,1,0.0,2,10655.411468980461,SAT,,1847.843,
