Run Number,Run History Configuration ID,Instance ID,Response Value (y),Censored?,Cutoff Time Used,Seed,Runtime,Run Length,Run Result Code,Run Quality,SMAC Iteration,SMAC Cumulative Runtime,Run Result,Additional Algorithm Run Data,Wall Clock Time,
1,1,1108,11.7507610321,0,2000.0,-1,11.7507610321,0.0,1,0.0,0,11.7507610321,SAT,,12.453,
2,1,2604,597.659297943,0,2000.0,-1,597.659297943,0.0,1,0.0,1,609.4100589750999,SAT,,597.845,
3,2,2604,1823.32516909,0,777.9596879970014,-1,1823.32516909,0.0,1,0.0,1,2432.7352280651,SAT,,1823.761,
4,1,2135,1050.857301,0,2000.0,-1,1050.857301,0.0,1,0.0,1,3483.5925290651,SAT,,1050.969,
5,3,2604,1811.68535185,0,777.9596879970014,-1,1811.68535185,0.0,1,0.0,1,5295.2778809151,SAT,,1811.775,
