Run Number,Run History Configuration ID,Instance ID,Response Value (y),Censored?,Cutoff Time Used,Seed,Runtime,Run Length,Run Result Code,Run Quality,SMAC Iteration,SMAC Cumulative Runtime,Run Result,Additional Algorithm Run Data,Wall Clock Time,
1,1,255,900.0,0,900.0,-1,90000.0,0.0,-1,1.0E9,0,90000.0,CRASHED,,128.576,
2,1,588,900.0,0,900.0,-1,90000.0,0.0,-1,1.0E9,1,180000.0,CRASHED,,6.882,
3,2,255,32.4605910778,0,900.0,-1,32.4605910778,0.0,1,0.0,1,180032.4605910778,SAT,,32.506,
4,2,588,900.0,0,900.0,-1,90000.0,0.0,0,0.0,1,270032.4605910778,TIMEOUT,,1882.062,
5,2,259,87.8195540905,0,900.0,-1,87.8195540905,0.0,1,0.0,1,270120.2801451683,SAT,,87.839,
6,3,255,900.0,0,43.201368747624755,-1,432.93969999999996,0.0,-1,1.0E9,1,270553.2198451683,CRASHED,Run Exceeded Captime -- Treating as CRASHED;Killed Manually,455.726,
