Run Number,Run History Configuration ID,Instance ID,Response Value (y),Censored?,Cutoff Time Used,Seed,Runtime,Run Length,Run Result Code,Run Quality,SMAC Iteration,SMAC Cumulative Runtime,Run Result,Additional Algorithm Run Data,Wall Clock Time,
1,1,2,2000.0,0,2000.0,-1,90000.0,0.0,-1,1.0E9,0,90000.0,CRASHED,,12.264,
2,1,234,2000.0,0,2000.0,-1,90000.0,0.0,-1,1.0E9,1,180000.0,CRASHED,,104.473,
3,2,234,2000.0,0,2000.0,-1,90000.0,0.0,-1,1.0E9,1,270000.0,CRASHED,,320.858,
4,2,2,67.3701119423,0,2000.0,-1,67.3701119423,0.0,1,0.0,1,270067.3701119423,SAT,,67.456,
5,2,43,2000.0,0,2000.0,-1,90000.0,0.0,0,0.0,1,360067.3701119423,TIMEOUT,,1883.101,
6,3,234,2000.0,0,2000.0,-1,90000.0,0.0,-1,1.0E9,1,450067.3701119423,CRASHED,,74.908,
7,3,43,2000.0,0,2000.0,-1,90000.0,0.0,-1,1.0E9,1,540067.3701119423,CRASHED,,10.536,
8,3,2,2000.0,0,88.58634660800101,-1,90000.0,0.0,-1,1.0E9,1,630067.3701119423,CRASHED,,7.5,
