Run Number,Run History Configuration ID,Instance ID,Response Value (y),Censored?,Cutoff Time Used,Seed,Runtime,Run Length,Run Result Code,Run Quality,SMAC Iteration,SMAC Cumulative Runtime,Run Result,Additional Algorithm Run Data,Wall Clock Time,
1,1,25,7.7638399601,0,2000.0,-1,7.7638399601,0.0,2,0.0,0,7.7638399601,UNSAT,,7.845,
2,1,116,5.97267985344,0,2000.0,-1,5.97267985344,0.0,1,0.0,1,13.73651981354,SAT,,6.089,
3,2,25,4.26323914528,0,11.095592648136616,-1,4.26323914528,0.0,2,0.0,1,17.99975895882,UNSAT,,4.304,
4,2,116,19.4236779213,0,13.319165900695324,-1,19.4236779213,0.0,1,0.0,1,37.42343688012,SAT,,19.441,
5,1,51,9.90464997292,0,2000.0,-1,9.90464997292,0.0,1,0.0,1,47.32808685304,SAT,,9.927,
6,3,25,9.2761759758,0,11.095592648136616,-1,9.2761759758,0.0,2,0.0,1,56.60426282884,UNSAT,,9.302,
