Run Number,Run History Configuration ID,Instance ID,Response Value (y),Censored?,Cutoff Time Used,Seed,Runtime,Run Length,Run Result Code,Run Quality,SMAC Iteration,SMAC Cumulative Runtime,Run Result,Additional Algorithm Run Data,Wall Clock Time,
1,1,55,900.0,0,900.0,-1,90000.0,0.0,-1,1.0E9,0,90000.0,CRASHED,,10.088,
2,1,434,900.0,0,900.0,-1,90000.0,0.0,-1,1.0E9,1,180000.0,CRASHED,,5.01,
3,2,55,226.680545807,0,900.0,-1,226.680545807,0.0,1,0.0,1,180226.680545807,SAT,,226.702,
4,2,434,900.0,0,900.0,-1,90000.0,0.0,0,0.0,1,270226.680545807,TIMEOUT,,1881.882,
5,2,29,93.2063140869,0,900.0,-1,93.2063140869,0.0,1,0.0,1,270319.8868598939,SAT,,93.235,
6,3,29,900.0,0,122.17080923576953,-1,90000.0,0.0,-1,1.0E9,1,360319.8868598939,CRASHED,,7.768,
