Run Number,Run History Configuration ID,Instance ID,Response Value (y),Censored?,Cutoff Time Used,Seed,Runtime,Run Length,Run Result Code,Run Quality,SMAC Iteration,SMAC Cumulative Runtime,Run Result,Additional Algorithm Run Data,Wall Clock Time,
1,1,1369,364.504786968,0,2000.0,-1,364.504786968,0.0,1,0.0,0,364.504786968,SAT,,364.769,
2,1,2054,533.734408855,0,2000.0,-1,533.734408855,0.0,1,0.0,1,898.239195823,SAT,,533.792,
3,2,2054,691.943652153,0,694.8573321927071,-1,691.943652153,0.0,1,0.0,1,1590.1828479760002,SAT,,692.004,
4,1,2612,120.552988052,0,2000.0,-1,120.552988052,0.0,1,0.0,1,1710.7358360280002,SAT,,120.618,
5,3,2054,1814.80846095,0,694.8573321927071,-1,1814.80846095,0.0,1,0.0,1,3525.544296978,SAT,,1814.837,
