Run Number,Run History Configuration ID,Instance ID,Response Value (y),Censored?,Cutoff Time Used,Seed,Runtime,Run Length,Run Result Code,Run Quality,SMAC Iteration,SMAC Cumulative Runtime,Run Result,Additional Algorithm Run Data,Wall Clock Time,
1,1,131,900.0,0,900.0,-1,90000.0,0.0,-1,1.0E9,0,90000.0,CRASHED,,299.425,
2,1,438,900.0,0,900.0,-1,90000.0,0.0,-1,1.0E9,1,180000.0,CRASHED,,5.78,
3,2,438,900.0,0,900.0,-1,90000.0,0.0,0,0.0,1,270000.0,TIMEOUT,,1881.834,
4,2,131,900.0,0,900.0,-1,90000.0,0.0,0,0.0,1,360000.0,TIMEOUT,,1883.162,
5,1,287,900.0,0,900.0,-1,90000.0,0.0,-1,1.0E9,1,450000.0,CRASHED,,5.287,
6,3,287,5.34259104729,0,900.0,-1,5.34259104729,0.0,1,0.0,1,450005.3425910473,SAT,,5.382,
7,3,438,881.735723019,0,900.0,-1,881.735723019,0.0,1,0.0,1,450887.0783140663,SAT,,881.779,
8,3,131,45.1403150558,0,900.0,-1,45.1403150558,0.0,1,0.0,1,450932.2186291221,SAT,,45.18,
