Run Number,Run History Configuration ID,Instance ID,Response Value (y),Censored?,Cutoff Time Used,Seed,Runtime,Run Length,Run Result Code,Run Quality,SMAC Iteration,SMAC Cumulative Runtime,Run Result,Additional Algorithm Run Data,Wall Clock Time,
1,1,163,900.0,0,900.0,-1,90000.0,0.0,-1,1.0E9,0,90000.0,CRASHED,,270.289,
2,1,137,900.0,0,900.0,-1,90000.0,0.0,-1,1.0E9,1,180000.0,CRASHED,,148.897,
3,2,163,313.718080044,0,900.0,-1,313.718080044,0.0,1,0.0,1,180313.718080044,SAT,,313.757,
4,2,137,900.0,0,900.0,-1,90000.0,0.0,0,0.0,1,270313.718080044,TIMEOUT,,1882.822,
5,2,383,900.0,0,900.0,-1,90000.0,0.0,0,0.0,1,360313.718080044,TIMEOUT,,1882.127,
6,3,383,900.0,0,900.0,-1,90000.0,0.0,-1,1.0E9,1,450313.718080044,CRASHED,,4.735,
7,3,137,900.0,0,900.0,-1,90000.0,0.0,-1,1.0E9,1,540313.718080044,CRASHED,,134.956,
8,3,163,900.0,0,408.83870464597936,-1,90000.0,0.0,-1,1.0E9,1,630313.718080044,CRASHED,,225.915,
