Run Number,Run History Configuration ID,Instance ID,Response Value (y),Censored?,Cutoff Time Used,Seed,Runtime,Run Length,Run Result Code,Run Quality,SMAC Iteration,SMAC Cumulative Runtime,Run Result,Additional Algorithm Run Data,Wall Clock Time,
1,1,63,1000.0,0,1000.0,-1,90000.0,0.0,-1,1.0E9,0,90000.0,CRASHED,,5.48,
2,1,127,1000.0,0,1000.0,-1,90000.0,0.0,0,0.0,1,180000.0,TIMEOUT,,1882.329,
3,2,63,6.7680618763,0,1000.0,-1,6.7680618763,0.0,1,0.0,1,180006.7680618763,SAT,,6.852,
4,2,127,1000.0,0,1000.0,-1,90000.0,0.0,0,0.0,1,270006.7680618763,TIMEOUT,,1881.892,
5,2,93,54.1064710617,0,1000.0,-1,54.1064710617,0.0,1,0.0,1,270060.874532938,SAT,,54.154,
6,3,127,1000.0,0,1000.0,-1,90000.0,0.0,0,0.0,1,360060.874532938,TIMEOUT,,1882.247,
7,3,93,1000.0,0,80.14209371839762,-1,90000.0,0.0,-1,1.0E9,1,450060.874532938,CRASHED,,7.466,
