Run Number,Run History Configuration ID,Instance ID,Response Value (y),Censored?,Cutoff Time Used,Seed,Runtime,Run Length,Run Result Code,Run Quality,SMAC Iteration,SMAC Cumulative Runtime,Run Result,Additional Algorithm Run Data,Wall Clock Time,
1,1,1201,19.7598631382,0,2000.0,-1,19.7598631382,0.0,1,0.0,0,19.7598631382,SAT,,20.043,
2,1,90,256.947664976,0,2000.0,-1,256.947664976,0.0,1,0.0,1,276.7075281142,SAT,,257.016,
3,2,90,9.93377685547,0,335.0345654304802,-1,9.93377685547,0.0,1,0.0,1,286.64130496967,SAT,,10.004,
4,2,1201,4.9784450531,0,347.8097769323468,-1,4.9784450531,0.0,1,0.0,1,291.61975002277,SAT,,5.002,
5,2,1404,1802.20781302,0,2000.0,-1,1802.20781302,0.0,1,0.0,1,2093.82756304277,SAT,,1802.287,
6,3,90,2000.0,0,13.916510612118245,-1,139.77349999999998,0.0,-1,1.0E9,1,2233.60106304277,CRASHED,Run Exceeded Captime -- Treating as CRASHED;Killed Manually,147.13,
