Run Number,Run History Configuration ID,Instance ID,Response Value (y),Censored?,Cutoff Time Used,Seed,Runtime,Run Length,Run Result Code,Run Quality,SMAC Iteration,SMAC Cumulative Runtime,Run Result,Additional Algorithm Run Data,Wall Clock Time,
1,1,140,1000.0,0,1000.0,-1,90000.0,0.0,-1,1.0E9,0,90000.0,CRASHED,,4.911,
2,1,16,1000.0,0,1000.0,-1,90000.0,0.0,-1,1.0E9,1,180000.0,CRASHED,,5.268,
3,2,16,4.49927806854,0,1000.0,-1,4.49927806854,0.0,1,0.0,1,180004.49927806854,SAT,,4.539,
4,2,140,1000.0,0,1000.0,-1,90000.0,0.0,0,0.0,1,270004.49927806854,TIMEOUT,,1881.789,
5,2,96,1000.0,0,1000.0,-1,90000.0,0.0,0,0.0,1,360004.49927806854,TIMEOUT,,1881.537,
6,3,96,1000.0,0,1000.0,-1,90000.0,0.0,-1,1.0E9,1,450004.49927806854,CRASHED,,4.662,
7,3,16,1000.0,0,1000.0,-1,90000.0,0.0,-1,1.0E9,1,540004.4992780685,CRASHED,,6.006,
8,3,140,1000.0,0,6.854262378412486,-1,90000.0,0.0,-1,1.0E9,1,630004.4992780685,CRASHED,,5.051,
