Run Number,Run History Configuration ID,Instance ID,Response Value (y),Censored?,Cutoff Time Used,Seed,Runtime,Run Length,Run Result Code,Run Quality,SMAC Iteration,SMAC Cumulative Runtime,Run Result,Additional Algorithm Run Data,Wall Clock Time,
1,1,43,3.54013395309,0,2000.0,-1,3.54013395309,0.0,1,0.0,0,3.54013395309,SAT,,3.702,
2,1,38,4.12363290787,0,2000.0,-1,4.12363290787,0.0,1,0.0,1,7.66376686096,SAT,,4.237,
3,2,43,4.58629202843,0,5.604774587202072,-1,4.58629202843,0.0,1,0.0,1,12.25005888939,SAT,,4.638,
4,1,156,1887.89369607,0,2000.0,-1,1887.89369607,0.0,2,0.0,1,1900.14375495939,UNSAT,,1887.923,
5,3,156,1911.47119188,0,2000.0,-1,1911.47119188,0.0,2,0.0,1,3811.61494683939,UNSAT,,1911.539,
6,1,133,4.46546506882,0,2000.0,-1,4.46546506882,0.0,1,0.0,2,3816.08041190821,SAT,,4.503,
7,4,38,4.4224588871,0,6.363322947520018,-1,4.4224588871,0.0,1,0.0,2,3820.50287079531,SAT,,4.467,
8,1,36,4.72466397285,0,2000.0,-1,4.72466397285,0.0,1,0.0,2,3825.2275347681602,SAT,,4.752,
9,5,38,4.87485289574,0,6.363322947520018,-1,4.87485289574,0.0,1,0.0,2,3830.1023876639,SAT,,4.91,
