Run Number,Run History Configuration ID,Instance ID,Response Value (y),Censored?,Cutoff Time Used,Seed,Runtime,Run Length,Run Result Code,Run Quality,SMAC Iteration,SMAC Cumulative Runtime,Run Result,Additional Algorithm Run Data,Wall Clock Time,
1,1,116,5.97267985344,0,2000.0,-1,5.97267985344,0.0,1,0.0,0,5.97267985344,SAT,,6.089,
2,1,81,7.00078606606,0,2000.0,-1,7.00078606606,0.0,1,0.0,1,12.9734659195,SAT,,7.042,
3,2,81,2000.0,0,10.103622440594435,-1,101.75545,0.0,-1,1.0E9,1,114.7289159195,CRASHED,Run Exceeded Captime -- Treating as CRASHED;Killed Manually,107.111,
4,1,72,4.1487159729,0,2000.0,-1,4.1487159729,0.0,2,0.0,1,118.87763189239999,UNSAT,,4.238,
5,3,81,2000.0,0,10.103622440594435,-1,101.7336,0.0,-1,1.0E9,1,220.61123189239999,CRASHED,Run Exceeded Captime -- Treating as CRASHED;Killed Manually,107.088,
6,1,41,6.26789498329,0,2000.0,-1,6.26789498329,0.0,1,0.0,2,226.87912687569,SAT,,6.306,
7,4,116,41.7313468456,0,8.767083928334714,-1,41.7313468456,0.0,1,0.0,2,268.61047372128996,SAT,,41.763,
8,1,45,5.27583003044,0,2000.0,-1,5.27583003044,0.0,1,0.0,2,273.88630375172994,SAT,,5.367,
9,5,81,23.0549938679,0,10.103622440594435,-1,23.0549938679,0.0,1,0.0,2,296.94129761962995,SAT,,23.08,
