Run Number,Run History Configuration ID,Instance ID,Response Value (y),Censored?,Cutoff Time Used,Seed,Runtime,Run Length,Run Result Code,Run Quality,SMAC Iteration,SMAC Cumulative Runtime,Run Result,Additional Algorithm Run Data,Wall Clock Time,
1,1,594,13.2442760468,0,2000.0,-1,13.2442760468,0.0,1,0.0,0,13.2442760468,SAT,,13.471,
2,1,1694,162.256340027,0,2000.0,-1,162.256340027,0.0,2,0.0,1,175.5006160738,UNSAT,,162.289,
3,2,594,25.7668399811,0,18.220159028071166,-1,25.7668399811,0.0,1,0.0,1,201.26745605489998,SAT,,25.804,
4,1,2268,5891.27707815,0,2000.0,-1,5891.27707815,0.0,1,0.0,1,6092.544534204901,SAT,,5891.334,
5,3,1694,1810.09125805,0,211.93584295769335,-1,1810.09125805,0.0,2,0.0,1,7902.6357922549005,UNSAT,,1810.142,
