Run Number,Run History Configuration ID,Instance ID,Response Value (y),Censored?,Cutoff Time Used,Seed,Runtime,Run Length,Run Result Code,Run Quality,SMAC Iteration,SMAC Cumulative Runtime,Run Result,Additional Algorithm Run Data,Wall Clock Time,
1,1,129,26.8220219612,0,2000.0,-1,26.8220219612,0.0,2,0.0,0,26.8220219612,UNSAT,,26.933,
2,1,267,55.6444070339,0,2000.0,-1,55.6444070339,0.0,1,0.0,1,82.4664289951,SAT,,55.864,
3,2,129,2000.0,0,35.87122912366986,-1,359.3812,0.0,-1,1.0E9,1,441.84762899509997,CRASHED,Run Exceeded Captime -- Treating as CRASHED;Killed Manually,378.296,
4,1,270,24.3307189941,0,2000.0,-1,24.3307189941,0.0,1,0.0,1,466.17834798919995,SAT,,24.439,
5,3,129,2000.0,0,35.87122912366986,-1,369.37519999999995,0.0,-1,1.0E9,1,835.5535479891998,CRASHED,Run Exceeded Captime -- Treating as CRASHED;Killed Manually,388.816,
6,1,152,117.628557205,0,2000.0,-1,117.628557205,0.0,2,0.0,2,953.1821051941998,UNSAT,,117.834,
7,4,270,106.655330896,0,32.632535498934985,-1,106.655330896,0.0,1,0.0,2,1059.8374360901998,SAT,,106.729,
8,1,94,218.52553606,0,2000.0,-1,218.52553606,0.0,2,0.0,2,1278.3629721501998,UNSAT,,218.572,
9,5,129,2000.0,0,35.87122912366986,-1,359.4515,0.0,-1,1.0E9,2,1637.8144721502,CRASHED,Run Exceeded Captime -- Treating as CRASHED;Killed Manually,378.37,
