Run Number,Run History Configuration ID,Instance ID,Response Value (y),Censored?,Cutoff Time Used,Seed,Runtime,Run Length,Run Result Code,Run Quality,SMAC Iteration,SMAC Cumulative Runtime,Run Result,Additional Algorithm Run Data,Wall Clock Time,
1,1,79,4.51259112358,0,2000.0,-1,4.51259112358,0.0,2,0.0,0,4.51259112358,UNSAT,,4.62,
2,1,147,101.688482046,0,2000.0,-1,101.688482046,0.0,1,0.0,1,106.20107316958,SAT,,101.831,
3,2,79,3.84160900116,0,6.868968986320496,-1,3.84160900116,0.0,2,0.0,1,110.04268217074,UNSAT,,3.878,
4,2,147,8.74142503738,0,134.07120433484317,-1,8.74142503738,0.0,1,0.0,1,118.78410720811999,SAT,,8.77,
5,2,46,1801.4776392,0,2000.0,-1,1801.4776392,0.0,1,0.0,1,1920.2617464081202,SAT,,1801.52,
6,3,46,14.3300080299,0,2000.0,-1,14.3300080299,0.0,1,0.0,1,1934.5917544380202,SAT,,14.406,
7,3,147,287.483078957,0,2000.0,-1,287.483078957,0.0,1,0.0,1,2222.07483339502,SAT,,287.532,
8,3,79,5.73519396782,0,1966.9270623367013,-1,5.73519396782,0.0,2,0.0,1,2227.81002736284,UNSAT,,5.787,
