Run Number,Run History Configuration ID,Instance ID,Response Value (y),Censored?,Cutoff Time Used,Seed,Runtime,Run Length,Run Result Code,Run Quality,SMAC Iteration,SMAC Cumulative Runtime,Run Result,Additional Algorithm Run Data,Wall Clock Time,
1,1,102,1000.0,0,1000.0,-1,90000.0,0.0,-1,1.0E9,0,90000.0,CRASHED,,5.388,
2,1,104,1000.0,0,1000.0,-1,90000.0,0.0,-1,1.0E9,1,180000.0,CRASHED,,17.156,
3,2,104,87.6377470493,0,1000.0,-1,87.6377470493,0.0,1,0.0,1,180087.6377470493,SAT,,87.721,
4,2,102,29.8865299225,0,1000.0,-1,29.8865299225,0.0,1,0.0,1,180117.52427697182,SAT,,29.931,
5,2,48,6.2658700943,0,1000.0,-1,6.2658700943,0.0,1,0.0,1,180123.79014706612,SAT,,6.31,
6,3,104,1000.0,0,114.93167224188448,-1,90000.0,0.0,-1,1.0E9,1,270123.7901470661,CRASHED,,22.398,
