Run Number,Run History Configuration ID,Instance ID,Response Value (y),Censored?,Cutoff Time Used,Seed,Runtime,Run Length,Run Result Code,Run Quality,SMAC Iteration,SMAC Cumulative Runtime,Run Result,Additional Algorithm Run Data,Wall Clock Time,
1,1,39,900.0,0,900.0,-1,90000.0,0.0,-1,1.0E9,0,90000.0,CRASHED,,11.782,
2,1,136,900.0,0,900.0,-1,90000.0,0.0,-1,1.0E9,1,180000.0,CRASHED,,135.904,
3,2,136,900.0,0,900.0,-1,90000.0,0.0,0,0.0,1,270000.0,TIMEOUT,,1882.617,
4,2,39,47.4846329689,0,900.0,-1,47.4846329689,0.0,1,0.0,1,270047.4846329689,SAT,,47.524,
5,2,357,7.48333001137,0,900.0,-1,7.48333001137,0.0,1,0.0,1,270054.96796298027,SAT,,7.517,
6,3,39,900.0,0,62.7326230317086,-1,90000.0,0.0,-1,1.0E9,1,360054.96796298027,CRASHED,,9.5,
