Run Number,Run History Configuration ID,Instance ID,Response Value (y),Censored?,Cutoff Time Used,Seed,Runtime,Run Length,Run Result Code,Run Quality,SMAC Iteration,SMAC Cumulative Runtime,Run Result,Additional Algorithm Run Data,Wall Clock Time,
1,1,47,15.8469519615,0,2000.0,-1,15.8469519615,0.0,1,0.0,0,15.8469519615,SAT,,15.964,
2,1,107,4.4995059967,0,2000.0,-1,4.4995059967,0.0,1,0.0,1,20.3464579582,SAT,,4.617,
3,2,47,3.92501711845,0,21.6036377366364,-1,3.92501711845,0.0,1,0.0,1,24.27147507665,SAT,,3.949,
4,2,107,16.6839268208,0,22.35177391057015,-1,16.6839268208,0.0,1,0.0,1,40.95540189745,SAT,,16.714,
5,1,132,4.90069890022,0,2000.0,-1,4.90069890022,0.0,1,0.0,1,45.85610079767,SAT,,4.936,
6,3,107,8.29875707626,0,6.851958379495144,-1,8.29875707626,0.0,1,0.0,1,54.15485787393,SAT,,8.322,
