Run Number,Run History Configuration ID,Instance ID,Response Value (y),Censored?,Cutoff Time Used,Seed,Runtime,Run Length,Run Result Code,Run Quality,SMAC Iteration,SMAC Cumulative Runtime,Run Result,Additional Algorithm Run Data,Wall Clock Time,
1,1,255,1801.93136597,0,2000.0,-1,1801.93136597,0.0,2,0.0,0,1801.93136597,UNSAT,,1802.117,
2,1,263,16.2663719654,0,2000.0,-1,16.2663719654,0.0,1,0.0,1,1818.1977379353998,SAT,,16.388,
3,2,263,15.5169658661,0,22.148883983838562,-1,15.5169658661,0.0,1,0.0,1,1833.7147038014998,SAT,,15.575,
4,2,255,1801.73352885,0,2000.0,-1,1801.73352885,0.0,2,0.0,1,3635.4482326515,UNSAT,,1801.761,
5,2,24,192.588587999,0,2000.0,-1,192.588587999,0.0,2,0.0,1,3828.0368206505,UNSAT,,192.623,
6,3,255,1802.0873301,0,2000.0,-1,1802.0873301,0.0,2,0.0,1,5630.1241507505,UNSAT,,1802.145,
