Run Number,Run History Configuration ID,Instance ID,Response Value (y),Censored?,Cutoff Time Used,Seed,Runtime,Run Length,Run Result Code,Run Quality,SMAC Iteration,SMAC Cumulative Runtime,Run Result,Additional Algorithm Run Data,Wall Clock Time,
1,1,255,900.0,0,900.0,-1,90000.0,0.0,-1,1.0E9,0,90000.0,CRASHED,,125.367,
2,1,287,900.0,0,900.0,-1,90000.0,0.0,-1,1.0E9,1,180000.0,CRASHED,,5.584,
3,2,287,5.46547412872,0,900.0,-1,5.46547412872,0.0,1,0.0,1,180005.46547412872,SAT,,5.506,
4,2,255,8.49500608444,0,900.0,-1,8.49500608444,0.0,1,0.0,1,180013.96048021317,SAT,,8.522,
5,2,95,900.0,0,900.0,-1,90000.0,0.0,0,0.0,1,270013.96048021317,TIMEOUT,,1882.82,
6,3,95,900.0,0,900.0,-1,90000.0,0.0,-1,1.0E9,1,360013.96048021317,CRASHED,,23.758,
7,3,287,900.0,0,19.153824502947927,-1,90000.0,0.0,-1,1.0E9,1,450013.96048021317,CRASHED,,7.009,
