Run Number,Run History Configuration ID,Instance ID,Response Value (y),Censored?,Cutoff Time Used,Seed,Runtime,Run Length,Run Result Code,Run Quality,SMAC Iteration,SMAC Cumulative Runtime,Run Result,Additional Algorithm Run Data,Wall Clock Time,
1,1,1,4.69356608391,0,2000.0,-1,4.69356608391,0.0,2,0.0,0,4.69356608391,UNSAT,,4.803,
2,1,5,7.04732894897,0,2000.0,-1,7.04732894897,0.0,2,0.0,1,11.740895032880001,UNSAT,,7.215,
3,2,5,5.51126408577,0,10.164128139960766,-1,5.51126408577,0.0,2,0.0,1,17.25215911865,UNSAT,,5.541,
4,2,1,2000.0,0,9.102420498031378,-1,92.625,0.0,-1,1.0E9,1,109.87715911865,CRASHED,Run Exceeded Captime -- Treating as CRASHED;Killed Manually,97.5,
5,1,93,6.65066695213,0,2000.0,-1,6.65066695213,0.0,1,0.0,1,116.52782607078,SAT,,7.462,
6,3,5,4.94184303284,0,10.164128139960766,-1,4.94184303284,0.0,2,0.0,1,121.46966910361999,UNSAT,,4.984,
7,3,93,2000.0,0,18.489834655421973,-1,185.8447,0.0,-1,1.0E9,1,307.31436910362,CRASHED,Run Exceeded Captime -- Treating as CRASHED;Killed Manually,195.626,
