Run Number,Run History Configuration ID,Instance ID,Response Value (y),Censored?,Cutoff Time Used,Seed,Runtime,Run Length,Run Result Code,Run Quality,SMAC Iteration,SMAC Cumulative Runtime,Run Result,Additional Algorithm Run Data,Wall Clock Time,
1,1,268,53.8141360283,0,2000.0,-1,53.8141360283,0.0,1,0.0,0,53.8141360283,SAT,,53.978,
2,1,20,330.189728975,0,2000.0,-1,330.189728975,0.0,2,0.0,1,384.0038650033,UNSAT,,330.29,
3,2,20,1802.29127789,0,430.24924815480705,-1,1802.29127789,0.0,2,0.0,1,2186.2951428933,UNSAT,,1802.345,
4,1,155,269.136756182,0,2000.0,-1,269.136756182,0.0,2,0.0,1,2455.4318990753,UNSAT,,269.341,
5,3,20,1802.26308107,0,430.24924815480705,-1,1802.26308107,0.0,2,0.0,1,4257.6949801453,UNSAT,,1802.306,
6,1,93,176.409546137,0,2000.0,-1,176.409546137,0.0,2,0.0,2,4434.1045262823,UNSAT,,176.664,
7,4,155,1036.12364793,0,350.88038396869894,-1,1036.12364793,0.0,2,0.0,2,5470.2281742123,UNSAT,,1036.22,
8,1,219,24.8305749893,0,2000.0,-1,24.8305749893,0.0,1,0.0,2,5495.058749201599,SAT,,24.941,
9,5,219,2000.0,0,33.2823479439795,-1,333.47849999999994,0.0,-1,1.0E9,2,5828.5372492015995,CRASHED,Run Exceeded Captime -- Treating as CRASHED;Killed Manually,351.03,
