Run Number,Run History Configuration ID,Instance ID,Response Value (y),Censored?,Cutoff Time Used,Seed,Runtime,Run Length,Run Result Code,Run Quality,SMAC Iteration,SMAC Cumulative Runtime,Run Result,Additional Algorithm Run Data,Wall Clock Time,
1,1,325,4.05779194832,0,2000.0,-1,4.05779194832,0.0,1,0.0,0,4.05779194832,SAT,,4.25,
2,1,441,537.736093998,0,2000.0,-1,537.736093998,0.0,1,0.0,1,541.79388594632,SAT,,537.779,
3,2,325,4.33170986176,0,6.2777299325644975,-1,4.33170986176,0.0,1,0.0,1,546.12559580808,SAT,,4.404,
4,1,694,4.60682487488,0,2000.0,-1,4.60682487488,0.0,1,0.0,1,550.73242068296,SAT,,4.625,
5,3,325,2000.0,0,6.2777299325644975,-1,63.728849999999994,0.0,-1,1.0E9,1,614.4612706829599,CRASHED,Run Exceeded Captime -- Treating as CRASHED;Killed Manually,67.083,
6,1,2404,2472.036937,0,2000.0,-1,2472.036937,0.0,1,0.0,2,3086.4982076829597,SAT,,2472.091,
7,4,441,1193.30695391,0,700.0595232363522,-1,1193.30695391,0.0,1,0.0,2,4279.80516159296,SAT,,1193.367,
8,1,2479,538.370887995,0,2000.0,-1,538.370887995,0.0,1,0.0,2,4818.17604958796,SAT,,538.685,
9,5,325,4.63910889626,0,6.2777299325644975,-1,4.63910889626,0.0,1,0.0,2,4822.81515848422,SAT,,4.703,
